3.7423946196213365e-05
4.3391566578065977e-05
3.731439574039541e-05
4.610584437614307e-05
3.795227894443087e-05
3.524662315612659e-05
3.906606798409484e-05
4.077829362358898e-05
4.421445555635728e-05
4.084272950422019e-05
0.0003298450610600412
4.323701068642549e-05
4.4085056288167834e-05
4.4565607822733e-05
4.294858445064165e-05
3.732486948138103e-05
4.402045669849031e-05
5.070064071333036e-05
4.792371328221634e-05
3.9845639548730105e-05
3.7863224861212075e-05
5.321106073097326e-05
5.346369289327413e-05
4.510553480940871e-05
3.3354739571223035e-05
4.175513458903879e-05
4.505772812990472e-05
5.103700459585525e-05
4.9086818762589246e-05
4.68431317131035e-05
6.014505197526887e-05
4.0568622353021055e-05
3.852098234347068e-05
4.269220517016947e-05
3.747335358639248e-05
4.2851705075008795e-05
4.2179184674751014e-05
3.155054946546443e-05
3.92903748434037e-05
3.396805914235301e-05
3.224763349862769e-05
4.1078452341025695e-05
3.779244070756249e-05
2.9263792384881526e-05
3.4457560104783624e-05
4.02144250983838e-05
3.692110112751834e-05
3.598753391997889e-05
3.361980998306535e-05
3.440561704337597e-05
2.981200668727979e-05
2.7195294023840688e-05
3.603339064284228e-05
3.5022014344576746e-05
3.317615482956171e-05
2.959539051516913e-05
3.656955232145265e-05
3.08153685182333e-05
3.12776246573776e-05
3.212158480891958e-05
2.7725551262847148e-05
3.1321502319769934e-05
2.7937163395108655e-05
3.52456045220606e-05
2.6600566343404353e-05
2.9540153263951652e-05
6.779572140658274e-05
3.4339387639192864e-05
2.450197280268185e-05
2.744236189755611e-05
3.585313243092969e-05
3.4474833228159696e-05
3.644433309091255e-05
3.5332239349372685e-05
3.08696435240563e-05
3.1865616620052606e-05
4.327409260440618e-05
4.055741737829521e-05
3.755828220164403e-05
2.9332397389225662e-05
3.753561759367585e-05
5.205193883739412e-05
3.2772310078144073e-05
3.462043241597712e-05
3.6180681490805e-05
2.8846159693785012e-05
3.318921881145798e-05
3.230930815334432e-05
3.155964077450335e-05
4.7675741370767355e-05
3.562741767382249e-05
2.8667116566793993e-05
3.702071262523532e-05
2.2767690097680315e-05
3.295514397905208e-05
2.9621489375131205e-05
3.201724393875338e-05
3.106513395323418e-05
2.514023617550265e-05
2.2806041670264676e-05
2.2809530491940677e-05
2.23455426748842e-05
3.021095290023368e-05
2.3231978047988378e-05
2.344258791708853e-05
3.750161704374477e-05
2.5967645342461765e-05
2.107442924170755e-05
2.877060614991933e-05
2.29903707804624e-05
1.9754035747610033e-05
1.9544768292689696e-05
2.7858568500960246e-05
3.8802572817076e-05
3.267960710218176e-05
2.25772600970231e-05
2.6654923203750513e-05
3.00117699225666e-05
2.295051672263071e-05
2.1437273971969262e-05
2.4534465410397388e-05
3.53293216903694e-05
4.650126356864348e-05
4.633350545191206e-05
3.5943492548540235e-05
3.4496173611842096e-05
4.0555874875281006e-05
4.188154707662761e-05
3.549002576619387e-05
3.002239827765152e-05
3.18771562888287e-05
2.1058056518086232e-05
2.336876787012443e-05
3.196259422111325e-05
2.6100819013663568e-05
2.1432791982078925e-05
2.7189509637537412e-05
3.6251025449018925e-05
3.097175795119256e-05
2.2961232389206998e-05
2.6263242034474388e-05
2.120616591128055e-05
2.6391002393211238e-05
2.046522422460839e-05
2.4132141334121116e-05
1.5119935596885625e-05
2.7912523364648223e-05
2.4358610971830785e-05
3.132792699034326e-05
3.119397661066614e-05
2.8460832254495472e-05
2.196627792727668e-05
2.6817804609891027e-05
2.3987657186808065e-05
1.7507427401142195e-05
2.467440572218038e-05
2.7825064535136335e-05
2.4413635401288047e-05
1.7404781829100102e-05
2.110258719767444e-05
2.3692871764069423e-05
2.273378413519822e-05
1.791664726624731e-05
2.3180189600680023e-05
2.1181278498261236e-05
1.6971203876892105e-05
2.4207398382714018e-05
2.152230081264861e-05
2.4696015316294506e-05
2.1754995032097213e-05
1.888886617962271e-05
2.1637366444338113e-05
1.9801174858002923e-05
2.099161793012172e-05
1.6724312445148826e-05
1.887736470962409e-05
1.7694550479063764e-05
1.8090526282321662e-05
1.7960588593268767e-05
2.173126813431736e-05
2.8714939617202617e-05
1.9448127204668708e-05
2.2616701244260184e-05
1.776262797648087e-05
2.1409645341918804e-05
1.907767727971077e-05
1.4651786841568537e-05
2.1838757675141096e-05
2.619126098579727e-05
3.0605784559156746e-05
2.332588701392524e-05
4.0515686123399064e-05
2.7730777219403535e-05
2.348305133637041e-05
2.0522080376395024e-05
1.8857925169868395e-05
2.5916104277712293e-05
2.4655215383972973e-05
2.2718133550370112e-05
2.5973760784836486e-05
1.5791465557413176e-05
2.494014916010201e-05
2.1080255464767106e-05
2.0220728401909582e-05
1.7256737919524312e-05
2.176919224439189e-05
1.7912982002599165e-05
2.2534284653374925e-05
1.825358413043432e-05
1.773195072019007e-05
1.838929529185407e-05
2.3090025933925062e-05
1.6388568838010542e-05
2.0602485164999962e-05
2.0046143617946655e-05
1.695948412816506e-05
1.7479591406299733e-05
2.2449270545621403e-05
1.9442617485765368e-05
1.7985887097893283e-05
2.0692225007223897e-05
1.627273923077155e-05
1.7992435459746048e-05
1.5396924936794676e-05
2.4594684873591177e-05
2.9248058126540855e-05
2.243035487481393e-05
1.7081547412090003e-05
2.1309053408913314e-05
2.1786934667034075e-05
1.8923228708445095e-05
2.134479655069299e-05
2.292386670887936e-05
1.761944076861255e-05
1.929508289322257e-05
1.9460261682979763e-05
2.0380743080750108e-05
2.5251059923903085e-05
1.5773137420183048e-05
1.8475342585588805e-05
1.959847577381879e-05
1.7744019714882597e-05
1.761387102305889e-05
1.742364838719368e-05
2.329062954231631e-05
2.3214674001792446e-05
1.808332308428362e-05
2.110010973410681e-05
1.5247121154970955e-05
2.164026409445796e-05
2.5578634449630044e-05
2.9036244086455554e-05
1.9082446669926867e-05
2.1963907784083858e-05
2.1264342649374157e-05
1.9860965039697476e-05
2.5582088710507378e-05
1.981191962840967e-05
1.9588875147746876e-05
1.5819516193005256e-05
1.8365059077041224e-05
2.0407369447639212e-05
2.545493407524191e-05
1.8902308511314914e-05
2.5095823730225675e-05
2.2356172848958522e-05
2.0194440367049538e-05
2.2602394892601296e-05
2.0353261788841337e-05
1.567067920404952e-05
2.1993699192535132e-05
2.6408746634842828e-05
2.3619450075784698e-05
2.006551221711561e-05
1.8813192582456395e-05
2.361757287872024e-05
2.0890063751721755e-05
1.671194149821531e-05
1.837794297898654e-05
1.961585985554848e-05
1.8387067029834725e-05
1.4337918400997296e-05
2.301332278875634e-05
1.9290411728434265e-05
2.3484182747779414e-05
1.651040838623885e-05
2.0824674720643088e-05
1.9017963495571166e-05
1.6628748198854737e-05
1.612612140888814e-05
1.880206764326431e-05
1.5666901163058355e-05
1.4500216821033973e-05
1.593872730154544e-05
2.4719647626625374e-05
1.875134876172524e-05
2.503927862562705e-05
2.1898802515352145e-05
1.717314444249496e-05
1.777973011485301e-05
1.5480249203392304e-05
2.049925024039112e-05
1.7571284843143076e-05
1.7651043890509754e-05
1.6816407878650352e-05
1.7057021977961995e-05
1.6753998352214694e-05
1.6803211110527627e-05
1.4929734788893256e-05
1.8958189684781246e-05
1.930199323396664e-05
1.6864434655872174e-05
1.4471146641881205e-05
2.3430820874636993e-05
2.2455145881394856e-05
2.9547789381467737e-05
1.529891596874222e-05
1.5959274605847895e-05
2.0405155737535097e-05
2.441999276925344e-05
2.8829223083448596e-05
2.1510406440938823e-05
2.696915908018127e-05
2.7201996999792755e-05
2.6544539650785737e-05
2.2756023099645972e-05
2.135175236617215e-05
1.801110374799464e-05
1.829252505558543e-05
2.037625563389156e-05
1.8918495698017068e-05
1.6540072465431876e-05
2.158572169719264e-05
2.5294171791756526e-05
2.0552794012473896e-05
1.9533614249667153e-05
1.5287154383258894e-05
2.0167948605376296e-05
2.281321576447226e-05
1.7190137441502884e-05
2.0804465748369694e-05
2.5654700948507525e-05
1.7634911273489706e-05
2.0187340851407498e-05
2.305173984495923e-05
1.658980363572482e-05
1.9283379515400156e-05
2.3673226678511128e-05
2.0533385395538062e-05
1.8770993847283535e-05
1.919900023494847e-05
1.8827664462151006e-05
1.6719603081583045e-05
1.5266850823536515e-05
1.8177233869209886e-05
1.9251197954872623e-05
1.9726618120330386e-05
1.8564314814284444e-05
1.7674057744443417e-05
1.58781222125981e-05
1.8138773157261312e-05
1.6770583897596225e-05
1.5953948604874313e-05
1.5761112081236206e-05
2.065413718810305e-05
1.640720984141808e-05
2.1485808247234672e-05
2.033085547736846e-05
1.5049281500978395e-05
1.4463321349467151e-05
1.8076374544762075e-05
1.765603883541189e-05
1.364606578135863e-05
1.6450743714813143e-05
1.6951227735262364e-05
1.6611829778412357e-05
1.582755066920072e-05
1.6102199879242107e-05
1.549610897200182e-05
1.5063429600559175e-05
1.5526253264397383e-05
1.5624787920387462e-05
1.7214744730154052e-05
1.5679710486438125e-05
1.745187910273671e-05
1.9731076463358477e-05
2.054018113994971e-05
2.023847628151998e-05
1.5806974261067808e-05
1.808189153962303e-05
2.0398325432324782e-05
1.7917696823133156e-05
1.8902237570728175e-05
2.0437484636204317e-05
1.7529184333398007e-05
1.8138005543733016e-05
1.527844688098412e-05
1.933994280989282e-05
1.916039764182642e-05
1.6485744708916172e-05
1.4000290320836939e-05
1.4576930880139116e-05
1.7555521480971947e-05
1.590589090483263e-05
1.9380513549549505e-05
1.7044781998265535e-05
1.3651995686814189e-05
1.6734724340494722e-05
1.540963967272546e-05
1.7838661733549088e-05
1.4641866073361598e-05
1.5750878446851857e-05
1.6119018255267292e-05
1.648525540076662e-05
1.644790972932242e-05
1.498670462751761e-05
1.4438783182413317e-05
1.6615240383544005e-05
1.5561445252387784e-05
1.9100301869912073e-05
1.7061387552530505e-05
1.7524669601698406e-05
1.7355398085783236e-05
1.829007851483766e-05
1.631977647775784e-05
1.586670805409085e-05
1.44943314808188e-05
1.60778799909167e-05
2.52051540883258e-05
1.7057936929631978e-05
1.7304240827797912e-05
1.93175164895365e-05
1.727775452309288e-05
1.9710931155714206e-05
1.5903493476798758e-05
1.6864778444869444e-05
2.254136052215472e-05
2.094402771035675e-05
1.4759574696654454e-05
2.153792229364626e-05
1.4800210919929668e-05
1.6367497664759867e-05
1.602573502168525e-05
1.7404094251105562e-05
1.8123082554666325e-05
1.729016366880387e-05
1.7261321772821248e-05
1.7736385416355915e-05
1.4020972230355255e-05
1.6188492736546323e-05
1.888086808321532e-05
1.4577785805158783e-05
1.3851198673364706e-05
1.8110658857040107e-05
1.4376711988006718e-05
1.8945149349747226e-05
1.9516182874212973e-05
1.5959576558088884e-05
1.6456546291010454e-05
1.7842723536887206e-05
1.720975706120953e-05
1.987235555134248e-05
1.6633533959975466e-05
1.8433842342346907e-05
1.5962557881721295e-05
1.7107788153225556e-05
1.8295730114914477e-05
1.7467085854150355e-05
1.5816862287465483e-05
1.3091117580188438e-05
1.478312879044097e-05
1.3005104847252369e-05
1.5283860193449073e-05
1.5293911928893067e-05
1.91908075066749e-05
1.6939415218075737e-05
1.794305535440799e-05
1.1572989933483768e-05
1.859557414718438e-05
1.3323644452611916e-05
1.4824181562289596e-05
1.6554029571125284e-05
2.1796287910547107e-05
1.6076071915449575e-05
1.551383320474997e-05
1.744589098962024e-05
1.5161846022238024e-05
1.617419366084505e-05
1.545200211694464e-05
1.345766031590756e-05
1.2812936802220065e-05
1.8700842701946385e-05
1.5901690858299844e-05
1.891827560029924e-05
1.4430945157073438e-05
1.9450762920314446e-05
1.4912056940374896e-05
1.541435267427005e-05
1.667414471739903e-05
1.882249489426613e-05
1.4867524441797286e-05
1.829740904213395e-05
1.6025978766265325e-05
1.4915103747625835e-05
1.532114765723236e-05
1.4849005310679786e-05
1.5470872313017026e-05
2.2627602447755635e-05
1.4076560546527617e-05
1.4727348570886534e-05
1.4696060134156141e-05
1.7662991012912244e-05
1.5661797078792006e-05
1.5307181456591934e-05
1.4423842912947293e-05
1.7246587958652526e-05
2.1263260350679047e-05
1.8517679563956335e-05
1.8481850929674692e-05
1.7828609998105094e-05
1.4674527847091667e-05
1.599782262928784e-05
1.570221320434939e-05
1.654881998547353e-05
2.0587080143741332e-05
1.7917573131853715e-05
1.8562051991466433e-05
1.8786968212225474e-05
1.6317098925355822e-05
2.2600885131396353e-05
1.2933328434883151e-05
1.640684058656916e-05
1.7174603271996602e-05
1.5002036889200099e-05
1.860084739746526e-05
1.4186869520926848e-05
1.6129419236676767e-05
1.7008811482810415e-05
1.8791663023876026e-05
2.0930845494149253e-05
1.682386573520489e-05
1.438229901395971e-05
1.3716740795644e-05
1.4983852452132851e-05
1.43866036523832e-05
2.025609319389332e-05
1.768028232618235e-05
1.6846455764607526e-05
1.8151775293517858e-05
1.7353591829305515e-05
1.677394175203517e-05
1.483154483139515e-05
1.657517896092031e-05
1.677868203842081e-05
2.1447591279866174e-05
1.7017178834066726e-05
1.7705580830806866e-05
1.5543120753136463e-05
1.7230311641469598e-05
1.3261883395898622e-05
1.878540206234902e-05
1.5215006897051353e-05
1.7364083760185167e-05
1.720856744213961e-05
1.938013701874297e-05
1.8394362996332347e-05
1.651306592975743e-05
1.5372166672023013e-05
1.6858397430041805e-05
1.6311241779476404e-05
2.651449540280737e-05
2.0397332264110446e-05
1.5835259546292946e-05
1.5412400898640044e-05
1.2621741916518658e-05
1.3573500837082975e-05
1.6379941371269524e-05
1.441790118406061e-05
1.8828242900781333e-05
1.4269891835283488e-05
1.8562894183560275e-05
1.6042624338297173e-05
1.172588235931471e-05
1.5210707715596072e-05
1.6841140677570365e-05
1.919300302688498e-05
2.2319396521197632e-05
1.750355659169145e-05
1.7165370081784204e-05
1.5655077731935307e-05
1.897785477922298e-05
1.2868560588685796e-05
1.9953124137828127e-05
1.8666230971575715e-05
1.706958209979348e-05
2.1741587261203676e-05
1.6152616808540188e-05
1.8028318663709797e-05
1.4315080989035778e-05
1.607540798431728e-05
1.6047997632995248e-05
1.3776480955129955e-05
2.222675539087504e-05
1.809530658647418e-05
1.7631493392400444e-05
1.3924643099016976e-05
1.4149527487461455e-05
1.7865022527985275e-05
1.375194187858142e-05
1.441654603695497e-05
1.4432422176469117e-05
2.501507151464466e-05
1.3380211385083385e-05
1.6643851267872378e-05
1.67850375873968e-05
1.6325600881827995e-05
1.801465987227857e-05
1.8276296032126993e-05
1.5944022379699163e-05
1.9479859474813566e-05
1.97319095605053e-05
1.6469633919768967e-05
1.5886584151303396e-05
1.5531613826169632e-05
1.3755550753558055e-05
1.529437577119097e-05
1.4857068890705705e-05
1.3491851859726012e-05
1.7433740140404552e-05
1.602275915502105e-05
1.5392237401101738e-05
1.6296839021379128e-05
1.3998166650708299e-05
1.9877086742781103e-05
1.8126957002095878e-05
1.9934912415919825e-05
1.6720649000490084e-05
1.8006767277256586e-05
1.2156982847955078e-05
1.6244513972196728e-05
1.8295540940016508e-05
1.3549519280786626e-05
1.7948033928405493e-05
1.885938036139123e-05
2.0726702132378705e-05
1.597421578480862e-05
2.0440216758288443e-05
1.4998578990343958e-05
1.375778992951382e-05
1.7011007003020495e-05
1.515631447546184e-05
1.5773053746670485e-05
1.9179791706847027e-05
1.5354460629168898e-05
1.5942618119879626e-05
1.684666858636774e-05
1.6435053112218156e-05
1.5257562154147308e-05
1.4609147910960019e-05
1.366844298900105e-05
1.2290485756238922e-05
1.488427551521454e-05
1.614762732060626e-05
2.3997972675715573e-05
1.3448933714244049e-05
1.577506736794021e-05
1.3067605323158205e-05
1.4798260053794365e-05
1.6781601516413502e-05
1.751673516992014e-05
1.2387867172947153e-05
1.4768596884096041e-05
1.4463840670941863e-05
1.3312466762727126e-05
1.457695361750666e-05
1.2986625733901747e-05
1.9188928490621038e-05
1.3626985492010135e-05
1.4881862625770736e-05
1.404868635290768e-05
1.268389132746961e-05
1.250007153430488e-05
1.577124021423515e-05
1.465835430281004e-05
1.9796554624917917e-05
1.5330475434893742e-05
1.680121749814134e-05
1.7753642168827355e-05
1.4686436770716682e-05
1.6817270079627633e-05
1.5850397176109254e-05
1.630384213058278e-05
1.1845726476167329e-05
1.4505561011901591e-05
1.6353267710655928e-05
1.953874743776396e-05
1.629936923563946e-05
1.5053692550281994e-05
1.564805097586941e-05
1.969716504390817e-05
1.4581486539100297e-05
1.8563499907031655e-05
1.2917930689582136e-05
1.695514947641641e-05
1.4642192581959534e-05
1.4391949662240222e-05
1.3995790141052566e-05
1.448451257601846e-05
1.3458402463584207e-05
1.7754038708517328e-05
1.5108316802070476e-05
1.3240585758467205e-05
1.3468408724293113e-05
1.392381454934366e-05
1.394606806570664e-05
1.4528386600431986e-05
1.554974187456537e-05
1.3808978110319003e-05
1.4985993402660824e-05
1.5507623174926266e-05
1.625807271921076e-05
1.3268334441818297e-05
1.922863521031104e-05
1.2523250006779563e-05
1.3540888176066801e-05
1.2780788892996497e-05
1.2250524378032424e-05
1.4023964467924088e-05
1.4612700397265144e-05
1.6174586562556215e-05
1.4953804566175677e-05
1.3190527170081623e-05
1.240644087374676e-05
1.300579788221512e-05
1.853709909482859e-05
2.0899487935821526e-05
1.4212251699063927e-05
1.4165465472615324e-05
1.5628727851435542e-05
1.7915837815962732e-05
1.36545659188414e-05
1.586564030731097e-05
1.8490238289814442e-05
1.503303246863652e-05
1.1801721484516747e-05
1.4525663573294878e-05
1.320679257332813e-05
1.4147833098832052e-05
1.490662634751061e-05
1.7788643162930384e-05
1.1629970686044544e-05
1.2846679965150543e-05
1.5616566088283435e-05
1.6054706065915525e-05
1.3940818462288007e-05
1.1545942470547743e-05
1.5792815247550607e-05
1.9597853679442778e-05
1.2839838746003807e-05
1.1903933227586094e-05
1.4470507267105859e-05
1.348871137452079e-05
1.428856558050029e-05
1.5716881534899585e-05
1.4846533304080367e-05
1.484729909861926e-05
1.5046408407215495e-05
1.3856933946954086e-05
1.6113883248181082e-05
1.4738966456206981e-05
1.3524381756724324e-05
1.4909361198078841e-05
1.5145082215894945e-05
1.4584713426302187e-05
1.4365870811161585e-05
1.533431714051403e-05
1.3403426237346139e-05
1.2582644558278844e-05
1.173091004602611e-05
1.6912503269850276e-05
1.102401438402012e-05
1.4353420738189016e-05
1.5232986697810702e-05
1.2077429346391e-05
1.4146740795695223e-05
1.4335024388856255e-05
1.3063368896837346e-05
1.3079405107419007e-05
1.1714890206349082e-05
1.961567068065051e-05
1.2820940355595667e-05
1.237340438819956e-05
1.5485136827919632e-05
1.5517949577770196e-05
1.558902113174554e-05
1.3797996871289797e-05
1.3628846318169963e-05
1.4932771591702476e-05
1.329966471530497e-05
1.5164669093792327e-05
1.429296207788866e-05
1.3212318663136102e-05
1.3080784810881596e-05
1.1664866178762168e-05
1.4554215340467636e-05
1.284956124436576e-05
1.0353181096434128e-05
1.35236514324788e-05
1.8084640032611787e-05
1.3450877304421738e-05
1.4061242836760357e-05
1.4348484910442494e-05
1.357503242616076e-05
1.1665382771752775e-05
1.2021473594359122e-05
1.1785258720919956e-05
1.4538082723447587e-05
1.1844520486192778e-05
1.3108809980622027e-05
1.464121032768162e-05
1.3502834917744622e-05
1.5368252206826583e-05
1.2029000572510995e-05
1.5324725609389134e-05
1.3322727681952529e-05
1.3092057997710072e-05
1.6480185877298936e-05
1.545431041449774e-05
1.3242784916656092e-05
1.4025954442331567e-05
1.68193055287702e-05
1.5855897800065577e-05
1.1409510079829488e-05
1.2682503438554704e-05
1.4155888493405655e-05
1.2891623555333354e-05
1.492384217272047e-05
1.542084828543011e-05
1.3731436411035247e-05
1.4388963791134302e-05
1.4634786566602997e-05
1.5655143215553835e-05
1.3572537682193797e-05
1.39372750709299e-05
1.7025113265844993e-05
1.2326217074587476e-05
1.6133884855662473e-05
1.1487292795209214e-05
1.1828949936898425e-05
1.3215536455390975e-05
1.2558617527247407e-05
1.26573650049977e-05
1.1718359019141644e-05
1.1570183232834097e-05
1.2115233403164893e-05
1.4642320820712484e-05
1.0604384442558512e-05
1.2110716852475889e-05
1.2717999197775498e-05
1.3651312656293157e-05
1.3298586054588668e-05
1.2828126273234375e-05
1.0978114005411044e-05
1.3181050235289149e-05
1.6995249097817577e-05
1.6607262296020053e-05
1.250132299901452e-05
1.3139617294655181e-05
1.5221887224470265e-05
1.3872177987650502e-05
1.445174257241888e-05
1.2369206160656177e-05
1.5557012375211343e-05
1.2008548765152227e-05
1.350507591268979e-05
1.1669702871586196e-05
1.436410821042955e-05
1.3506722098099999e-05
1.4042117072676774e-05
1.196567973238416e-05
1.2187754691694863e-05
1.1970172636210918e-05
1.3338509234017693e-05
1.5417166650877334e-05
1.3443552234093659e-05
1.206120396091137e-05
1.4934344108041842e-05
1.4790338354941923e-05
2.0150266209384426e-05
1.3020284313824959e-05
1.5732779502286576e-05
1.1350113709340803e-05
1.5744546544738114e-05
1.1587057997530792e-05
1.2867292753071524e-05
1.3136824236426037e-05
1.4228435247787274e-05
1.3528638191928621e-05
1.5400608390336856e-05
1.6098521882668138e-05
1.0665815352695063e-05
1.216752571053803e-05
1.1384425306459889e-05
1.4882629329804331e-05
1.559149313834496e-05
1.4536512935592327e-05
1.0867133823921904e-05
1.314049404754769e-05
9.223758752341382e-06
1.187730140372878e-05
1.788963345461525e-05
1.7666989151621237e-05
1.3602178114524577e-05
1.4711643416376319e-05
1.580900607223157e-05
1.2711991075775586e-05
1.7698137526167557e-05
1.665322452026885e-05
1.6843539924593642e-05
1.5405585145344958e-05
1.464914657844929e-05
1.310068091697758e-05
1.4337701941258274e-05
1.864448859123513e-05
1.6918904293561354e-05
1.9247796444687992e-05
1.505653744970914e-05
1.539800359751098e-05
1.2474231880332809e-05
1.4268854101828765e-05
1.2299804438953288e-05
1.4961011402192526e-05
1.3566878806159366e-05
1.1367732440703548e-05
1.5054243704071268e-05
1.4401847693079617e-05
1.712549419607967e-05
1.2664856512856204e-05
1.3642391422763467e-05
1.5933903341647238e-05
1.4140103303361684e-05
1.4810075299465097e-05
1.2338538908807095e-05
1.6086200048448518e-05
1.5013342817837838e-05
1.0701895917009097e-05
1.4701065083499998e-05
1.2508871805039234e-05
1.356541361019481e-05
1.630193946766667e-05
1.1687729056575336e-05
1.031357987812953e-05
1.2715774573734961e-05
1.3882900020689704e-05
1.3448638128465973e-05
1.3002472769585438e-05
1.1032075235561933e-05
1.3095836038701236e-05
1.4128523616818711e-05
1.0143429790332448e-05
1.1428213838371448e-05
1.3088811101624742e-05
1.5416237147292122e-05
1.3209494682087097e-05
1.4229528460418805e-05
1.469374092266662e-05
1.2639823580684606e-05
1.1062562407460064e-05
1.2385164154693484e-05
1.1082231139880605e-05
1.2341908586677164e-05
1.2025715477648191e-05
1.2472813978092745e-05
1.4584159544028807e-05
1.540548873890657e-05
1.3936893083155155e-05
1.3469722034642473e-05
1.2433243682608008e-05
1.4320562513603363e-05
1.1119852388219442e-05
1.4151850336929783e-05
1.3264632798382081e-05
1.5697833077865653e-05
1.435906051483471e-05
1.357750988972839e-05
1.233066177519504e-05
1.0286948963766918e-05
1.6476824384881184e-05
1.730068470351398e-05
1.3674474757863209e-05
1.6494122974108905e-05
1.5118880583031569e-05
1.3560837032855488e-05
1.2714990589302033e-05
1.5574300050502643e-05
2.0336425222922117e-05
1.4044349882169627e-05
1.0417787052574567e-05
1.354341657133773e-05
1.1046113286283799e-05
1.727115159155801e-05
1.2652112673094962e-05
1.419585805706447e-05
1.3481265341397375e-05
1.0898671462200582e-05
1.1458105291239917e-05
1.4217074749467429e-05
9.75403054326307e-06
1.203345073008677e-05
1.1358998563082423e-05
1.6846835933392867e-05
1.0795279195008334e-05
1.3865121218259446e-05
1.2026564945699647e-05
1.1612040907493792e-05
1.1796631042670924e-05
1.141621578426566e-05
1.2282174793654121e-05
1.603947202966083e-05
1.246407555299811e-05
1.8614984583109617e-05
1.3349741493584588e-05
1.2752554539474659e-05
1.2588877325470094e-05
1.2879759196948726e-05
1.3944090824224986e-05
1.3061784557066858e-05
1.4464041669270955e-05
1.1154097592225298e-05
1.1025545063603204e-05
1.3241556189313997e-05
9.051173947227653e-06
1.3444834621623158e-05
1.538849392090924e-05
1.4356082829181105e-05
1.1418161193432752e-05
1.339842492598109e-05
1.081074879039079e-05
1.3552164091379382e-05
1.5140323739615269e-05
1.4487342923530377e-05
1.4354205632116646e-05
1.0457733878865838e-05
1.199491453007795e-05
1.1756746971514076e-05
9.915635928336997e-06
1.1210576303710695e-05
1.2221005817991681e-05
1.1878562872880138e-05
1.2497102943598293e-05
1.1301751328574028e-05
1.090037858375581e-05
1.1816719052148983e-05
1.4526733139064163e-05
1.2005160897388123e-05
1.3099117495585233e-05
1.2295789929339662e-05
1.3119832146912813e-05
1.265294304175768e-05
1.1743095456040464e-05
1.1229009942326229e-05
1.2946894457854796e-05
1.1649171938188374e-05
1.3203259186411742e-05
1.0235232366540004e-05
1.1333760994602926e-05
1.0816293070092797e-05
1.204189993586624e-05
1.0754763025033753e-05
1.1760219422285445e-05
1.3056181160209235e-05
1.1562836334633175e-05
1.1530678420967888e-05
1.1116047971881926e-05
9.90531134448247e-06
1.2720209269900806e-05
1.2093363693566062e-05
1.456765312468633e-05
1.2275078915990889e-05
1.3918343029217795e-05
1.2472217349568382e-05
1.146157410403248e-05
1.2218909432704095e-05
1.3103612218401395e-05
1.734768011374399e-05
1.1922841622435953e-05
1.3310445865499787e-05
1.1642745448625647e-05
1.1358461051713675e-05
1.1747306416509673e-05
1.5945837731123902e-05
1.3569077964348253e-05
1.5250216165441088e-05
1.1920574252144434e-05
1.171029816759983e-05
1.0197520168730989e-05
9.939765732269734e-06
1.262375917576719e-05
1.7728789316606708e-05
1.1059567441407125e-05
9.402059731655754e-06
1.0445605767017696e-05
1.1074126632593106e-05
1.3433312233246397e-05
1.5350082321674563e-05
1.1042530786653515e-05
1.338533911621198e-05
1.043937481881585e-05
1.06674760900205e-05
1.2171318303444423e-05
1.1460693713161163e-05
1.2452466762624681e-05
1.296513801207766e-05
1.2506221537478268e-05
1.1717045708792284e-05
1.0543360986048356e-05
9.44744169828482e-06
1.3046165804553311e-05
1.4738148820470087e-05
1.2043001333950087e-05
1.5146471014304552e-05
1.1047601219615899e-05
1.0536977242736612e-05
1.215926204167772e-05
1.146394970419351e-05
1.3581468010670505e-05
1.773037001839839e-05
1.1093922694271896e-05
9.75131115410477e-06
1.3435540495265741e-05
1.3149217920727096e-05
1.2153509487689007e-05
1.536525996925775e-05
1.784680353011936e-05
1.2174787116236985e-05
1.3401052456174511e-05
1.1262571206316352e-05
1.3557248166762292e-05
1.1902122423634864e-05
1.1293563147773966e-05
1.700104257906787e-05
1.607426383998245e-05
8.918858839024324e-06
1.1052585250581615e-05
1.0575369742582552e-05
1.5253423953254241e-05
1.1643423022178467e-05
1.186169174616225e-05
1.165027788374573e-05
9.436628715775441e-06
1.402474481437821e-05
1.1451887985458598e-05
1.5075440387590788e-05
1.3336126357899047e-05
1.2332811820670031e-05
1.0436080629006028e-05
1.15988095785724e-05
1.5878489648457617e-05
1.4867056961520575e-05
8.556536158721428e-06
1.2231032087584026e-05
1.1036441719625145e-05
1.0571786333457567e-05
1.0492457477084827e-05
9.044879334396683e-06
1.1461222129582893e-05
1.0829240636667237e-05
1.1355263268342242e-05
1.1633984286163468e-05
1.025130222842563e-05
1.3414113709586672e-05
1.329979295405792e-05
1.0110107723448891e-05
1.0242600183119066e-05
1.601653275429271e-05
1.1010908565367572e-05
1.0550709703238681e-05
1.0289319106959738e-05
1.0492683941265568e-05
1.4492450645775534e-05
1.3559787475969642e-05
1.1662145880109165e-05
1.1813927812909242e-05
1.106039053411223e-05
1.161303498520283e-05
9.637199582357425e-06
1.0335487786505837e-05
1.355706262984313e-05
8.523602446075529e-06
9.98947780317394e-06
1.3723180018132553e-05
9.767271876626182e-06
1.1783746231230907e-05
1.2842459909734316e-05
1.092216552933678e-05
1.1950121916015632e-05
1.3170147212804295e-05
1.2260596122359857e-05
9.532671356282663e-06
1.0501614269742277e-05
1.169681672763545e-05
1.0715988537413068e-05
1.2334530765656382e-05
1.2261929441592656e-05
1.2169878573331516e-05
1.0336364539398346e-05
1.3890523405279964e-05
9.79382275545504e-06
1.0995537195412908e-05
9.187690920953173e-06
1.0558727808529511e-05
1.1232810720684938e-05
1.1054744391003624e-05
9.216707439918537e-06
1.4017929061083123e-05
1.2055123988830019e-05
1.1597247976169456e-05
1.050185164785944e-05
1.1813913260994013e-05
8.787530532572418e-06
9.747352123667952e-06
9.07220965018496e-06
9.904409125738312e-06
1.074189003702486e-05
1.0232328349957243e-05
1.2296297427383251e-05
1.2078807230864186e-05
1.3298794328875374e-05
1.1180834917468019e-05
1.0501054021005984e-05
9.102600415644702e-06
1.156301823357353e-05
1.0269615813740529e-05
8.999558303912636e-06
1.1603538041526917e-05
1.2325735951890238e-05
1.2369791875244118e-05
1.0948981071123853e-05
1.1925496437470429e-05
8.942688509705476e-06
1.1852068382722791e-05
1.2146347216912545e-05
1.1387414815544616e-05
1.2476531082938891e-05
1.0170766472583637e-05
8.431551577814389e-06
1.187727593787713e-05
1.0030186786025297e-05
1.1166090189362876e-05
1.0071397809952032e-05
1.1396887202863581e-05
9.59887620410882e-06
7.95868800196331e-06
1.1666598766169045e-05
1.024066295940429e-05
1.2126345609431155e-05
1.2143257663410623e-05
9.059268450073432e-06
1.069491554517299e-05
1.0769339496619068e-05
1.2105589121347293e-05
1.098960819945205e-05
1.0423921594338026e-05
9.178293112199754e-06
1.1305168300168589e-05
1.2157232049503364e-05
1.0948391718557104e-05
1.2129943570471369e-05
1.0098261554958299e-05
1.1081998309236951e-05
1.299199357163161e-05
1.0795447451528162e-05
1.4686373106087558e-05
1.3345297702471726e-05
1.138022980740061e-05
1.0865969670703635e-05
1.1671420907077845e-05
1.0577094144537114e-05
1.1506818736961577e-05
1.0877631211769767e-05
1.2050733857904561e-05
1.3439159374684095e-05
1.1442736649769358e-05
1.3547268281399738e-05
1.0926461982307956e-05
1.023875483951997e-05
1.1977183021372184e-05
8.968794645625167e-06
1.1076250302721746e-05
9.860787031357177e-06
1.0853244020836428e-05
1.0513723282201681e-05
9.48375600273721e-06
8.211490239773411e-06
1.3457062777888495e-05
9.525434506940655e-06
1.2549542589113116e-05
1.1582355000427924e-05
1.3778313586954027e-05
1.3694633707928006e-05
9.340767064713873e-06
1.0850883882085327e-05
1.2122472071496304e-05
1.2903685274068266e-05
1.0101828593178652e-05
1.2048880307702348e-05
1.1050216926378198e-05
9.95149093796499e-06
1.033761782309739e-05
1.0555675544310361e-05
1.1055139111704193e-05
1.1264253771514632e-05
1.0703701263992116e-05
1.2661182154261041e-05
1.0029383702203631e-05
9.639144082029816e-06
1.1619441465882119e-05
8.44120677356841e-06
1.1880347301485017e-05
1.4391119293577503e-05
1.2153359421063215e-05
1.1726384400390089e-05
1.0478701369720511e-05
1.0253896107315086e-05
1.134180638473481e-05
1.0980218576150946e-05
9.070103260455653e-06
9.712155588204041e-06
1.4947210729587823e-05
1.2122802218073048e-05
1.355400490865577e-05
1.2707619134744164e-05
1.0859810572583228e-05
1.1201243978575803e-05
1.3533432138501666e-05
1.1002553037542384e-05
9.490365300734993e-06
1.380686262564268e-05
1.1833586540888064e-05
1.2957027138327248e-05
1.5213241567835212e-05
1.0107640264322981e-05
1.0513241250009742e-05
1.0433246643515304e-05
1.2016327673336491e-05
1.0916352039203048e-05
1.2694115866906941e-05
1.1467969670775346e-05
9.937480172084179e-06
1.1403259122744203e-05
9.821271305554546e-06
7.968510544742458e-06
1.110806260840036e-05
1.017031718220096e-05
1.3304555068316404e-05
1.1102898497483693e-05
1.0324645700166002e-05
8.544737283955328e-06
7.773431207169779e-06
1.0702455256250687e-05
1.0762304555100854e-05
7.831729817553423e-06
9.457374289922882e-06
8.150794201355893e-06
7.798331353114918e-06
9.98021278064698e-06
8.423761755693704e-06
9.110033715842292e-06
7.741850822640117e-06
1.2109574527130462e-05
1.1163117960677482e-05
9.721072274260223e-06
1.0075623322336469e-05
1.0195174581895117e-05
1.1725221156666521e-05
1.04907512650243e-05
9.844013220572378e-06
1.0205523722106591e-05
9.142574526777025e-06
9.411698556505144e-06
9.921815035340842e-06
1.0023168215411715e-05
1.061321199813392e-05
9.497315659245942e-06
7.513581294915639e-06
1.3106782716931775e-05
1.2052122656314168e-05
9.430534191778861e-06
1.3579329788626637e-05
8.836431334202643e-06
1.0036258572654333e-05
1.2130407412769273e-05
1.2461408914532512e-05
1.0735235264291987e-05
1.2217698895256035e-05
8.862340109772049e-06
1.0473258953425102e-05
1.2845243873016443e-05
1.0284661584591959e-05
1.1555614946701098e-05
1.0322181879018899e-05
1.1126081517431885e-05
8.203822289942764e-06
7.223376542242477e-06
8.536240784451365e-06
1.0264319826092105e-05
7.80865866545355e-06
7.878065844124649e-06
1.1589901987463236e-05
1.0224039215245284e-05
1.1653783076326363e-05
8.229257218772545e-06
1.0059215128421783e-05
7.682146133447532e-06
8.810674444248434e-06
9.626086466596462e-06
8.80350035004085e-06
8.514854016539175e-06
9.816028978093527e-06
9.366032827529125e-06
6.812299034208991e-06
1.2246578990016133e-05
8.79108119988814e-06
9.303692422690801e-06
7.674047083128244e-06
9.230853720509913e-06
9.637984476285055e-06
9.63678667176282e-06
8.893250196706504e-06
1.1900372555828653e-05
9.34623403736623e-06
1.014011195366038e-05
1.014338977256557e-05
1.0423916137369815e-05
9.255241820937954e-06
8.906258699425962e-06
9.390662853547838e-06
9.563551429891959e-06
1.302604596276069e-05
1.0610418030410074e-05
8.379065548069775e-06
9.946821592166089e-06
9.731678801472299e-06
1.0126826964551583e-05
1.1983281183347572e-05
9.419040907232556e-06
8.520404662704095e-06
8.842418537824415e-06
8.005948984646238e-06
1.0137859135284089e-05
9.515035344520584e-06
9.476730156166013e-06
7.960152288433164e-06
8.099461410893127e-06
1.035840978147462e-05
9.742228940012865e-06
9.905556908051949e-06
9.262246749131009e-06
8.00242560217157e-06
1.0611280231387354e-05
1.0030760677182116e-05
9.680034963821527e-06
1.0281648428644985e-05
9.083115401153918e-06
7.369930244749412e-06
9.095881068788003e-06
8.624849215266295e-06
1.1425474440329708e-05
7.79346919443924e-06
1.1168610399181489e-05
8.793109373073094e-06
1.026110567181604e-05
1.0173722330364399e-05
8.742012141738087e-06
1.123751553677721e-05
8.069939212873578e-06
9.040752956934739e-06
9.600184057489969e-06
7.3210308073612396e-06
8.460039680358022e-06
8.54533300298499e-06
8.882032489054836e-06
9.291360584029462e-06
1.0209972970187664e-05
9.241904081136454e-06
7.337069291679654e-06
1.090703244699398e-05
1.0065376955026295e-05
1.0701316568884067e-05
7.720487701590173e-06
1.033589978760574e-05
1.2526863429229707e-05
8.08427830634173e-06
1.1061772056564223e-05
1.0727701919677202e-05
8.497606359014753e-06
9.008967936097179e-06
1.052998413797468e-05
7.910437489044853e-06
9.382467396790162e-06
8.636389793537091e-06
9.206969480146654e-06
8.307888492709026e-06
8.911059921956621e-06
8.425689884461462e-06
7.725002433289774e-06
9.197547115036286e-06
7.626535989402328e-06
9.121249604504555e-06
1.053370851877844e-05
7.27844781067688e-06
9.710906851978507e-06
9.254053111362737e-06
9.622929610486608e-06
7.555054253316484e-06
1.0861743248824496e-05
1.0540114089963026e-05
9.707429853733629e-06
8.349400559382048e-06
1.0319512512069196e-05
9.14577321964316e-06
7.782597094774246e-06
7.836391887394711e-06
8.2172809925396e-06
7.513634500355693e-06
1.0773750545922667e-05
9.09137543203542e-06
9.061946911970153e-06
1.1036817340936977e-05
7.149715202103835e-06
6.7552718974184245e-06
9.407576726516709e-06
1.0460809789947234e-05
8.577027074352372e-06
8.491670087096281e-06
8.615292244940065e-06
7.509440365538467e-06
8.98814141692128e-06
1.203934516524896e-05
1.0274111446051393e-05
7.483868103008717e-06
9.862404112936929e-06
1.1497290870465804e-05
9.996605513151735e-06
8.613777026766911e-06
1.038662958308123e-05
1.1224510672036558e-05
7.432760867231991e-06
8.765387974563055e-06
1.0586048119876068e-05
1.0088609997183084e-05
1.2277964742679615e-05
8.124525265884586e-06
1.0715797543525696e-05
9.634769412514288e-06
1.0421697879792191e-05
8.06187108537415e-06
8.654483281134162e-06
1.2518386029114481e-05
1.0677755199139938e-05
1.1315475603623781e-05
8.094223630905617e-06
9.532323019811884e-06
1.1370171705493703e-05
7.47735430195462e-06
8.957676982390694e-06
8.556094144296367e-06
7.18916180630913e-06
8.771322427492123e-06
7.76012529968284e-06
6.997030595812248e-06
9.81991888693301e-06
7.968677891767584e-06
8.44936857902212e-06
7.035088856355287e-06
9.799793588172179e-06
9.138887435256038e-06
1.0905197996180505e-05
9.825853339862078e-06
7.058011760818772e-06
1.337230332865147e-05
1.0543344615143724e-05
1.1464748240541667e-05
1.1151464605063666e-05
9.613915608497337e-06
9.722837603476364e-06
1.020377931126859e-05
8.879227607394569e-06
9.4377364803222e-06
9.34610579861328e-06
1.4079312677495182e-05
9.802743079490028e-06
7.464658665412571e-06
7.723808266746346e-06
9.654986570239998e-06
9.237252015736885e-06
8.200818228942808e-06
1.0162788385059685e-05
1.048370722855907e-05
1.5223652553686406e-05
1.2168477041996084e-05
6.858974302303977e-06
7.065225872793235e-06
8.630065167380963e-06
1.0345843293180224e-05
6.902165750943823e-06
9.793351637199521e-06
1.0538096830714494e-05
1.2591975064424332e-05
9.956345820683055e-06
8.353081284440123e-06
7.5571124398265965e-06
8.853494364302605e-06
8.445482308161445e-06
8.62633442011429e-06
9.065471203939524e-06
9.783966561371926e-06
1.0346776434744243e-05
1.0776335329865105e-05
6.856793334009126e-06
8.180390977940988e-06
7.172988262027502e-06
8.774967682256829e-06
8.86703946889611e-06
8.649689334561117e-06
8.375195648113731e-06
6.952511284907814e-06
6.476944690803066e-06
9.350810614705551e-06
8.700602847966366e-06
9.987033990910277e-06
7.580352303193649e-06
6.727227173541905e-06
7.229014045151416e-06
6.801227755204309e-06
6.725942512275651e-06
7.866658961575013e-06
1.0573444342298899e-05
1.1148354133183602e-05
7.307215128093958e-06
8.025501301744953e-06
1.118160525948042e-05
8.101913408609107e-06
8.344024536199868e-06
8.09183984529227e-06
8.525001248926856e-06
8.73813587531913e-06
9.688334102975205e-06
1.2205098755657673e-05
9.721913556859363e-06
9.350427717436105e-06
7.258297046064399e-06
7.16303520675865e-06
7.2890888986876234e-06
9.158600732916966e-06
1.09395150502678e-05
6.033019417372998e-06
7.68326390243601e-06
1.0770902008516714e-05
7.778447979944758e-06
7.513269338232931e-06
8.105940651148558e-06
9.290270099882036e-06
6.537444733112352e-06
7.549870133516379e-06
8.211264685087372e-06
6.591397323063575e-06
7.318509688047925e-06
7.71843951952178e-06
9.289258741773665e-06
7.746244591544382e-06
1.2468224667827599e-05
8.847916433296632e-06
9.81731773208594e-06
7.336057024076581e-06
9.805671652429737e-06
9.991183105739765e-06
1.4526201084663626e-05
8.706580047146417e-06
8.037954103201628e-06
7.750451914034784e-06
7.351140993705485e-06
9.215866157319397e-06
7.975664630066603e-06
9.160861736745574e-06
8.233448170358315e-06
8.174347385647707e-06
9.056638191395905e-06
9.591856724000536e-06
9.246102308679838e-06
9.248808964912314e-06
8.230963430833071e-06
7.373199423454935e-06
8.5230230979505e-06
9.467446943745017e-06
1.0415337783342693e-05
7.210079274955206e-06
8.610229087935295e-06
1.0207225386693608e-05
9.482885616307613e-06
7.431423455273034e-06
6.988465884205652e-06
8.501160664309282e-06
8.237423571699765e-06
6.47630031380686e-06
6.262776878429577e-06
5.936764409852913e-06
8.591683581471443e-06
7.62604486226337e-06
6.5723452280508354e-06
9.987433259084355e-06
8.241906471084803e-06
6.917004611750599e-06
6.28472935204627e-06
7.291624569916166e-06
1.0064884008897934e-05
6.034500074747484e-06
6.3753795984666795e-06
1.0027031748904847e-05
7.1734393713995814e-06
7.229094080685172e-06
7.43252439860953e-06
6.6903617153002415e-06
8.544597221771255e-06
8.401344530284405e-06
6.564553586940747e-06
7.487503353331704e-06
7.673525033169426e-06
6.579223281732993e-06
9.36151627684012e-06
8.162652193277609e-06
7.40443829272408e-06
6.1745204220642336e-06
6.9540687945846e-06
9.620819582778495e-06
7.825164175301325e-06
7.714352250332013e-06
7.86020973464474e-06
7.754309990559705e-06
6.05865989200538e-06
7.423960596497636e-06
7.563285180367529e-06
7.201044354587793e-06
6.510981620522216e-06
7.681736860831734e-06
8.46795410325285e-06
7.680126145714894e-06
7.753914360364433e-06
7.56105418986408e-06
1.1781945431721397e-05
6.949588623683667e-06
8.93184096639743e-06
8.1975313150906e-06
5.881874130864162e-06
7.900559467088897e-06
8.410092959820759e-06
8.144039384205826e-06
8.32853856991278e-06
6.341877451632172e-06
6.354242486850126e-06
8.486317710776348e-06
6.832244707766222e-06
6.285753443080466e-06
5.8806704146263655e-06
7.976094821060542e-06
6.409915840777103e-06
6.727635991410352e-06
7.546743290731683e-06
5.72709905100055e-06
7.926573744043708e-06
7.519287009927211e-06
5.699889243260259e-06
8.782380064076278e-06
7.008150078036124e-06
9.060815500561148e-06
8.324800546688493e-06
6.40123471384868e-06
8.09455832495587e-06
6.944018878130009e-06
8.950497431214899e-06
6.186119662743295e-06
6.882517936901422e-06
7.475208803953137e-06
6.679140824417118e-06
8.279601388494484e-06
8.973927833721973e-06
6.957215646252735e-06
7.780074156471528e-06
6.2394547057920136e-06
5.509396942215972e-06
6.844656127213966e-06
6.721625140926335e-06
7.466411261702888e-06
6.42253917249036e-06
6.9429888753802516e-06
6.471051165135577e-06
7.457245828845771e-06
6.549771569552831e-06
6.554911578859901e-06
7.714717867202125e-06
5.7314045989187434e-06
6.087219389883103e-06
6.496735295513645e-06
8.191441338567529e-06
5.744963345932774e-06
8.275590516859666e-06
8.838575013214722e-06
6.57256805425277e-06
7.878128599259071e-06
9.405221135239117e-06
7.102872586983722e-06
7.314255981327733e-06
7.70137739891652e-06
7.022514182608575e-06
4.4169469219923485e-06
6.666386525466805e-06
7.3868186518666334e-06
8.143988452502526e-06
8.453904229099862e-06
7.846945663914084e-06
7.258795449160971e-06
5.902299562876578e-06
7.518061465816572e-06
8.722259735804982e-06
7.234698387037497e-06
6.231049155758228e-06
7.82277129474096e-06
8.114607226161752e-06
6.078083060856443e-06
6.4917617237369996e-06
6.322065473796101e-06
8.218895345635246e-06
6.372282769007143e-06
7.198529601737391e-06
6.671203664154746e-06
7.925802492536604e-06
6.807324098190293e-06
5.552424681809498e-06
5.954919743089704e-06
8.825332770356908e-06
5.90532181377057e-06
6.5053159232775215e-06
7.882230420364067e-06
6.41531096334802e-06
9.008942470245529e-06
5.568617325479863e-06
6.450672117352951e-06
8.29439886729233e-06
6.0553502407856286e-06
9.383837095811032e-06
6.838135959696956e-06
7.016582458163612e-06
9.25306994759012e-06
7.005010502325604e-06
5.161456101632211e-06
5.232952389633283e-06
6.333926648949273e-06
6.34458001513849e-06
6.295719231275143e-06
8.112368959700689e-06
6.690989721391816e-06
5.842094196850667e-06
6.642134394496679e-06
7.270799869729672e-06
6.562480393768055e-06
8.279908797703683e-06
6.524392119899858e-06
4.441221790330019e-06
7.722080226812977e-06
5.973541192361154e-06
7.271170488820644e-06
6.838004992459901e-06
6.5695894591044635e-06
5.948563284619013e-06
4.784070824825903e-06
8.769314263190608e-06
5.816768862132449e-06
6.238199603103567e-06
6.6467559918237384e-06
9.339707503386308e-06
6.55673738947371e-06
6.2855278883944266e-06
5.181591404834762e-06
7.974616892170161e-06
7.85084739618469e-06
7.372425898211077e-06
6.641738309554057e-06
9.341869372292422e-06
5.9013300415244885e-06
5.8932591855409555e-06
6.949186172278132e-06
7.4813760875258595e-06
6.9755806180182844e-06
7.652471140318085e-06
6.431477231672034e-06
7.332256245717872e-06
1.1143918527523056e-05
9.270792361348867e-06
7.122494935174473e-06
7.276192263816483e-06
6.596683306270279e-06
6.753651177859865e-06
6.152021342131775e-06
7.726146577624604e-06
9.58656437433092e-06
8.976884600997437e-06
6.676277735095937e-06
6.989396752032917e-06
8.797407645033672e-06
7.71548457123572e-06
7.827571607776918e-06
7.3964993134723045e-06
6.579318778676679e-06
6.56935162623995e-06
6.294427294051275e-06
7.325928436330287e-06
6.035897058609407e-06
7.852346243453212e-06
7.475474376406055e-06
5.767773473053239e-06
7.118324901966844e-06
5.833370778418612e-06
6.143087375676259e-06
6.736053364875261e-06
8.446975698461756e-06
7.360780728049576e-06
6.02349928158219e-06
6.299119377217721e-06
6.622301043535117e-06
6.012689482304268e-06
6.28189263807144e-06
7.36566107661929e-06
6.155361916171387e-06
5.594562026089989e-06
8.001754395081662e-06
5.176867489353754e-06
7.934822860988788e-06
7.098806690919446e-06
6.242409654078074e-06
5.404012881626841e-06
7.122221177269239e-06
9.891489753499627e-06
8.390172297367826e-06
8.388267815462314e-06
6.373145424731774e-06
6.367903552018106e-06
6.723130354657769e-06
6.839091838628519e-06
6.72195074002957e-06
6.428856522688875e-06
6.0155252867843956e-06
5.433650585473515e-06
4.920116225548554e-06
7.309248758247122e-06
8.083634384092875e-06
5.531417173187947e-06
8.222363248933107e-06
8.062814231379889e-06
7.116593224054668e-06
5.990244517306564e-06
6.254098025237909e-06
8.32396290206816e-06
6.759248208254576e-06
5.926372068643104e-06
7.071632353472523e-06
6.181183380249422e-06
7.146746611397248e-06
4.848647677135887e-06
7.604216079926118e-06
8.445784260402434e-06
6.190120075189043e-06
6.1158170865383e-06
7.2501852628192864e-06
5.445964234240819e-06
6.3494171627098694e-06
8.228643309848849e-06
6.965948614379158e-06
7.1273216235567816e-06
7.031548648228636e-06
6.980031685088761e-06
7.244158041430637e-06
6.156828476377996e-06
7.575627023470588e-06
4.684722171077738e-06
5.833868726767832e-06
6.890377790114144e-06
6.283742550294846e-06
5.704161139874486e-06
7.0803916969452985e-06
6.6776087805919815e-06
7.320187705772696e-06
7.180929969763383e-06
6.961843155295355e-06
5.314948793966323e-06
5.528091151063563e-06
7.114002528396668e-06
5.752899596700445e-06
6.293523256317712e-06
5.220055754762143e-06
4.472025011637015e-06
5.86862779528019e-06
5.977760338282678e-06
4.176740731054451e-06
5.487238013301976e-06
5.281061930872966e-06
5.4359356909117196e-06
6.227507583389524e-06
4.9108666644315235e-06
5.72177896174253e-06
7.326470949919894e-06
4.860623448621482e-06
5.781607342214556e-06
5.188429440750042e-06
4.499425813264679e-06
5.195257472223602e-06
8.132015864248388e-06
6.347808721329784e-06
6.367003152263351e-06
6.380905233527301e-06
7.072568223520648e-06
6.623598892474547e-06
5.901827989873709e-06
9.332830813946202e-06
5.737068931921385e-06
8.036633516894653e-06
7.336881935771089e-06
6.236326044017915e-06
5.785730536445044e-06
6.943931566638639e-06
7.347060545725981e-06
5.928461177973077e-06
7.282611022674246e-06
6.0400661823223345e-06
6.559494067914784e-06
5.398501798481448e-06
7.776266102155205e-06
6.726450919813942e-06
6.7321252572583035e-06
5.51367975276662e-06
6.573980499524623e-06
7.037579507596092e-06
5.042755219619721e-06
6.661773113592062e-06
5.363064246921567e-06
7.85608972364571e-06
5.3642288548871875e-06
4.997125870431773e-06
6.24332096776925e-06
7.442064998031128e-06
5.949933893134585e-06
5.504190994543023e-06
4.460645868675783e-06
6.74104967401945e-06
5.932452950219158e-06
5.424560185929295e-06
5.210325525695225e-06
5.475602847582195e-06
6.544192729052156e-06
4.69682981929509e-06
6.031818884366658e-06
6.509349987027235e-06
6.438840500777587e-06
5.379647063818993e-06
5.970882739347871e-06
5.625688572763465e-06
4.735468792205211e-06
6.959443453524727e-06
4.771963631355902e-06
4.951005394104868e-06
4.674649972002953e-06
5.069323833595263e-06
7.076254405546933e-06
4.675068339565769e-06
5.868972493772162e-06
6.983116236369824e-06
6.924070930836024e-06
7.49705850466853e-06
5.559149030887056e-06
5.216583303990774e-06
5.317095656209858e-06
7.280934369191527e-06
4.962832463206723e-06
5.8186933529214e-06
5.777060323453043e-06
5.5739910749252886e-06
6.328589734039269e-06
5.4117481340654194e-06
4.674983756558504e-06
3.7679096749343444e-06
7.002554411883466e-06
4.207287929602899e-06
7.4236913860659115e-06
6.313425728876609e-06
6.124525953055127e-06
5.095808774058241e-06
6.932681571925059e-06
6.171499990159646e-06
5.013024747313466e-06
5.679093646904221e-06
5.2273953770054504e-06
4.922373591398355e-06
6.311569450190291e-06
4.123843609704636e-06
7.055643891362706e-06
4.341351996117737e-06
6.455254151660483e-06
5.876999239262659e-06
4.984051429346437e-06
5.725198207073845e-06
5.3949897846905515e-06
6.622462478844682e-06
5.821222657687031e-06
6.638389095314778e-06
5.595831225946313e-06
5.576542207563762e-06
4.157791863690363e-06
5.231440809438936e-06
4.099809302715585e-06
5.916122063354123e-06
5.2547875384334475e-06
5.310758297127904e-06
5.95860637986334e-06
5.06354626850225e-06
4.541236648947233e-06
7.07665276422631e-06
4.809873644262552e-06
4.420593540999107e-06
3.714447757374728e-06
6.27776307737804e-06
5.024490292271366e-06
4.955877102474915e-06
3.995950464741327e-06
5.070896349934628e-06
5.925014647800708e-06
6.3473780755884945e-06
6.4215728343697265e-06
6.246915290830657e-06
5.084872555016773e-06
5.235590379015775e-06
6.354564447974553e-06
5.578024229180301e-06
5.310280357662123e-06
5.240399786998751e-06
6.790775387344183e-06
5.971236987534212e-06
5.352386324375402e-06
5.879050604562508e-06
4.6413128984568175e-06
5.051893367635785e-06
5.8483433349465486e-06
5.2167729336360935e-06
4.543669547274476e-06
4.4982871258980595e-06
4.507885932980571e-06
4.5460142246156465e-06
8.272419108834583e-06
5.188479008211289e-06
5.54915277461987e-06
5.100037469674135e-06
5.304144451656612e-06
7.28634768165648e-06
4.444528713065665e-06
5.503323791344883e-06
5.311329459800618e-06
5.2779782890866045e-06
4.5170600060373545e-06
5.3938720157020725e-06
5.554650670092087e-06
4.734105914394604e-06
6.4249129536619876e-06
4.600225565809524e-06
3.4740885439532576e-06
5.416517524281517e-06
4.249578978487989e-06
4.6581189963035285e-06
4.917601927445503e-06
5.369910468289163e-06
5.031904493080219e-06
5.1781498768832535e-06
5.1418492148513906e-06
4.446091224963311e-06
4.118922333873343e-06
4.548579909169348e-06
4.621371772373095e-06
5.27338988831616e-06
4.9622708502283785e-06
3.5208861390856327e-06
5.504883120011073e-06
5.935223271080758e-06
6.377164481818909e-06
5.244459316600114e-06
5.873220288776793e-06
5.026811322750291e-06
4.761510808748426e-06
4.587151579471538e-06
4.7947924031177536e-06
5.117470209370367e-06
5.014922408008715e-06
5.894309651921503e-06
5.500669431057759e-06
4.82611358165741e-06
5.341560608940199e-06
4.682513463194482e-06
4.562809863273287e-06
4.719371645478532e-06
4.625733254215447e-06
3.6677520256489515e-06
3.826252395811025e-06
6.471012966358103e-06
6.239308277145028e-06
5.204247827350628e-06
7.51039624447003e-06
5.8554687711875886e-06
4.4272524064581376e-06
5.047342256148113e-06
7.067746082611848e-06
7.335378995776409e-06
4.080253347638063e-06
5.676325599779375e-06
5.788086127722636e-06
5.441925623017596e-06
5.90271611144999e-06
7.192623797891429e-06
4.219374204694759e-06
6.249880243558437e-06
4.95414587931009e-06
7.0241731009446084e-06
6.501629286503885e-06
3.2771645237517077e-06
4.766040547110606e-06
6.903393114043865e-06
6.400308848242275e-06
6.8816516431979835e-06
5.0338339860900305e-06
9.221352229360491e-06
5.339094059308991e-06
6.2847029766999185e-06
5.373380190576427e-06
9.664296158007346e-06
4.1253997551393695e-06
4.658935722545721e-06
5.053634595242329e-06
5.26062649441883e-06
5.115369731356623e-06
3.823629413091112e-06
4.607957180269295e-06
5.054153916717041e-06
4.854538929066621e-06
3.76922071154695e-06
4.891204298473895e-06
5.298355972627178e-06
5.0669900701905135e-06
4.078898655279772e-06
3.7845543374714907e-06
5.483443601406179e-06
5.881795004825108e-06
5.15405827172799e-06
3.835699772025691e-06
4.383461600809824e-06
4.824101779377088e-06
5.1387614803388715e-06
3.969517365476349e-06
5.2313362175482325e-06
4.160421212873189e-06
5.767135007772595e-06
4.614584213413764e-06
4.34058392784209e-06
5.513175437954487e-06
5.525249434867874e-06
5.525061624211958e-06
4.236982931615785e-06
5.5149730542325415e-06
5.3433568609762006e-06
6.153770300443284e-06
5.491575393534731e-06
6.2938433984527364e-06
4.196412646706449e-06
5.111564405524405e-06
5.665305707225343e-06
7.125556749087991e-06
6.044433575880248e-06
4.6602422116848174e-06
4.87427314510569e-06
3.874581125273835e-06
4.7392668420798145e-06
4.688445187639445e-06
4.547326170722954e-06
4.872638783126604e-06
4.398420969664585e-06
5.127752501721261e-06
5.585184226220008e-06
5.796925506729167e-06
4.403588263812708e-06
4.47288402938284e-06
5.307811079546809e-06
5.540367965295445e-06
5.157256509846775e-06
4.760896445077378e-06
5.87875911151059e-06
4.837771939492086e-06
4.395948963065166e-06
4.620887921191752e-06
5.078697085991735e-06
3.8127768675622065e-06
4.342919510236243e-06
4.053810243931366e-06
3.2207271942752413e-06
4.7641760829719715e-06
3.447166591286077e-06
4.25094413003535e-06
4.4820094444730785e-06
4.094270934729138e-06
5.719295586459339e-06
4.656193596019875e-06
4.477299626159947e-06
5.782321750302799e-06
3.6806306979997316e-06
4.8387792048742995e-06
6.796746220061323e-06
3.9493179428973235e-06
3.7654949665011372e-06
5.326646260073176e-06
4.864174570684554e-06
5.037331902713049e-06
4.278083906683605e-06
4.630860530596692e-06
3.9899041439639404e-06
3.998957708972739e-06
4.685037310991902e-06
5.018450792704243e-06
5.683229574060533e-06
4.858666670770617e-06
5.104527190269437e-06
5.666865490638884e-06
5.941003109910525e-06
4.456895112525672e-06
5.661885552399326e-06
4.990724391973345e-06
5.104504907649243e-06
6.704537554469425e-06
4.3017780626541935e-06
4.819951755052898e-06
4.591662218444981e-06
4.684381565311924e-06
5.934024557063822e-06
3.723151166923344e-06
3.818577170022763e-06
4.200875537208049e-06
4.947385605191812e-06
4.8159727157326415e-06
3.88493572245352e-06
7.151725185394753e-06
4.654483745980542e-06
4.705411356553668e-06
4.377752702566795e-06
5.102696832182119e-06
4.714054739451967e-06
6.883837613713695e-06
4.99045518154162e-06
4.810710834135534e-06
3.1850725008553127e-06
3.6126250506640645e-06
4.269786586519331e-06
5.627039172395598e-06
6.135519015515456e-06
4.422256097313948e-06
5.305786544340663e-06
3.972362264903495e-06
4.417500349518377e-06
2.8685631150437985e-06
4.069258011440979e-06
4.0286631701746956e-06
5.31039677298395e-06
5.167486960999668e-06
3.7791169233969413e-06
4.984219685866265e-06
5.888136001885869e-06
3.372009359736694e-06
4.710446319222683e-06
5.559421879297588e-06
5.093728759675287e-06
5.563771537708817e-06
4.506563982431544e-06
4.661893854063237e-06
4.212816747894976e-06
5.214531029196223e-06
4.70322675028001e-06
4.743342287838459e-06
3.943328010791447e-06
4.5328329179028515e-06
3.2982763968902873e-06
3.8831944948469754e-06
5.005271759728203e-06
5.2490158850559965e-06
3.4972104003827553e-06
6.517173005704535e-06
4.186424121144228e-06
5.7343841035617515e-06
4.372294370114105e-06
4.508315214479808e-06
6.673686584690586e-06
3.596179794840282e-06
3.1329659577750135e-06
5.3736371228296775e-06
4.035183337691706e-06
6.1832042774767615e-06
4.62027128378395e-06
4.877731498709181e-06
4.308637471694965e-06
4.967397217114922e-06
4.406917014421197e-06
4.823539256904041e-06
4.348298716649879e-06
4.645602075470379e-06
4.2194046727672685e-06
4.293664915167028e-06
4.56540192317334e-06
4.881955646851566e-06
4.8385545596829616e-06
3.263334974690224e-06
3.228513151043444e-06
5.349964339984581e-06
3.932249910576502e-06
4.246880052960478e-06
4.515152340900386e-06
3.538950750225922e-06
4.148751941102091e-06
3.231338268960826e-06
5.007465006201528e-06
3.885578735207673e-06
4.387583430798259e-06
3.0889316349203e-06
3.2360276236431673e-06
4.888779585598968e-06
4.594868642016081e-06
5.284523467707913e-06
4.922985681332648e-06
3.7190268358244793e-06
5.320845048117917e-06
5.019652235205285e-06
4.744164016301511e-06
5.151385721546831e-06
5.340955340216169e-06
4.9160935304826126e-06
6.2067797443887684e-06
5.255691121419659e-06
5.942455572949257e-06
6.452161869674455e-06
3.3435303521400783e-06
5.014032922190381e-06
4.972065653419122e-06
3.5851835491484962e-06
4.968397661286872e-06
4.421243374963524e-06
5.908784260100219e-06
3.078808731515892e-06
4.269841156201437e-06
6.641174422838958e-06
3.5830948945658747e-06
3.811300302913878e-06
3.4747486097330693e-06
5.337401489668991e-06
3.5728107832255773e-06
5.120987225382123e-06
4.1544026316842064e-06
5.022236109653022e-06
3.4373542803223245e-06
4.260179593984503e-06
4.743847966892645e-06
4.001485649496317e-06
4.629701834346633e-06
4.435456958162831e-06
3.648355686891591e-06
3.4428155686327955e-06
4.638151949620806e-06
4.145707407587906e-06
5.140632310940418e-06
4.779592927661724e-06
4.257425644027535e-06
3.680489726320957e-06
2.886552465497516e-06
4.182838438282488e-06
4.168021405348554e-06
5.038770723331254e-06
3.4245520055264933e-06
4.947927664034069e-06
4.391021775518311e-06
3.659485400930862e-06
3.7780177990498487e-06
4.65992525278125e-06
5.895857611903921e-06
3.731884135049768e-06
4.164408437645761e-06
5.463307388708927e-06
4.543136128631886e-06
3.5920829759561457e-06
5.788383532490116e-06
3.269182116127922e-06
5.074081855127588e-06
4.60509727417957e-06
3.855898285110015e-06
5.619380317511968e-06
3.469535386102507e-06
4.56423231298686e-06
5.229222551861312e-06
5.1057695600320585e-06
4.342867214290891e-06
2.844929895218229e-06
4.1394341678824276e-06
3.5582943382905796e-06
4.919406819681171e-06
4.835930667468347e-06
3.1269064493244514e-06
3.1131712603382766e-06
3.146178187307669e-06
4.0834802348399535e-06
3.0679793781018816e-06
3.4884551496361382e-06
4.721105597127462e-06
5.182342192711076e-06
4.3362879296182655e-06
4.6111285882943776e-06
4.674489900935441e-06
5.561404577747453e-06
5.314988811733201e-06
4.104096660739742e-06
3.274191840318963e-06
5.875549504708033e-06
4.2845272218983155e-06
4.672378963732626e-06
4.031929165648762e-06
4.495897428569151e-06
5.927707206865307e-06
5.12204223923618e-06
3.8022458284103777e-06
3.056814875890268e-06
3.6843132420472102e-06
4.265108145773411e-06
3.3707317470543785e-06
3.8712141758878715e-06
3.940398983104387e-06
3.5072757782472763e-06
4.102981620235369e-06
4.51871983386809e-06
4.913998054689728e-06
4.6510735955962446e-06
4.2797328205779195e-06
3.3597173114685575e-06
2.8996605578868184e-06
4.505964170675725e-06
4.895876827504253e-06
4.301984517951496e-06
5.097909706819337e-06
4.503115178522421e-06
4.119172899663681e-06
5.384438281907933e-06
4.0352078940486535e-06
3.2022539926401805e-06
4.149362212046981e-06
4.024055670015514e-06
3.2226294024439994e-06
5.34589071321534e-06
3.4868007787736133e-06
5.836887339683017e-06
5.028641226090258e-06
4.666956101573305e-06
3.302882987554767e-06
4.0391732909483835e-06
4.55951294497936e-06
3.902077423845185e-06
3.5070343074039556e-06
2.9870993785152677e-06
3.594813733798219e-06
3.6227484088158235e-06
3.3141109270218294e-06
3.73482203031017e-06
3.7345844248193316e-06
4.802740022569196e-06
2.982247224281309e-06
3.221014821974677e-06
3.8210478123801295e-06
2.809110355883604e-06
3.5332300285517704e-06
3.3381465982529335e-06
3.258351171098184e-06
3.5659891182149295e-06
4.2379369915579446e-06
3.1220833989209495e-06
3.5647692584461765e-06
3.1641397981729824e-06
2.9583891318907263e-06
3.6298984014138114e-06
2.805871417876915e-06
3.9031406231515575e-06
4.815401553059928e-06
3.6535350318445126e-06
3.96904079025262e-06
4.998517852072837e-06
4.134645223530242e-06
4.277108928363305e-06
4.007025381724816e-06
3.328439561300911e-06
2.832153313647723e-06
3.5227271837356966e-06
3.0235000849643257e-06
3.11688199872151e-06
3.6410806387721095e-06
3.791962626564782e-06
2.4704222596483305e-06
4.408696440805215e-06
4.766484380525071e-06
3.4361755751888268e-06
4.823316885449458e-06
4.152604560658801e-06
4.13548013966647e-06
4.929814167553559e-06
3.8613811739196535e-06
3.7565680486295605e-06
3.742441549547948e-06
3.894670498993946e-06
4.530480509856716e-06
3.811140231846366e-06
5.410269295680337e-06
4.304370577301597e-06
3.715137609106023e-06
2.8504878173407633e-06
3.6783837913390016e-06
3.302789082226809e-06
4.755966074299067e-06
3.4447170946805272e-06
3.993779500888195e-06
3.36969628733641e-06
4.071862349519506e-06
3.724114549186197e-06
3.5985399335913826e-06
3.5123571251460817e-06
4.384638941701269e-06
3.286708306404762e-06
5.02545162817114e-06
6.523412594106048e-06
5.8181112763122655e-06
3.207570443919394e-06
3.9465357986046e-06
3.915984507329995e-06
4.374403943074867e-06
3.6384360555530293e-06
3.1325139389082324e-06
3.4408099054417107e-06
3.2614075280434918e-06
3.141887191304704e-06
3.98792371925083e-06
3.5388775359024294e-06
3.617751644924283e-06
3.29533577314578e-06
3.2953744266706053e-06
4.963868832419394e-06
2.8643016776186414e-06
3.847309926641174e-06
3.195503722963622e-06
5.997384505462833e-06
6.08118534728419e-06
3.708008080138825e-06
3.5347952689335216e-06
3.5707798815565184e-06
5.415870873548556e-06
5.542971848626621e-06
4.2400438360346016e-06
3.635122084233444e-06
4.608451490639709e-06
3.7531931411649566e-06
3.1785075407242402e-06
4.501547664403915e-06
5.940664323134115e-06
5.5440077630919404e-06
4.294469363230746e-06
4.142445050092647e-06
5.45935381524032e-06
4.513642124948092e-06
4.563217771647032e-06
5.288063221087214e-06
4.76687364425743e-06
4.302865363570163e-06
2.693476744752843e-06
4.123823146073846e-06
2.766135139609105e-06
3.406968517083442e-06
3.558457592589548e-06
3.7977597457938828e-06
3.022553755727131e-06
5.19557943334803e-06
2.65786866293638e-06
4.0153618101612665e-06
4.2093834053957835e-06
4.243466719344724e-06
3.549821940396214e-06
3.953047780669294e-06
3.362703182574478e-06
4.122917744098231e-06
3.683952400024282e-06
6.500946710730204e-06
2.980287490572664e-06
2.8808503884647507e-06
2.5922636268660426e-06
3.413322474443703e-06
3.7930713006062433e-06
4.124188762943959e-06
3.846702384180389e-06
3.543299271768774e-06
3.4195668376924004e-06
4.0934655771707185e-06
3.450443955443916e-06
4.658752459363313e-06
4.024744157504756e-06
3.926270892407047e-06
4.760260253533488e-06
5.651513674820308e-06
3.9565034057886805e-06
3.889334948325995e-06
5.310280357662123e-06
4.7778098632988986e-06
4.336568963481113e-06
4.168754458078183e-06
3.577546522137709e-06
3.0698383852723055e-06
4.992622052668594e-06
3.3972753499256214e-06
2.932950792455813e-06
4.1676075852592476e-06
4.992267804482253e-06
4.946397439198336e-06
4.60693854620331e-06
3.5421485335973557e-06
3.1300680802814895e-06
4.023326255264692e-06
3.344917786307633e-06
4.648788035410689e-06
2.8579381705640117e-06
3.887145339831477e-06
3.822436610789737e-06
2.9202956284279935e-06
3.261378424213035e-06
3.7955387597321533e-06
4.026753686048323e-06
3.7934580632281723e-06
4.083884050487541e-06
3.911362910002936e-06
4.3887212086701766e-06
2.9320142402866622e-06
3.7323804917832604e-06
2.5102463041548617e-06
2.981530997203663e-06
3.0231603886932135e-06
2.7763778689404717e-06
2.7973539999948116e-06
3.3012461244652513e-06
2.7712910650734557e-06
3.3350152079947293e-06
2.9681339128728723e-06
4.54694963991642e-06
2.8354420464893337e-06
3.2168454708880745e-06
3.2760431167844217e-06
3.824290615739301e-06
2.9419647944450844e-06
2.7048131414630916e-06
3.670858404802857e-06
4.511815404839581e-06
3.2074233331513824e-06
3.7740071547887055e-06
3.5762857351073762e-06
3.7946770135022234e-06
2.9612224352604244e-06
3.0918645279598422e-06
6.346339887386421e-06
3.4314098229515366e-06
3.1126678550208453e-06
3.4710803902271437e-06
4.638802693079924e-06
3.3016058296198025e-06
4.124062797927763e-06
3.088048288191203e-06
3.911484782292973e-06
5.055795554653741e-06
5.1297856771270745e-06
3.575344180717366e-06
2.921549139500712e-06
3.270546585554257e-06
3.974941137130372e-06
4.017200808448251e-06
3.819650373770855e-06
2.5377726160513703e-06
3.2032260151027003e-06
3.970365469285753e-06
5.116866759635741e-06
2.98453051073011e-06
4.221300514473114e-06
6.10225379205076e-06
4.673961939261062e-06
3.4747599784168415e-06
4.296362476452487e-06
3.2688226383470464e-06
5.519570095202653e-06
5.572283043875359e-06
4.262466518412111e-06
3.456643980825902e-06
3.2040325095294975e-06
2.6954940040013753e-06
3.4914803563879104e-06
4.443485067895381e-06
3.5265895803604508e-06
3.026530066563282e-06
2.3921634237922262e-06
4.483353222894948e-06
3.8469743230962195e-06
3.5192890663893195e-06
4.496931978792418e-06
3.0226879061956424e-06
2.5249837563023902e-06
2.71559019893175e-06
4.122104655834846e-06
3.550340125002549e-06
4.7514067773590796e-06
3.480825853330316e-06
3.2060372632258805e-06
2.748465703916736e-06
3.975962954427814e-06
3.2198161079577403e-06
2.411818968539592e-06
3.810776888713008e-06
6.649894203292206e-06
3.3811070352385286e-06
3.1461549951927736e-06
3.458231276454171e-06
3.784208274737466e-06
4.327829174144426e-06
4.1799121390795335e-06
5.223523658060003e-06
4.124739461985882e-06
4.924770564684877e-06
4.392338723846478e-06
4.635146524378797e-06
3.5859243325830903e-06
3.355619810463395e-06
3.359640231792582e-06
2.4402179406024516e-06
3.446251412242418e-06
3.6924780033587012e-06
3.3516901112307096e-06
3.839085366053041e-06
3.4722452255664393e-06
3.143650246784091e-06
3.6421856748347636e-06
3.5934124298364623e-06
3.2302857562171994e-06
5.383712050388567e-06
3.3703920507832663e-06
2.7758355827245396e-06
3.723696408997057e-06
5.257685188553296e-06
2.7458543172542704e-06
3.635952452896163e-06
3.379477902853978e-06
2.5518429538351484e-06
3.7888064525759546e-06
3.7281602089933585e-06
3.5027851481572725e-06
3.585999138522311e-06
5.0426979214535095e-06
3.894172095897375e-06
3.5616985769593157e-06
3.0257201615313534e-06
2.4903345092752716e-06
2.7158566808793694e-06
3.8123639569676016e-06
3.460543666733429e-06
3.9551737245346885e-06
3.451304337431793e-06
3.621919177021482e-06
3.2212669793807436e-06
2.7003854938811855e-06
3.2584684959147125e-06
3.338168426125776e-06
3.120917199339601e-06
2.6855816486204276e-06
2.617535301396856e-06
2.8080744414182846e-06
3.6326769077277277e-06
4.087984052603133e-06
2.710190074139973e-06
3.734363417606801e-06
4.3681220631697215e-06
3.3142957818199648e-06
2.437184775772039e-06
2.4445328108413378e-06
4.130770321353339e-06
3.862624907924328e-06
3.1788447358849226e-06
4.482842996367253e-06
4.582716428558342e-06
3.4901522667496465e-06
4.429400178196374e-06
2.4445398594252765e-06
4.312548753659939e-06
2.703794052649755e-06
3.155429112666752e-06
3.7568579500657506e-06
3.295575424999697e-06
2.7043615773436613e-06
3.154548267048085e-06
3.146613835269818e-06
2.928235971921822e-06
2.7212663553655148e-06
2.8685558390861843e-06
2.9558577807620168e-06
2.89873287329101e-06
2.794074134726543e-06
3.1604524792783195e-06
2.7592141123022884e-06
3.573341473384062e-06
2.739272531471215e-06
3.906778601958649e-06
2.9754642127954867e-06
2.839476792360074e-06
3.0413975764531642e-06
3.209303713447298e-06
3.2511429708392825e-06
4.650416030926863e-06
3.081075647060061e-06
3.257081516494509e-06
3.0519524898409145e-06
2.9176358111726586e-06
4.462392098503187e-06
3.855316208500881e-06
2.814620984281646e-06
4.408057066029869e-06
2.6141246962652076e-06
4.1045000216399785e-06
3.2636230571370106e-06
4.063145752297714e-06
2.5400215690751793e-06
2.9319753593881615e-06
3.250474719607155e-06
2.7596292966336478e-06
3.1186182241071947e-06
3.054721901207813e-06
4.03621652367292e-06
3.1746421882417053e-06
3.500112143228762e-06
4.839004304812988e-06
3.6306403217167826e-06
3.5259286050859373e-06
2.618623284433852e-06
3.3560777410457376e-06
3.7971512938383967e-06
3.1076854156708578e-06
3.6970554901927244e-06
2.8330343866400653e-06
2.8150172965979436e-06
3.1477825359615963e-06
4.191231710137799e-06
2.758725941021112e-06
2.820254621838103e-06
3.617419224610785e-06
3.935670065402519e-06
2.6601787794788834e-06
3.7367844925029203e-06
3.4253380363225006e-06
2.518804194551194e-06
3.123367605439853e-06
3.4876420613727532e-06
3.3449005059082992e-06
4.612820703187026e-06
3.5594632663560333e-06
2.8233157536305953e-06
2.604440169307054e-06
3.4648751352506224e-06
3.5472635318001267e-06
3.011729177160305e-06
3.2360958357458003e-06
2.6385794171801535e-06
2.606390580695006e-06
3.243607352487743e-06
3.167708882756415e-06
2.9932475626992527e-06
3.475791345408652e-06
3.123685246464447e-06
2.512169203328085e-06
2.567841420386685e-06
4.057945716340328e-06
2.576904989837203e-06
2.9167867978685535e-06
4.459816864255117e-06
3.4943757327710046e-06
2.8223482786415843e-06
3.453684030318982e-06
2.708659167183214e-06
2.093031525873812e-06
2.3245638658409007e-06
2.037478225247469e-06
2.226948254246963e-06
1.7997815575654386e-06
2.6386321678728564e-06
2.9861198527214583e-06
2.460408495608135e-06
2.5619683583499864e-06
3.4276763472007588e-06
2.1977198230160866e-06
4.019164407509379e-06
3.095494776061969e-06
3.1055787985678762e-06
3.1479632980335737e-06
2.3820628030080115e-06
2.2400297439162387e-06
2.3599584437761223e-06
2.5734732389537385e-06
2.645852418936556e-06
5.115255135024199e-06
3.231057689845329e-06
2.478793931004475e-06
2.6764910217025317e-06
2.4162238787539536e-06
2.5212518721673405e-06
2.5405445285286987e-06
3.7711806726292707e-06
2.8573142571985954e-06
2.2648753201792715e-06
2.526285697967978e-06
2.9930679374956526e-06
2.2954736778046936e-06
3.441474291321356e-06
3.659527465060819e-06
2.6556444936431944e-06
2.8796744118153583e-06
3.347825895616552e-06
2.6416582841193303e-06
3.0139285627228674e-06
2.8612555524887284e-06
4.337120117270388e-06
3.3374049053236376e-06
2.9148579869797686e-06
3.0743742627237225e-06
2.2461265416495735e-06
3.3408812214474892e-06
3.940982423955575e-06
3.0876303753757384e-06
3.6422256926016416e-06
4.871247710980242e-06
3.208633188478416e-06
3.426609509915579e-06
4.004227776022162e-06
4.6618961277999915e-06
2.628267111504101e-06
3.3874789551191498e-06
2.9456157335516764e-06
3.9207325244206e-06
5.220075763645582e-06
4.6357536120922305e-06
2.887509708671132e-06
3.2983457458612975e-06
3.992995516455267e-06
3.974993887823075e-06
4.555618033919018e-06
3.6689584703708533e-06
3.6047367757419124e-06
2.5419767553103156e-06
3.0420701477851253e-06
2.6939706003759056e-06
2.3894426703918725e-06
3.7184042867011158e-06
2.095175432259566e-06
2.6492161850910634e-06
3.301988726889249e-06
2.4180562832043506e-06
3.569695763872005e-06
2.833209236996481e-06
2.464083991071675e-06
2.731934728217311e-06
2.360703774684225e-06
2.3720708668406587e-06
3.308989107608795e-06
2.655020580277778e-06
2.9236443879199214e-06
2.7596911422733683e-06
2.976159066747641e-06
1.911616209326894e-06
1.7852518112704274e-06
1.7789265029932722e-06
2.3638613129151054e-06
2.920219912994071e-06
3.031634150829632e-06
2.093996954499744e-06
2.011765673159971e-06
2.651544491527602e-06
2.551417082941043e-06
2.5054409888980445e-06
2.012888216995634e-06
2.595738351374166e-06
3.6095357245358173e-06
2.5089975679293275e-06
2.786312506941613e-06
2.2795436507294653e-06
2.2113576960691717e-06
3.100322146565304e-06
3.3001470001181588e-06
4.491946128837299e-06
3.1942026907927357e-06
3.1427225621882826e-06
3.4341951504757162e-06
3.180745125064277e-06
2.4328373910975643e-06
2.691088866413338e-06
3.3613650884944946e-06
3.0293613235699013e-06
2.8117960937379394e-06
2.573096026026178e-06
2.306426722498145e-06
1.98227598957601e-06
2.419553993604495e-06
2.4574519557063468e-06
2.1595390080619836e-06
2.20139713746903e-06
2.875513473554747e-06
2.370757783864974e-06
3.3840894957393175e-06
2.4967775971163064e-06
3.4490524285502033e-06
3.3493784030724782e-06
3.747636583284475e-06
2.924542968685273e-06
2.8873632800241467e-06
2.71160934062209e-06
2.2232522951526335e-06
3.168118382745888e-06
3.3043104394891998e-06
2.8296876735112164e-06
2.3588672775076702e-06
3.204535460099578e-06
2.485498271198594e-06
2.3023642370390007e-06
2.3954478365340037e-06
4.555377017823048e-06
2.777896042971406e-06
3.041616082555265e-06
2.425291768304305e-06
2.7526562007551547e-06
2.298836534464499e-06
2.764907549135387e-06
3.1865986329648877e-06
2.156047230528202e-06
1.8656687643670011e-06
2.7526684789336286e-06
1.8164730590797262e-06
1.6944264871199266e-06
3.2071063742478145e-06
2.363742623856524e-06
2.228823177574668e-06
2.5620647647883743e-06
3.4267791306774598e-06
2.078779061776004e-06
2.977227040901198e-06
2.3984457584447227e-06
2.9933578389318427e-06
3.2984107747324742e-06
3.399597517272923e-06
3.1444035357708344e-06
2.881355840145261e-06
2.1837047370354412e-06
2.905626843130449e-06
3.245706466259435e-06
2.7355570182407973e-06
2.128902451659087e-06
2.5691933842608705e-06
2.228240873591858e-06
2.373952611378627e-06
2.2386554974218598e-06
2.8473946258600336e-06
2.4138239496096503e-06
1.761142357281642e-06
2.3286306713998783e-06
1.6281283024000004e-06
2.5407553039258346e-06
1.939406956807943e-06
1.731320708131534e-06
2.658079438333516e-06
2.2230644844967173e-06
2.4111056973197265e-06
2.2291974346444476e-06
2.3454069832951063e-06
2.2940932922210777e-06
2.4431435576843796e-06
3.0331534617289435e-06
3.128379148620297e-06
2.5202730284945574e-06
3.6692572393803857e-06
2.3389202397083864e-06
2.433843292237725e-06
2.2445383365266025e-06
3.075287622777978e-06
2.2945748696656665e-06
2.1793562154925894e-06
2.2915014596947003e-06
3.1114479952520924e-06
2.2289732442004606e-06
1.9716774204425747e-06
4.70944951302954e-06
2.517858774808701e-06
2.7850492188008502e-06
3.2965344871627167e-06
2.616236315589049e-06
3.276230017945636e-06
3.0713754313183017e-06
1.9114511360385222e-06
2.358828623982845e-06
2.5408705823792843e-06
2.399019876975217e-06
2.9269535843923222e-06
2.353639274588204e-06
1.995324282688671e-06
3.5983418911200715e-06
2.538280796215986e-06
1.9659969439089764e-06
3.1462666356674163e-06
3.5151651900378056e-06
2.4686776214366546e-06
3.723073632500018e-06
2.4825635591696482e-06
2.6553768748271978e-06
2.7096550638816552e-06
3.6982739857194247e-06
2.6271693513990613e-06
1.9550891465769382e-06
2.0175780264253262e-06
1.936847183969803e-06
2.257617325085448e-06
1.9605583929660497e-06
2.0148511339357356e-06
2.2406925381801557e-06
2.6662273739930242e-06
2.558052983658854e-06
2.1471737454703543e-06
1.7328193280263804e-06
1.8300315787200816e-06
2.179216380682192e-06
2.991360361193074e-06
2.232108272437472e-06
2.5423978513572365e-06
2.9169300432840828e-06
3.723259396792855e-06
2.4151318029907998e-06
2.129720542143332e-06
2.1627749902108917e-06
2.382343154749833e-06
1.8384214399702614e-06
2.5331196411571e-06
1.8868022380047478e-06
1.975895429495722e-06
2.204642214564956e-06
1.8001586568061612e-06
2.1098476281622425e-06
2.7072323973698076e-06
2.6615289243636653e-06
2.418819349259138e-06
1.6346305073966505e-06
1.8470141185389366e-06
1.9620624698291067e-06
3.466899670456769e-06
2.810277464959654e-06
2.2833619368611835e-06
2.1425344129966106e-06
2.5846852622635197e-06
1.923509444168303e-06
1.987798896152526e-06
2.4158171072485857e-06
1.7835586731962394e-06
2.1344326341932174e-06
3.895293957612012e-06
2.5900751552399015e-06
2.05419200938195e-06
2.516970198485069e-06
3.515255230013281e-06
2.464564204274211e-06
2.5071080926863942e-06
2.5414215087948833e-06
2.4491516796842916e-06
2.422817487968132e-06
2.315838628419442e-06
2.023589104283019e-06
1.7272974446314038e-06
2.1610558178508654e-06
1.4351599020301364e-06
2.2919739421922714e-06
1.643490122660296e-06
2.430374934192514e-06
2.1336134068405954e-06
2.1897467377129942e-06
2.0571965251292568e-06
1.8627920326252934e-06
2.080696276607341e-06
2.3046618480293546e-06
2.5518384063616395e-06
2.685933168322663e-06
2.1362434381444473e-06
2.411377863609232e-06
2.4242845029220916e-06
1.8778980575007154e-06
1.8284490579389967e-06
1.7174521644847118e-06
1.7417519302398432e-06
1.6657646710882545e-06
1.7305874280282296e-06
2.4033186036831466e-06
1.5895842579993769e-06
2.1528999241127167e-06
1.8326668396184687e-06
2.0560571556416107e-06
2.078161060126149e-06
2.2215162971406244e-06
1.8621558410814032e-06
2.2499702936329413e-06
1.7610763052289258e-06
1.9521467038430274e-06
1.9594101559050614e-06
2.508274064894067e-06
2.0772583866346395e-06
2.594304987724172e-06
2.5402084702363936e-06
2.1134201233508065e-06
2.073108589684125e-06
2.054842525467393e-06
2.440468961140141e-06
2.7432749902800424e-06
2.3367251742456574e-06
2.557254902058048e-06
2.4991450118250214e-06
2.272259962410317e-06
2.2685944713884965e-06
2.082505943690194e-06
1.8168432234233478e-06
2.955957370431861e-06
3.1688828130427282e-06
1.5493970977331628e-06
1.8234077288070694e-06
2.8562692477862583e-06
1.9863477973558474e-06
1.4869337974232621e-06
1.8834743968909606e-06
2.282863988511963e-06
2.1281055069266586e-06
2.0905970359308412e-06
2.461227268213406e-06
1.62455512509041e-06
1.5951152363413712e-06
2.283032245031791e-06
1.4796379446124774e-06
1.951079411810497e-06
1.9689327928062994e-06
2.732977009145543e-06
2.3919260456750635e-06
2.0370659967738902e-06
3.1991025934985373e-06
2.72257193500991e-06
1.7689135347609408e-06
2.9553343665611465e-06
3.3357366646669107e-06
2.18140849028714e-06
3.069663762289565e-06
1.7916017895913683e-06
2.20585252463934e-06
3.261466190451756e-06
2.4281021069327835e-06
2.10511143450276e-06
2.73484283752623e-06
3.3660182907624403e-06
2.6110026283276966e-06
2.4739874788792804e-06
1.586402504472062e-06
2.0595134628820233e-06
2.494256023055641e-06
2.140159949703957e-06
2.413295987935271e-06
1.6304152268276084e-06
1.6203975974349305e-06
1.5208750028250506e-06
1.5866705780354096e-06
1.8499789575798786e-06
1.916540441015968e-06
1.9465878722257912e-06
2.5533918233122677e-06
1.719844021863537e-06
2.1445853235491086e-06
1.3742778719461057e-06
2.0144300378888147e-06
1.6549880683669471e-06
1.7926957980307634e-06
1.6553182149436907e-06
2.4832700091792503e-06
1.8699224710871931e-06
3.3417165923310677e-06
1.7157290130853653e-06
1.9504368538036942e-06
2.101036216117791e-06
1.9354488358658273e-06
1.8040086615656037e-06
1.5800354731254629e-06
2.106382680722163e-06
2.0143140773143386e-06
2.412372623439296e-06
1.7183012914756546e-06
2.1170239961065818e-06
2.419535348963109e-06
1.5286025245586643e-06
1.8537688220021664e-06
1.4688959026898374e-06
2.0278532701922813e-06
1.3741962447966216e-06
2.0916222638334148e-06
2.5986250875575934e-06
1.791278918972239e-06
2.0661127564380877e-06
1.8456294128554873e-06
1.7908726022142218e-06
1.46176284943067e-06
1.6832557321322383e-06
1.8592548940432607e-06
1.669997345743468e-06
1.835542548178637e-06
1.4405147794605e-06
1.5818470728845568e-06
1.8580844880489167e-06
2.334419605176663e-06
2.5765943973965477e-06
2.2192239157448057e-06
1.9098035863862606e-06
1.951393414856284e-06
1.4626793927163817e-06
2.019078920056927e-06
2.786431196000194e-06
2.0082991341041634e-06
2.0915524601150537e-06
2.2535521111421986e-06
2.631963070598431e-06
2.0057486835867167e-06
2.0210704860801343e-06
1.985005610549706e-06
1.6170496337508666e-06
1.5730161067040171e-06
2.4026958271861076e-06
2.0289510302973213e-06
2.477944462953019e-06
1.7540482986078132e-06
1.564402623444039e-06
1.5764214822411304e-06
1.976131443370832e-06
1.610760023140756e-06
2.668205752343056e-06
2.0039576611452503e-06
1.344621523458045e-06
1.282470748265041e-06
2.2530387013830477e-06
2.153395143977832e-06
1.7244524315174203e-06
2.2808169433119474e-06
2.44317197939381e-06
2.5722611098899506e-06
2.299650077475235e-06
1.6522267287655268e-06
2.3051609332469525e-06
1.560886857987498e-06
2.453391289236606e-06
1.9626970697572688e-06
2.3819918624212733e-06
2.6505201731197303e-06
1.340652829640021e-06
2.316053496542736e-06
1.881203615994309e-06
1.6444517996205832e-06
1.3021054883211036e-06
1.9468184291326907e-06
1.6123916566357366e-06
1.9120602701150347e-06
1.4108003369983635e-06
1.524849608358636e-06
1.71543138094421e-06
2.1224886950221844e-06
1.7962134961635456e-06
1.199164216814097e-06
1.834617933127447e-06
1.5838388662814396e-06
2.323841272300342e-06
1.8141399777960032e-06
1.6421380450992729e-06
2.4278742785099894e-06
1.929959125845926e-06
1.8551324956206372e-06
1.5304988210118609e-06
2.7191595108888578e-06
1.3451569884637138e-06
1.7485893977209344e-06
2.0024740479129832e-06
2.1838773136551026e-06
1.7614590888115345e-06
1.4958482097426895e-06
2.1164646568649914e-06
2.248403461635462e-06
1.8383238966634963e-06
2.1454579837154597e-06
2.242265509266872e-06
2.7494497771840543e-06
1.4319288084152504e-06
1.5657356016163249e-06
1.6752225064919912e-06
2.0568743366311537e-06
3.0066867111600004e-06
2.0568686522892676e-06
1.7596197494640364e-06
1.907488694996573e-06
1.164406512543792e-06
2.144727659469936e-06
1.5289319890143815e-06
2.3602287910762243e-06
1.7555041722516762e-06
1.6053843410190893e-06
1.8194263020632206e-06
2.5391245799255557e-06
1.9998599327664124e-06
1.9245376279286575e-06
1.8451926280249609e-06
1.8081855159834959e-06
2.0064262571395375e-06
2.1595365069515537e-06
1.2276204870431684e-06
1.4465787216977333e-06
2.7464247978059575e-06
2.3932332169351866e-06
2.2291369532467797e-06
1.9362112197995884e-06
2.1645771539624548e-06
2.369862158957403e-06
1.9639448964881012e-06
2.5885105969791766e-06
4.079783593624597e-06
2.088131395794335e-06
1.9899255221389467e-06
1.9337314824952045e-06
2.4549776753701735e-06
1.361692284262972e-06
1.7635413769312436e-06
2.360361577302683e-06
1.420887542735727e-06
1.959003157026018e-06
1.5030562963147531e-06
2.8800336622225586e-06
2.1260934772726614e-06
1.1858625157401548e-06
1.6951541965681827e-06
1.5305126908060629e-06
2.106751480823732e-06
2.4328833205800038e-06
1.3149312962923432e-06
1.959627525138785e-06
1.9007660512215807e-06
1.627272467885632e-06
1.8425719190418022e-06
2.4155297069228254e-06
2.1809892132296227e-06
2.567119508967153e-06
1.6112983303173678e-06
3.1425131510331994e-06
1.8572981161923963e-06
1.7824625047069276e-06
2.609954208310228e-06
1.8256487237522379e-06
2.7700430109689478e-06
1.9173603504896164e-06
2.9537179671024205e-06
2.4480286811012775e-06
2.728306299104588e-06
1.8207540506409714e-06
1.7914721865963656e-06
2.4700086669326993e-06
2.4267294520541327e-06
1.9783446987275966e-06
1.8244543298351346e-06
1.984298251045402e-06
2.3291104298550636e-06
1.5859915265536983e-06
1.904407895381155e-06
1.8145613012165995e-06
2.1837668100488372e-06
2.447810857120203e-06
1.980410843316349e-06
1.628863969926897e-06
2.318999577255454e-06
2.0629486243706197e-06
2.6137654458580073e-06
1.5362243175331969e-06
2.46814443016774e-06
1.7099446267820895e-06
1.8859113879443612e-06
2.491915211066953e-06
2.1906980691710487e-06
1.8926439224742353e-06
1.965225692401873e-06
2.2943841031519696e-06
1.5157686448219465e-06
1.2635175608011195e-06
1.37390043164487e-06
1.4553920664184261e-06
1.6200663139898097e-06
2.3072566364135128e-06
1.6852420685609104e-06
1.8696401866691303e-06
1.5946563962643268e-06
1.3914329883846221e-06
2.145425241906196e-06
1.669572270657227e-06
1.7242421108676353e-06
1.672736743785208e-06
2.3356803922069957e-06
1.7189636309922207e-06
2.175230520151672e-06
1.683221967141435e-06
1.5882360457908362e-06
1.4845936675556004e-06
2.5099557205976453e-06
2.045119799731765e-06
2.059482540062163e-06
2.68695521299378e-06
2.200587232437101e-06
1.8411224118608516e-06
3.1087126899365103e-06
1.5516983467023238e-06
1.7051436316251056e-06
1.0041131872640108e-06
1.7084332739614183e-06
2.3182874429039657e-06
1.6698776335033472e-06
2.1070727598271333e-06
1.8341272607358405e-06
1.95012171388953e-06
1.4472806242338265e-06
2.0154923277004855e-06
1.3135536391928326e-06
1.8216915123048238e-06
1.479893398936838e-06
1.0801053349496215e-06
1.6707726899767295e-06
1.754509071361099e-06
1.6453006992378505e-06
1.3361535593503504e-06
1.2869102192780701e-06
1.2784621503669769e-06
1.603821601747768e-06
1.4983116898292792e-06
1.5526247807429172e-06
2.1601128992188023e-06
2.0192812826280715e-06
1.7156929743578075e-06
1.4949174556022626e-06
2.169428626075387e-06
1.5982734566932777e-06
1.3021092399867484e-06
1.708057311589073e-06
1.5316359167627525e-06
1.706147259028512e-06
1.586418875376694e-06
1.2726035265586688e-06
1.8189813317803782e-06
1.4060956345929299e-06
1.6003615428417106e-06
1.6829269497975474e-06
1.588363943483273e-06
1.2523529449026682e-06
1.536250010758522e-06
1.5320313195843482e-06
2.068901494567399e-06
1.663065518187068e-06
2.1216858385741943e-06
1.7726622445479734e-06
1.8890500541601796e-06
1.7532098581796163e-06
2.135315298801288e-06
1.4739457583345938e-06
1.302585587836802e-06
2.100529400195228e-06
1.5126672678889008e-06
2.355062406422803e-06
2.1495668534043944e-06
1.762846522979089e-06
1.573103190821712e-06
1.906632746795367e-06
2.3475231500924565e-06
1.750191245264432e-06
1.7879854112834437e-06
1.9610677099990426e-06
2.401954134256812e-06
1.5042829772937694e-06
2.47691900767677e-06
1.635126864130143e-06
1.2932398476550588e-06
1.756822939569247e-06
1.6839244381117169e-06
1.935466116265161e-06
1.8990987200595555e-06
2.2589426862396067e-06
2.0113207028771285e-06
1.6113722267618868e-06
2.011366632359568e-06
2.2926594738237327e-06
2.69487054538331e-06
1.5823990224816953e-06
2.148243083865964e-06
3.055757133552106e-06
2.0022557691845577e-06
1.6293132603095728e-06
2.9293805710040033e-06
1.8791728280120878e-06
1.8927257769973949e-06
1.3670196494786069e-06
2.1998455395078054e-06
1.3538976872951025e-06
1.6090006056401762e-06
2.2437154711951734e-06
2.482592208252754e-06
1.4288245893112617e-06
1.5853197510296013e-06
1.8176316416429472e-06
1.5002010513853747e-06
2.3412378595821792e-06
2.0135023532930063e-06
2.1245321022433927e-06
1.7541784700370044e-06
1.778179239408928e-06
1.9464623619569466e-06
1.8404987258691108e-06
1.557468294777209e-06
2.2084766442276305e-06
1.7384259081154596e-06
2.0944867173966486e-06
2.6794407403940568e-06
2.5023255147971213e-06
1.67574251008773e-06
1.1891179383383133e-06
2.1335888504836475e-06
1.7179253291033092e-06
3.895857844327111e-06
1.9545223040040582e-06
1.5944089000186068e-06
1.6911787952267332e-06
1.3386827504291432e-06
1.4473027931671822e-06
1.6046940345404437e-06
2.4487617338309065e-06
1.3814378689858131e-06
1.8999047597390017e-06
1.8147927676182007e-06
1.9071593442276935e-06
1.42902126754052e-06
1.3321634924068348e-06
2.0398056221893057e-06
1.5952567764543346e-06
1.6376317262256634e-06
1.9700182747328654e-06
1.474942564527737e-06
2.200631342930137e-06
1.3455837688525207e-06
1.3802812190988334e-06
1.4699563735121046e-06
1.2830709010813734e-06
1.451102434657514e-06
1.7221434518432943e-06
1.6153442174982047e-06
1.3633259641210316e-06
2.021323325607227e-06
1.532666033199348e-06
1.4605851674787118e-06
1.518201543149189e-06
1.8243936210637912e-06
1.2589832749654306e-06
1.3110601457810844e-06
1.7931110960489605e-06
2.5833719519141596e-06
2.2224519398150733e-06
1.8479813661542721e-06
1.3097665032546502e-06
1.930830194396549e-06
1.540086373097438e-06
1.562988359182782e-06
1.1560264283616561e-06
1.8993323465110734e-06
1.806023874451057e-06
1.5857951893849531e-06
2.161397787858732e-06
1.8838934465748025e-06
1.2553136912174523e-06
1.8458054000802804e-06
1.706692046354874e-06
1.5501888128710561e-06
1.3846711226506159e-06
1.536087893327931e-06
1.5563570059384801e-06
1.3366530993152992e-06
2.0501777271419996e-06
1.5896191598585574e-06
1.707297315078904e-06
1.5156235804170137e-06
1.9000560769200092e-06
1.205690978167695e-06
1.8369523786532227e-06
1.3881176528229844e-06
1.5486583606616477e-06
1.979188255063491e-06
1.4676618320663692e-06
1.3142891930328915e-06
1.4454232086791308e-06
1.2555450439322158e-06
1.8706102764554089e-06
1.3161288734409027e-06
1.349851686427428e-06
1.7822359268393484e-06
1.3260987543617375e-06
1.4151947880236548e-06
1.9171802705386654e-06
1.012361963148578e-06
1.4682084383821348e-06
1.1489893267935258e-06
1.4503489182970952e-06
1.3648660797116463e-06
1.3106263168083387e-06
1.3342460079002194e-06
9.004334060591646e-07
1.4231077329895925e-06
1.6622292378087877e-06
1.4629258657805622e-06
1.4670521295556682e-06
1.4818311910858029e-06
2.128469532181043e-06
1.7729828414303483e-06
1.3893962886868394e-06
1.5440062952620792e-06
1.5007883575890446e-06
1.5258190160238883e-06
1.9849640011671e-06
1.1685531262628501e-06
1.6958429114311002e-06
1.4478096090897452e-06
1.4432953321374953e-06
1.611774450793746e-06
1.5114021607587347e-06
1.4477460581474588e-06
1.5017951682239072e-06
1.24916437016509e-06
1.0171991107199574e-06
2.532241978769889e-06
2.297332002854091e-06
1.1695294688252034e-06
1.8430703221383737e-06
1.2489347227528924e-06
1.999150299525354e-06
9.821428648137953e-07
1.3030742138653295e-06
1.7381007637595758e-06
1.3242454315331997e-06
1.5349716022683424e-06
1.984792106668465e-06
1.4428414942813106e-06
1.5831124073883984e-06
1.4637680578744039e-06
1.6279527699225582e-06
1.201400891659432e-06
1.9987462565040914e-06
1.5201935639197472e-06
1.8439429823047249e-06
1.2080524811608484e-06
1.1379351008145022e-06
1.333296722805244e-06
1.4321503840619698e-06
1.2523140640041674e-06
1.5844138943066355e-06
1.2118466656829696e-06
1.710798755993892e-06
1.1040929166483693e-06
1.2704444998234976e-06
1.7174832009914098e-06
1.3676913113158662e-06
1.3919074035584345e-06
1.6371914171031676e-06
1.8359285149927018e-06
1.5605598946422106e-06
1.8148607523471583e-06
1.4000045212014811e-06
1.3278648793857428e-06
1.795775574464642e-06
2.2230383365240414e-06
1.182738287752727e-06
1.4494296465272782e-06
2.429900405331864e-06
1.8707783056015614e-06
1.5483296920137946e-06
1.7141926491603954e-06
1.1828274182335008e-06
1.3889953152101953e-06
1.6012207879612106e-06
1.993318619497586e-06
2.342674633837305e-06
2.417025370959891e-06
1.495852529842523e-06
1.1430903441578266e-06
1.5835207705094945e-06
1.6116146070999093e-06
1.7416859918739647e-06
2.060671704384731e-06
1.4555544112226926e-06
1.4369835525940289e-06
1.6007124941097572e-06
1.7275934851568309e-06
2.142369339708239e-06
1.6933291817622376e-06
1.3584964335677796e-06
1.3750911875831662e-06
1.2510924989328487e-06
2.0208124169585062e-06
1.5039381651149597e-06
1.5971513676049653e-06
1.6904034509934718e-06
1.5625637388438918e-06
1.4413651570066577e-06
1.892205432341143e-06
2.1210144041106105e-06
1.5796031220816076e-06
1.882568085420644e-06
1.3337374866750906e-06
1.286033921132912e-06
1.2016563459837926e-06
1.5687678569520358e-06
1.7300380932283588e-06
1.8626373048391542e-06
1.4101550505074556e-06
1.6776571101217996e-06
2.67447921942221e-06
1.6414435322076315e-06
1.3443363968690392e-06
1.6433951941507985e-06
1.3053428347120644e-06
1.4377538946064305e-06
1.1409860007915995e-06
1.747200258250814e-06
1.4369095424626721e-06
1.4149685512165888e-06
1.0378741990280105e-06
1.2388716186251258e-06
1.3218869980846648e-06
1.7929249906956102e-06
1.762403826433001e-06
1.245515932168928e-06
2.118018301189295e-06
2.3765039713907754e-06
2.1385490072134417e-06
1.8355481188336853e-06
1.9185658857168164e-06
1.8453037000654149e-06
1.5246675957314437e-06
2.239009063487174e-06
1.9682013316923985e-06
1.157744577540143e-06
1.8673915747058345e-06
1.4574022770830197e-06
2.1188866412558127e-06
1.4074552154852427e-06
2.0038023649249226e-06
1.2417908692441415e-06
1.52305108258588e-06
2.815557081703446e-06
1.6384801710955799e-06
2.933019004558446e-06
2.7163209779246245e-06
3.4747326935757883e-06
3.126106548734242e-06
1.800802351681341e-06
2.5625095076975413e-06
1.7987042610911885e-06
2.0830259472859325e-06
2.130019765900215e-06
2.4438941181870177e-06
1.844324742705794e-06
1.9081548998656217e-06
1.679735191828513e-06
1.5936852832965087e-06
1.772773885022616e-06
2.6602074285619892e-06
1.414792450304958e-06
1.6482185856148135e-06
1.6074241102614906e-06
1.6663318547216477e-06
1.94710787582153e-06
1.432730641681701e-06
1.954378603841178e-06
1.5000811117715784e-06
1.4580410834241775e-06
3.0050539407966426e-06
1.5357202300947392e-06
1.4861217323414166e-06
1.6349883935617981e-06
1.82012240657059e-06
1.5273699318640865e-06
1.8809425910149002e-06
1.6552122588109341e-06
1.3767829614153015e-06
1.6105861959658796e-06
1.5546490885753883e-06
1.2762936876242748e-06
2.016952976191533e-06
1.565904199196666e-06
1.3857981002729503e-06
1.0480612218088936e-06
1.8936889318865724e-06
1.9563153728086036e-06
1.8092873688146938e-06
1.971932078959071e-06
1.265790047000337e-06
1.485582970417454e-06
1.7802012735046446e-06
1.911746494442923e-06
1.5511848232563352e-06
1.7516418893137597e-06
1.3446608591038967e-06
1.8761804767564172e-06
1.8460023056832142e-06
1.37388246912451e-06
1.7073084563890006e-06
1.477773821534356e-06
2.3769011932017747e-06
1.4376247463587788e-06
1.4448280580836581e-06
1.341389975095808e-06
1.142760197581083e-06
1.616781219127006e-06
1.590186570865626e-06
1.2108134797017556e-06
1.7113549120040261e-06
1.3504059097613208e-06
2.3346110538113862e-06
2.407336978649255e-06
2.2022275061317487e-06
2.3151155801315326e-06
1.6345959465979831e-06
1.6481890270370059e-06
1.3464166386256693e-06
1.3337947848413023e-06
1.2425446129782358e-06
9.707182471174747e-07
1.3609194411401404e-06
1.3902895261708181e-06
1.4492163700197125e-06
1.4674934618597035e-06
1.3655603652296122e-06
1.4471183931163978e-06
1.2455984688131139e-06
2.0652273633459117e-06
1.322520688518125e-06
1.2623993370652897e-06
1.1897728882104275e-06
1.2394267514537205e-06
1.0510098036320414e-06
1.7939964891411364e-06
1.2143791536800563e-06
1.5546115719189402e-06
1.54100439431204e-06
1.3568037502409425e-06
1.0528506209084298e-06
1.0174958333664108e-06
2.8958911570953205e-06
8.072668151726248e-07
1.4216192312233034e-06
2.029223196586827e-06
1.8512544102122774e-06
1.7362301605317043e-06
1.4795130027778214e-06
1.4125715779300663e-06
1.4879482250762521e-06
1.6249482541752513e-06
1.7372394722769968e-06
2.3251266156876227e-06
1.659524400565715e-06
1.685808229012764e-06
1.915452230605297e-06
1.7343634226563154e-06
1.2021603197354125e-06
1.5601539189447067e-06
2.0134084479650483e-06
1.58368516167684e-06
1.5843106666579843e-06
1.8632840692589525e-06
1.6291618294417276e-06
1.5977966540958732e-06
1.3398615692494786e-06
1.2966793292434886e-06
1.4107329207035946e-06
1.5087673546076985e-06
1.5084934830156271e-06
1.4914412531652488e-06
1.4185961845214479e-06
1.6451666624561767e-06
1.0952468301184126e-06
2.7778905860031955e-06
2.0861648408754263e-06
1.3328698287295992e-06
1.392508352182631e-06
2.308507419002126e-06
1.688714746705955e-06
1.5433813587151235e-06
1.5776250847920892e-06
1.331501835011295e-06
1.667875380917394e-06
1.5719622297183378e-06
1.8311720850761048e-06
1.2434148857209948e-06
1.962124088095152e-06
1.546158955534338e-06
1.4253379276851774e-06
1.975483428395819e-06
1.2498217074607965e-06
1.6531935216335114e-06
1.5005942941570538e-06
1.585680934113043e-06
1.9740339212148683e-06
2.079684691125294e-06
1.3368191957852105e-06
1.8106069319401286e-06
1.2269722446944797e-06
1.8462826574250357e-06
1.8994057882082416e-06
1.1444957408457412e-06
1.510528136350331e-06
1.8244143120682565e-06
2.267507625219878e-06
1.9238323147874326e-06
1.891147348942468e-06
1.833136366258259e-06
2.1784335331176408e-06
1.6688292134858784e-06
1.7921552171173971e-06
1.9648186935228296e-06
1.5479110970773036e-06
1.35321920424758e-06
1.4034603736945428e-06
1.592358785273973e-06
1.3573444448411465e-06
1.3837254755344475e-06
1.6803260223241523e-06
1.8159278170060134e-06
1.4307690889836522e-06
8.93401306711894e-07
1.3956690736449673e-06
1.6212849232033477e-06
1.739241270115599e-06
1.715474695629382e-06
1.7334327822027262e-06
1.6937678992690053e-06
1.3613849887406104e-06
1.422989498678362e-06
1.3103154969940078e-06
1.2862268476965255e-06
1.3474243587552337e-06
1.993051228055265e-06
1.4961281067371601e-06
1.5846756014070706e-06
1.3861130128134391e-06
1.7169550119433552e-06
1.8894829736382235e-06
1.627706978979404e-06
1.595945150256739e-06
1.3913270322518656e-06
2.016542794081033e-06
1.7962167930818396e-06
1.6138776572915958e-06
1.4977790669945534e-06
2.224654508609092e-06
1.2749085271934746e-06
2.1622604435833637e-06
1.4621995205743588e-06
1.2998729062019265e-06
2.1456364720506826e-06
2.019544126596884e-06
1.8482380710338475e-06
1.7283005036006216e-06
1.935896989380126e-06
2.3913576114864554e-06
1.5845118923607515e-06
2.2102738057583338e-06
2.2876706680108327e-06
1.2935790891788201e-06
1.72266709341784e-06
1.538081960461568e-06
1.9572803466871846e-06
1.1680152738335892e-06
1.7815613091443083e-06
1.2396603779052384e-06
1.350759930573986e-06
1.3118593642502674e-06
2.3738657546346076e-06
1.4967083643568913e-06
1.6711753687559394e-06
1.5947930478432681e-06
1.4426412917600828e-06
1.4784629911446245e-06
1.5850068848521914e-06
1.3286146440805169e-06
1.1120740737169399e-06
1.7830707292887382e-06
1.6084755998235778e-06
1.756601591296203e-06
1.7666092162471614e-06
1.772136442923511e-06
1.1985300716332858e-06
1.4400467307496e-06
1.8941202597488882e-06
1.8175724108004943e-06
1.3026655096837203e-06
1.7675333765510004e-06
1.7112464547608397e-06
1.921809825944365e-06
2.470424533385085e-06
1.4955815004213946e-06
1.318679096584674e-06
1.6648087921566912e-06
1.4368158645083895e-06
1.8488899513613433e-06
1.8401216266283882e-06
1.5533976238657488e-06
1.5491827980440576e-06
1.8392975107417442e-06
1.8184455257141963e-06
1.4039935649634572e-06
1.3161745755496668e-06
1.6600303069935762e-06
1.3789788226858946e-06
1.2263135431567207e-06
1.5723871911177412e-06
1.377985427097883e-06
1.4949441720091272e-06
1.3391615993896266e-06
1.7109464351960924e-06
1.4968309187679552e-06
1.5853784134378657e-06
1.674389068284654e-06
1.889183863568178e-06
1.2689481536654057e-06
1.762618239808944e-06
2.02044247998856e-06
1.277566070712055e-06
1.9187609723303467e-06
1.2348239124548854e-06
1.544024371469277e-06
1.28460942505626e-06
1.0682654192351038e-06
1.8668454231374199e-06
1.442825805497705e-06
1.2044140476064058e-06
1.4670724794996204e-06
1.3830505167788942e-06
1.2055184015480336e-06
2.2212066141946707e-06
1.2287407571420772e-06
1.627996994102432e-06
1.112487325372058e-06
1.5740405387987266e-06
1.4127986105449963e-06
2.3545828753412934e-06
1.483219648434897e-06
1.7081130181395565e-06
2.0215359199937666e-06
1.857812776506762e-06
1.5368716503871838e-06
2.206980980190565e-06
1.594421064510243e-06
1.3824413827023818e-06
1.7769389160093851e-06
1.5886926121311262e-06
1.949372290255269e-06
1.2005478993160068e-06
1.4305913964562933e-06
1.3635099094244651e-06
2.469166247465182e-06
1.3820235835737549e-06
2.1899386410950683e-06
1.5860448456805898e-06
1.7919883248396218e-06
1.658211886024219e-06
1.1496939578137244e-06
2.0692368707386777e-06
1.3210998304202803e-06
1.2410043837007834e-06
1.556945107950014e-06
1.5508011301790248e-06
1.5567786704195896e-06
1.3552928521676222e-06
1.9421645447437186e-06
1.884850462374743e-06
1.31833849081886e-06
1.2172349670436233e-06
1.9144440557283815e-06
1.7091417703340994e-06
1.4667299410575652e-06
1.2376178801787319e-06
1.7263420204471913e-06
1.259064788428077e-06
1.517609462098335e-06
2.2361400624504313e-06
1.7671750356385019e-06
1.2902665957881254e-06
1.6311734043483739e-06
1.7352849681628868e-06
1.6063255543485866e-06
1.4032274293640512e-06
1.2244036042829975e-06
2.336261331947753e-06
1.9252784113632515e-06
1.450377226319688e-06
1.7442580428905785e-06
1.830936753322021e-06
1.0406139381302637e-06
1.93950290849898e-06
1.980345132324146e-06
1.5368506183222053e-06
1.6288636288663838e-06
1.4940533219487406e-06
1.6763175381129258e-06
1.6744808135626954e-06
1.1945128335355548e-06
1.2363840369289392e-06
2.71892986347666e-06
1.6792465657999855e-06
1.6143620769071276e-06
1.741434289215249e-06
1.2904704362881603e-06
1.51087397171068e-06
1.1241913853154983e-06
1.427681809218484e-06
1.6600421304246993e-06
1.4708425624121446e-06
1.1847967016365146e-06
9.52702350787149e-07
1.3060951005172683e-06
1.5575855059069e-06
1.6128718698382727e-06
1.2845594028476626e-06
1.8192808965977747e-06
1.4845600162516348e-06
1.3338983535504667e-06
1.5208286185952602e-06
1.1703460813805577e-06
1.4002996522322064e-06
2.463217469994561e-06
1.7668203327048104e-06
2.5743509013409493e-06
1.7188821175295743e-06
2.199895561716403e-06
2.6869229259318672e-06
2.1898927116126288e-06
1.5664293187001022e-06
1.4169670521368971e-06
1.403554620083014e-06
1.2177350754427607e-06
1.4128341945252032e-06
1.534674083814025e-06
1.5299426650017267e-06
1.8326636563870125e-06
1.4879684613333666e-06
1.3844340855939663e-06
1.564649210195057e-06
1.43189140544564e-06
1.8370704992776155e-06
1.4912578762960038e-06
1.953449100255966e-06
1.7774214029486757e-06
1.756403889885405e-06
1.420832404619432e-06
1.2143632375227753e-06
1.4289336149886367e-06
1.536452941763855e-06
1.6909294799916097e-06
1.703688440102269e-06
1.4043287137610605e-06
2.0268416847102344e-06
1.7076667973014992e-06
1.1630361314018955e-06
1.6562171367695555e-06
1.9049537058890564e-06
1.8130152739104233e-06
2.0981556190236006e-06
1.7658837805356598e-06
2.053510797850322e-06
1.479532329540234e-06
1.4662014109489974e-06
1.1332124358887086e-06
1.8813875612977426e-06
1.2336836334725376e-06
1.4487378621197422e-06
1.4689122735944693e-06
1.3244460888017784e-06
1.127251493926451e-06
1.4308363915915834e-06
1.429787403139926e-06
1.1174269047842245e-06
1.3618868024423136e-06
1.0394684295533807e-06
1.4418604905586108e-06
1.0756331221273285e-06
1.3243214880276355e-06
1.5966425053193234e-06
1.4623102515542996e-06
1.4662921330454992e-06
1.5360159295596532e-06
1.3233649269750458e-06
1.715936150503694e-06
1.510177298769122e-06
1.3282487998367287e-06
1.243764359060151e-06
1.3308942925505107e-06
1.6385456547141075e-06
1.2202057178001269e-06
1.3493798860508832e-06
1.6387242567361682e-06
1.4560607723979047e-06
1.3721290770263295e-06
1.478196509197005e-06
1.300214080401929e-06
1.2351245004538214e-06
1.687086864876619e-06
1.8246830677526304e-06
1.640916934775305e-06
1.5283283119060798e-06
1.5152332935031154e-06
1.2661297432714491e-06
1.9392696231079753e-06
1.4054877510716324e-06
1.465215746065951e-06
1.4438423932006117e-06
1.4369370546774007e-06
1.7760330592864193e-06
1.722020215311204e-06
1.2073367088305531e-06
1.3451742688630475e-06
1.4217000625649234e-06
1.2950786185683683e-06
1.873160613286018e-06
1.3146266155672492e-06
1.8144771729566855e-06
1.7710445945340325e-06
1.222677610712708e-06
1.6289643554046052e-06
1.2897908163722605e-06
9.271880685446376e-07
1.7089832908823155e-06
1.217797034769319e-06
1.184431880574266e-06
1.4647876014350913e-06
1.262506657440099e-06
1.3180878113416838e-06
1.4988206658017589e-06
1.6467562318212003e-06
1.4553954770235578e-06
1.6420883639511885e-06
9.57637666942901e-07
1.5850973795750178e-06
1.2465583267839975e-06
1.8669700239115627e-06
1.5034473790365155e-06
1.5180007721937727e-06
2.0528857476165285e-06
2.348228690607357e-06
1.5062012153066462e-06
2.3388965928461403e-06
2.3789816623320803e-06
2.4143062091752654e-06
1.2757660670104087e-06
1.5778834949742304e-06
1.1893955615960294e-06
1.6268236322503071e-06
1.7420475160179194e-06
2.1359301172196865e-06
1.6067281194409588e-06
1.7241677596757654e-06
2.1955631837045075e-06
2.3652285108255455e-06
1.7398965610482264e-06
1.5931977941363584e-06
1.0192127319896827e-06
1.4018738738741376e-06
1.0962090755128884e-06
1.4744673535460606e-06
1.300339476983936e-06
1.4801119050389389e-06
1.3718865830014693e-06
1.1616991741902893e-06
1.1869856280100066e-06
1.0634266800479963e-06
1.8771497707348317e-06
1.4990471299825003e-06
1.089644456442329e-06
1.4169461337587563e-06
1.2418975074979244e-06
1.310391780862119e-06
1.6870297940840828e-06
1.441690073988866e-06
1.0525966445129598e-06
1.425840423507907e-06
1.211503899867239e-06
1.5259454357874347e-06
1.398694507770415e-06
1.706427042336145e-06
1.2173181858088356e-06
1.7166621546493843e-06
1.4600561826227931e-06
1.1724700925697107e-06
1.5186035398073727e-06
1.1487700248835608e-06
1.1666270438581705e-06
1.472127564738912e-06
1.161934505944373e-06
1.0054993708763504e-06
1.352658500763937e-06
1.2135232054788503e-06
1.702214149190695e-06
1.5111720585991861e-06
1.608703428246372e-06
1.681551680121629e-06
2.1167934391996823e-06
1.7094646409532288e-06
2.2081528641137993e-06
1.9900392089766683e-06
1.769051095834584e-06
1.8084016346620047e-06
1.537227262815577e-06
1.6680942280800082e-06
1.4756165001017507e-06
1.62148739946133e-06
1.3764675941274618e-06
2.220076112280367e-06
1.508162768004695e-06
2.0213290099491132e-06
1.5899026948318351e-06
2.397011030552676e-06
2.6394272936158814e-06
1.5945265658956487e-06
1.4882627965562278e-06
1.830722794693429e-06
1.7443235265091062e-06
1.6730257357266964e-06
1.855141590567655e-06
2.1219670998107176e-06
2.263516762468498e-06
1.6098881587822689e-06
1.8256612293043872e-06
2.0128636606386863e-06
1.485111283727747e-06
1.3753594885201892e-06
2.2009423901181435e-06
1.5226380583044374e-06
1.698337428024388e-06
1.5249420357577037e-06
1.3662876199305174e-06
1.7265151655010413e-06
1.6652631984470645e-06
1.63868924119015e-06
2.06924823942245e-06
1.9179672108293744e-06
1.2464137171264156e-06
2.227884806416114e-06
2.0127586140006315e-06
2.1822202143084724e-06
2.166159902117215e-06
1.7434035726182628e-06
1.7940100178748253e-06
2.266499222969287e-06
1.621953288122313e-06
2.359967083975789e-06
2.0144827885815175e-06
1.6692380313543254e-06
2.01833927349071e-06
1.9436013189988444e-06
1.887210942186357e-06
1.9225096821173793e-06
2.428926791253616e-06
2.1435794224089477e-06
2.0417173800524324e-06
2.1176106201892253e-06
2.0149059309915174e-06
1.7941315491043497e-06
1.6211967022172757e-06
1.8655696294445079e-06
1.4592793604606413e-06
1.5273940334736835e-06
1.9607464309956413e-06
1.7560757896717405e-06
1.687108124315273e-06
1.973140115296701e-06
2.333459178771591e-06
1.8370265024714172e-06
1.6667543150106212e-06
2.501529252185719e-06
2.497655714250868e-06
1.729472842271207e-06
1.5803402675373945e-06
2.591586735434248e-06
1.9502579107211204e-06
2.948932433355367e-06
1.6960093489615247e-06
2.157745257136412e-06
1.571139250700071e-06
2.3808916012058035e-06
1.8760194961942034e-06
2.231482994830003e-06
1.8984371763508534e-06
1.3487344858731376e-06
1.725977426758618e-06
1.871288532129256e-06
2.0711399884021375e-06
1.7913924921231228e-06
1.5006119156169007e-06
1.8221583104605088e-06
1.5905491181911202e-06
2.9855855245841667e-06
1.760895315783273e-06
1.997276285692351e-06
1.6101489563880023e-06
1.6416117887274595e-06
2.06729373530834e-06
2.1768128135590814e-06
2.5134063434961718e-06
1.8175749119109241e-06
1.7439289194953744e-06
2.001672100959695e-06
1.7778138499124907e-06
1.9859364783769706e-06
1.928881374624325e-06
1.9322581010783324e-06
1.9470724055281607e-06
1.6400399545091204e-06
2.4137825676007196e-06
2.0255961317161564e-06
1.90780770026322e-06
2.690900601010071e-06
2.3536827029602136e-06
2.215341282862937e-06
2.6766251721710432e-06
2.341894287383184e-06
2.3202608190331375e-06
2.2306655864667846e-06
1.9540136690920917e-06
1.9251199319114676e-06
2.3160769160313066e-06
2.110537252519862e-06
1.4498774589810637e-06
1.8316238765692106e-06
1.9415429051150568e-06
1.9309788967802888e-06
2.0535808289423585e-06
1.6824726571940118e-06
1.602692464075517e-06
1.8148022036257316e-06
2.3104530555428937e-06
2.22595144805382e-06
1.7715040030452656e-06
1.898891014207038e-06
2.07052062251023e-06
1.7630475213081809e-06
2.0520321868389146e-06
2.1020164240326267e-06
1.5289062957890565e-06
1.6329493064404232e-06
2.52708946391067e-06
1.6210913145187078e-06
2.1058253878436517e-06
1.8876789908972569e-06
1.6923548855629633e-06
1.879111550806556e-06
2.009538320635329e-06
2.406479779892834e-06
2.3549018806079403e-06
2.441048081891495e-06
1.6117149925776175e-06
2.8005038075207267e-06
3.316371476103086e-06
2.041373363681487e-06
1.9072622308158316e-06
2.158294137188932e-06
1.9709827938640956e-06
1.934759211508208e-06
1.3766875781584531e-06
1.7274106767217745e-06
2.0874447272944963e-06
1.9991884983028285e-06
1.5783232356625376e-06
1.8992789136973443e-06
2.620596887936699e-06
1.2876848813903052e-06
1.754435515977093e-06
2.0093743842153344e-06
1.9285748749098275e-06
2.247286602141685e-06
2.028946255450137e-06
1.4737161109223962e-06
1.8070376199830207e-06
1.7590530205779942e-06
1.8134118136003963e-06
2.143875462934375e-06
1.8642620034370339e-06
2.0807219698326662e-06
1.5767574268465978e-06
2.133681391569553e-06
1.7504848983662669e-06
1.4345193903864129e-06
1.673764700171887e-06
1.8870944131776923e-06
1.8757716588879703e-06
2.9009229365328792e-06
1.9975043414888205e-06
2.2071865259931656e-06
1.4457165207204525e-06
2.0207539819239173e-06
2.226096512458753e-06
2.117860731232213e-06
1.559094016556628e-06
1.4227630344976205e-06
2.3595594029757194e-06
2.019435896727373e-06
1.5991729469533311e-06
2.328436039533699e-06
1.9075550881098025e-06
1.6496401258336846e-06
2.071918970614206e-06
2.7436151412985055e-06
2.2955787244427484e-06
1.7574448065715842e-06
1.878404191302252e-06
2.361621909585665e-06
1.4552347238350194e-06
2.778183670670842e-06
2.6326306397095323e-06
3.43048554896086e-06
2.1336061308829812e-06
2.3183843040897045e-06
3.675537982417154e-06
2.64833215624094e-06
2.1936086795903975e-06
1.9159149360348238e-06
2.4131675218086457e-06
1.9275385056971572e-06
1.4565775927621871e-06
1.692991645541042e-06
1.6021208466554526e-06
2.7838279947900446e-06
1.8605682043926208e-06
1.703037014522124e-06
2.1030227799201384e-06
2.265936927869916e-06
1.6504418454132974e-06
1.99939449885278e-06
1.6526860235899221e-06
2.2636138510279125e-06
2.059794496744871e-06
1.8976595583808376e-06
2.612282287373091e-06
2.753267381194746e-06
1.8312664451514138e-06
4.1818307181529235e-06
3.914906756108394e-06
2.231577809652663e-06
2.696610181374126e-06
2.0984475668228697e-06
1.8350666550759342e-06
2.270619461341994e-06
2.9138484478608007e-06
1.7923719042300945e-06
1.8258153886563377e-06
1.5307601870517829e-06
2.092283693855279e-06
2.2484682631329633e-06
2.0911174942739308e-06
3.2426853522338206e-06
2.020706688199425e-06
2.644946789587266e-06
2.387590939179063e-06
2.8163890419818927e-06
2.054095602943562e-06
2.374187033638009e-06
2.1409609871625435e-06
2.3769180188537575e-06
2.416441020614002e-06
2.564750047895359e-06
3.3974451980611775e-06
2.4867276806617156e-06
2.2274643924902193e-06
1.7856699514595675e-06
2.731447239057161e-06
2.461262056385749e-06
2.221657268819399e-06
2.3675913780607516e-06
2.15106501855189e-06
1.702915369605762e-06
1.7995876078202855e-06
2.269442120450549e-06
2.599035269668093e-06
2.3474483441532357e-06
1.7500105968792923e-06
1.8448602077114629e-06
2.1409173314168584e-06
2.382656475674594e-06
1.9446956684987526e-06
1.7585859950486338e-06
2.7386258807382546e-06
1.7410686723451363e-06
1.8682670770431287e-06
2.013967559832963e-06
1.8663467926671728e-06
2.3080588107404765e-06
1.7329075490124524e-06
1.9706758394022472e-06
2.1376133645389928e-06
2.713956291700015e-06
1.999659161810996e-06
1.7702681134323939e-06
2.4360479073948227e-06
2.5538631689414615e-06
2.8050876608176623e-06
2.7541211693460355e-06
2.49325012191548e-06
2.411493824183708e-06
3.317103391964338e-06
3.161469066981226e-06
2.4256546566903125e-06
2.345971552131232e-06
2.414557911833981e-06
2.377027612965321e-06
1.7606778328627115e-06
3.742133230844047e-06
2.420046939732856e-06
1.7795989606383955e-06
1.5123014236451127e-06
1.901652922242647e-06
1.9812450773315504e-06
2.162938699257211e-06
2.573349320300622e-06
1.6305320968967862e-06
2.1230657694104593e-06
1.4118013496045023e-06
2.1138844203960616e-06
1.742020685924217e-06
1.794340505512082e-06
1.7364513951179106e-06
2.0521820260910317e-06
2.6358011382399127e-06
1.4610072867071722e-06
1.8933244518848369e-06
1.7902198123920243e-06
1.796437572920695e-06
1.7804488834372023e-06
1.5190524891295354e-06
1.3917007208874566e-06
1.641194216972508e-06
2.1128312255314086e-06
1.6712122032913612e-06
1.5120087937248172e-06
1.9904487089661416e-06
1.6211828324230737e-06
1.3826262375005172e-06
1.980587285288493e-06
1.3667416851603775e-06
1.8807129436027026e-06
1.928138090079301e-06
2.056424591501127e-06
1.88787942079216e-06
2.541649564591353e-06
1.8691360992306727e-06
1.8944839439427597e-06
2.2752356017008424e-06
1.5147588783293031e-06
1.892082082122215e-06
1.5789530607435154e-06
1.3381949202084797e-06
1.473121187700599e-06
1.2457157936296426e-06
2.979443024742068e-06
1.264431716663239e-06
2.1720845779782394e-06
1.5112711935216794e-06
1.6152191619767109e-06
1.5129760413401527e-06
1.7748211575963069e-06
2.1585360627796035e-06
2.3404577405017335e-06
2.105539806507295e-06
2.0347267764009302e-06
1.9194421838619746e-06
2.3308293748414144e-06
2.335769295314094e-06
2.757969923550263e-06
2.172279891965445e-06
1.7948723325389437e-06
1.8158370949095115e-06
1.7300765193795087e-06
2.2942795112612657e-06
1.724537469272036e-06
1.2969653653271962e-06
1.812766640796326e-06
2.009272520808736e-06
1.638667981751496e-06
1.6720954363336205e-06
1.8478463061910588e-06
1.6024691831262317e-06
2.153269406335312e-06
1.2407424492266728e-06
2.448545046718209e-06
2.0024444893351756e-06
1.6106091607070994e-06
1.9308417904539965e-06
2.6121956580027472e-06
1.173854002445296e-06
2.3218819933390478e-06
1.5201997030089842e-06
1.7947643300431082e-06
1.5680517435612273e-06
1.5965475768098258e-06
1.2391785730869742e-06
1.6145555719049298e-06
2.289804797328543e-06
1.9803044324362418e-06
1.5200166672002524e-06
2.06325648832717e-06
1.4999026234363555e-06
1.588793566043023e-06
1.6293533917632885e-06
1.8644051351657254e-06
1.2468124168663053e-06
2.1374055449996376e-06
1.4306349385151407e-06
1.8805631043505855e-06
1.098940856536501e-06
1.985658172998228e-06
1.525576521999028e-06
1.4721861134603387e-06
1.877916133707913e-06
1.693194690233213e-06
1.3002169225728721e-06
1.250815103048808e-06
1.534026750960038e-06
1.2982659427507315e-06
1.3464136827678885e-06
1.6044368749135174e-06
1.2144739685027162e-06
1.2640884961001575e-06
1.5669226058889762e-06
1.1872034519910812e-06
1.3394841289482429e-06
1.597790628693474e-06
2.445102836645674e-06
1.3668044402947999e-06
1.933075509441551e-06
2.242936034235754e-06
1.3319569234226947e-06
2.3560382942378055e-06
1.1896886462636758e-06
1.7185850538226077e-06
1.9463357148197247e-06
1.6102636664072634e-06
1.5425789570144843e-06
1.8258094769407762e-06
1.8696978258958552e-06
1.3532222737921984e-06
2.3646211957384367e-06
1.5238318837873521e-06
1.8954540337290382e-06
1.4168540474202018e-06
1.6532223980902927e-06
1.569445657878532e-06
1.4478524690275663e-06
1.886170366560691e-06
1.6187693745450815e-06
1.5491791600652505e-06
1.4465749700320885e-06
1.4029399153514532e-06
1.6295706473101745e-06
1.256318455489236e-06
1.7963719756153296e-06
1.3901774309488246e-06
1.5403063571284292e-06
1.7255158581974683e-06
2.2113974864623742e-06
1.4321010439743986e-06
1.9130752662022132e-06
1.8853802430385258e-06
1.6820754353830125e-06
1.929748805196141e-06
1.9474996406643186e-06
1.5824874708414427e-06
1.895066588986083e-06
1.6830559843583615e-06
1.3961255262984196e-06
