0.13265164196491241
0.11047139018774033
0.1047220230102539
0.10013622045516968
0.10058639198541641
0.11577235162258148
0.09873621165752411
0.10249875485897064
0.09908605366945267
0.09572964906692505
0.0949038565158844
0.09810771048069
0.10118051618337631
0.088454470038414
0.10048898309469223
0.10565916448831558
0.09410922229290009
0.09804777801036835
0.09150488674640656
0.09985984861850739
0.09491074085235596
0.09438244253396988
0.09334470331668854
0.09929679334163666
0.10091705620288849
0.09526144713163376
0.10790327936410904
0.09115160256624222
0.1018717885017395
0.09780725836753845
0.0947796180844307
0.09307123720645905
0.09297321736812592
0.09247759729623795
0.0917624831199646
0.09338325262069702
0.09319890290498734
0.09037613868713379
0.10633322596549988
0.09761624038219452
0.09919821470975876
0.09447956085205078
0.09226679801940918
0.0905180349946022
0.09078121185302734
0.09123046696186066
0.08530980348587036
0.08160851895809174
0.09198583662509918
0.08566440641880035
0.09142553806304932
0.08703720569610596
0.09020760655403137
0.09792013466358185
0.09872452914714813
0.09789019823074341
0.09252554178237915
0.0912122055888176
0.08380149304866791
0.08077003061771393
0.0873040035367012
0.08797405660152435
0.08725018799304962
0.08845359832048416
0.09134572744369507
0.08772570639848709
0.08577350527048111
0.0872281864285469
0.08972933143377304
0.0903230831027031
0.08110812306404114
0.09023438394069672
0.08642090857028961
0.0849422737956047
0.08642987906932831
0.08111110329627991
0.08818689733743668
0.09000633656978607
0.09081729501485825
0.08161643147468567
0.09505283087491989
0.0783364325761795
0.09146137535572052
0.08881193399429321
0.08087405562400818
0.08472055196762085
0.07803981006145477
0.07937876880168915
0.08157241344451904
0.08030524849891663
0.07852564752101898
0.09121288359165192
0.08577334880828857
0.09689013659954071
0.08391337096691132
0.08250244706869125
0.08261516690254211
0.08729621022939682
0.08396299183368683
0.08717133104801178
0.0844164490699768
0.08026015013456345
0.08175134658813477
0.08552783727645874
0.08440374583005905
0.08266377449035645
0.0838283896446228
0.08332040905952454
0.07743367552757263
0.07883606851100922
0.08411835879087448
0.07554750889539719
0.10293896496295929
0.10294656455516815
0.10798965394496918
0.09672696143388748
0.10642123967409134
0.08902335911989212
0.09316336363554001
0.09176574647426605
0.08477321267127991
0.10006606578826904
0.08074487745761871
0.09255953878164291
0.08866125345230103
0.08242321759462357
0.08766484260559082
0.08379910886287689
0.09102923423051834
0.08917286247015
0.11131542921066284
0.08602791279554367
0.0874689519405365
0.08515717089176178
0.08263179659843445
0.08573129773139954
0.08607499301433563
0.08702592551708221
0.089536651968956
0.08616805821657181
0.08924175053834915
0.08538016676902771
0.08309100568294525
0.08487266302108765
0.08261848986148834
0.08217744529247284
0.09843143820762634
0.07779301702976227
0.08349370211362839
0.08403921127319336
0.08178001642227173
0.08080868422985077
0.09251634031534195
0.0772952139377594
0.08595086634159088
0.08368901163339615
0.07864341884851456
0.08190999180078506
0.07687917351722717
0.08059374988079071
0.08443339914083481
0.0802546888589859
0.09099051356315613
0.07968360185623169
0.08030009269714355
0.09673745185136795
0.07565870881080627
0.08066551387310028
0.08392904698848724
0.07838433980941772
0.08010593056678772
0.08863011002540588
0.0836867243051529
0.08008255064487457
0.08424130082130432
0.07862760126590729
0.08203412592411041
0.07559050619602203
0.077872633934021
0.07583032548427582
0.08036517351865768
0.08047785609960556
0.07471133768558502
0.0759439617395401
0.08520656824111938
0.08698999136686325
0.09638956189155579
0.08339621126651764
0.07260748744010925
0.0989610105752945
0.07485619187355042
0.07756037265062332
0.08245163410902023
0.08254878222942352
0.07995647192001343
0.07805712521076202
0.0790812224149704
0.07993198931217194
0.07926932722330093
0.0807172879576683
0.09211195260286331
0.08301848918199539
0.0790402963757515
0.08253327757120132
0.08413279056549072
0.07680661976337433
0.07842327654361725
0.07844270765781403
0.07781051844358444
0.0798337534070015
0.07071743905544281
0.08765105158090591
0.07674725353717804
0.07523681968450546
0.07577750086784363
0.07698076963424683
0.07234077155590057
0.08579468727111816
0.07587336003780365
0.07705485820770264
0.07803419232368469
0.07465460151433945
0.0750596821308136
0.07688525319099426
0.07191279530525208
0.08441472798585892
0.07418552041053772
0.08122272044420242
0.07877390086650848
0.07523555308580399
0.06740210205316544
0.08961530029773712
0.07876338064670563
0.07625440508127213
0.08222097903490067
0.08378273248672485
0.0775592178106308
0.07251188158988953
0.08581226319074631
0.0814594030380249
0.071265310049057
0.07836246490478516
0.07611305266618729
0.07615021616220474
0.07855124771595001
0.07050130516290665
0.07408961653709412
0.07131584733724594
0.06969327479600906
0.07780733704566956
0.07445533573627472
0.07368861138820648
0.07881104946136475
0.06791460514068604
0.06549287587404251
0.07393474876880646
0.06997982412576675
0.07119104266166687
0.07275043427944183
0.0729585811495781
0.06754381954669952
0.07162109017372131
0.07233717292547226
0.06857965886592865
0.06708940863609314
0.0725136250257492
0.07330752909183502
0.07015785574913025
0.07055608928203583
0.07111033797264099
0.07083725184202194
0.06465218216180801
0.072983518242836
0.06714025884866714
0.06754195690155029
0.0789734348654747
0.06926438957452774
0.06872369349002838
0.07076651602983475
0.06967185437679291
0.06364458799362183
0.07146179676055908
0.07344077527523041
0.06330686807632446
0.06897200644016266
0.06678138673305511
0.06815043091773987
0.06878472119569778
0.06295276433229446
0.06278473138809204
0.0640091598033905
0.0744362622499466
0.06739482283592224
0.0679248571395874
0.07293997704982758
0.06649114936590195
0.06912367045879364
0.06863979250192642
0.06437383592128754
0.06484656035900116
0.06797803938388824
0.06482081115245819
0.0678328350186348
0.0671318918466568
0.06556367129087448
0.06287212669849396
0.0682440996170044
0.056793201714754105
0.0675901398062706
0.07208025455474854
0.06737831234931946
0.06612685322761536
0.07002563029527664
0.07211066037416458
0.06184123829007149
0.06741742789745331
0.06862664222717285
0.0669780969619751
0.0610673725605011
0.06422378122806549
0.06837819516658783
0.0643189400434494
0.0660242810845375
0.06488869339227676
0.06791538000106812
0.06641196459531784
0.06627470254898071
0.06699257344007492
0.06711696833372116
0.06575566530227661
0.06361982971429825
0.07061827927827835
0.06448347866535187
0.06805066764354706
0.06189170107245445
0.06478400528430939
0.06424538791179657
0.06399325281381607
0.06293821334838867
0.0603354349732399
0.06500230729579926
0.06500519812107086
0.0634838342666626
0.06454845517873764
0.06253281980752945
0.06832574307918549
0.06372439116239548
0.06427021324634552
0.06327343732118607
0.06481362879276276
0.06839986145496368
0.06565557420253754
0.061663150787353516
0.06003765016794205
0.06525547057390213
0.06597965955734253
0.060905639082193375
0.06511877477169037
0.06175633892416954
0.06315711885690689
0.06616532802581787
0.0650831088423729
0.06606464833021164
0.06527473777532578
0.06392370164394379
0.06453098356723785
0.064549520611763
0.06598123162984848
0.06371691823005676
0.060481827706098557
0.06670884788036346
0.060629136860370636
0.05867111682891846
0.06101394072175026
0.061527371406555176
0.05983895808458328
0.06181054189801216
0.06501662731170654
0.056875500828027725
0.059024833142757416
0.060613684356212616
0.05967412143945694
0.05703865736722946
0.0572214238345623
0.0643329918384552
0.06012319028377533
0.06291069090366364
0.06168922781944275
0.06027943268418312
0.06667858362197876
0.06316257268190384
0.06666672229766846
0.0655253678560257
0.05942492187023163
0.06039471551775932
0.058322563767433167
0.06105634942650795
0.06093117594718933
0.05901888757944107
0.05955716222524643
0.06545840203762054
0.057802677154541016
0.07347877323627472
0.06355644017457962
0.059733517467975616
0.06104797124862671
0.06822783499956131
0.06433098763227463
0.06349441409111023
0.06444501876831055
0.05875280126929283
0.06573866307735443
0.0637788400053978
0.05799268186092377
0.057678937911987305
0.06474672257900238
0.05823449790477753
0.059357866644859314
0.05776239559054375
0.05668798089027405
0.06277420371770859
0.056920621544122696
0.058033596724271774
0.06455691158771515
0.05860069394111633
0.06360207498073578
0.06084800511598587
0.057344112545251846
0.06070111691951752
0.057923976331949234
0.053619384765625
0.05998881533741951
0.05677006393671036
0.05894935131072998
0.05698397755622864
0.060795895755290985
0.05940456688404083
0.05897272378206253
0.05637668818235397
0.0566469207406044
0.05548731982707977
0.05737748369574547
0.05788823962211609
0.06112103909254074
0.061264753341674805
0.05911891534924507
0.05450839921832085
0.06141425669193268
0.05427265539765358
0.0569741390645504
0.05486869439482689
0.052280716598033905
0.05394924059510231
0.06082744523882866
0.05769072100520134
0.054486002773046494
0.056653767824172974
0.054555632174015045
0.05103728547692299
0.05692141503095627
0.05131338909268379
0.05622538551688194
0.05617649108171463
0.05899058282375336
0.057298701256513596
0.05174330621957779
0.05500352010130882
0.05826243758201599
0.049363017082214355
0.051977045834064484
0.05436751991510391
0.058590397238731384
0.053811922669410706
0.052785925567150116
0.05525950342416763
0.05905451998114586
0.05404045060276985
0.05309411510825157
0.06438547372817993
0.050941478461027145
0.053626712411642075
0.056374844163656235
0.06010944023728371
0.05690116807818413
0.05143757537007332
0.055189523845911026
0.05776551738381386
0.055573929101228714
0.05450072139501572
0.05867157131433487
0.05456354469060898
0.06014946475625038
0.053449004888534546
0.051953405141830444
0.04950166493654251
0.05125158280134201
0.05319814756512642
0.05148359015583992
0.05737168714404106
0.04974932223558426
0.05734287202358246
0.051597923040390015
0.05207250267267227
0.0501239039003849
0.046872444450855255
0.049722690135240555
0.04697849601507187
0.05235746130347252
0.04834248125553131
0.04484344273805618
0.049645133316516876
0.05002424120903015
0.048479340970516205
0.05158640071749687
0.04359506815671921
0.05984523147344589
0.052618227899074554
0.05050494521856308
0.05458478629589081
0.046280600130558014
0.04650759696960449
0.049776773899793625
0.04537787288427353
0.045997485518455505
0.04826023429632187
0.04815541207790375
0.04392640292644501
0.04499419778585434
0.04577101767063141
0.04765324294567108
0.048790402710437775
0.04699626937508583
0.04916007071733475
0.045150868594646454
0.04625534266233444
0.04319319128990173
0.04639226943254471
0.04556664079427719
0.04177829623222351
0.04456038400530815
0.049919746816158295
0.03926629573106766
0.04538284242153168
0.039379194378852844
0.049657102674245834
0.04132356494665146
0.040769875049591064
0.0429459810256958
0.04610788822174072
0.04278610646724701
0.042809002101421356
0.04203040152788162
0.04461636394262314
0.03799747675657272
0.045364126563072205
0.0416434109210968
0.044079430401325226
0.04304752126336098
0.04160119593143463
0.04307466745376587
0.04382522404193878
0.04606972634792328
0.045037053525447845
0.03917120397090912
0.04556122422218323
0.042902007699012756
0.04384787008166313
0.04043558984994888
0.04531840234994888
0.039582300931215286
0.04607391729950905
0.04490058869123459
0.04390977323055267
0.0407307893037796
0.042674627155065536
0.041298337280750275
0.04104343056678772
0.04288871958851814
0.04531402140855789
0.04730088263750076
0.03828878328204155
0.03766467049717903
0.04109661281108856
0.03973539546132088
0.037725336849689484
0.040984880179166794
0.049408115446567535
0.0413472056388855
0.03993924334645271
0.03811265900731087
0.04093156009912491
0.04414990544319153
0.040153197944164276
0.03814685344696045
0.040081266313791275
0.041650667786598206
0.038099102675914764
0.04045681655406952
0.041066210716962814
0.03991674259305
0.03752198815345764
0.038253240287303925
0.04369008541107178
0.042150408029556274
0.03802049905061722
0.03688952326774597
0.043065108358860016
0.03673764318227768
0.04099321365356445
0.03799205273389816
0.037913937121629715
0.04826853424310684
0.04123232513666153
0.04479795694351196
0.04087827727198601
0.04575470834970474
0.041360773146152496
0.0418691486120224
0.04194825142621994
0.04284943640232086
0.04153726249933243
0.03877411037683487
0.04083169996738434
0.03930293768644333
0.04037139564752579
0.04581127688288689
0.04363489896059036
0.045296601951122284
0.03787330538034439
0.0377466157078743
0.03801692649722099
0.037618935108184814
0.03845374658703804
0.03604677692055702
0.036176592111587524
0.037155427038669586
0.04154881462454796
0.037891462445259094
0.03591995686292648
0.03743141517043114
0.03689086437225342
0.03920545056462288
0.03976541757583618
0.03743809089064598
0.038628239184617996
0.04490278661251068
0.039103176444768906
0.03922949731349945
0.03680229187011719
0.038173288106918335
0.036382850259542465
0.034455250948667526
0.03987306356430054
0.036670535802841187
0.04072755575180054
0.04258047044277191
0.03795745596289635
0.042611200362443924
0.03820714354515076
0.03869003802537918
0.03478807955980301
0.04050057381391525
0.03649457171559334
0.04125891998410225
0.038263674825429916
0.036342594772577286
0.037362173199653625
0.03398548811674118
0.03516044467687607
0.03468591719865799
0.03564911335706711
0.039628107100725174
0.040608346462249756
0.034864917397499084
0.03456053137779236
0.03340340405702591
0.03543737903237343
0.03379962593317032
0.03556191921234131
0.03714859113097191
0.03130779415369034
0.035649701952934265
0.03702955320477486
0.03551221638917923
0.03586409240961075
0.03574100881814957
0.041036296635866165
0.035761233419179916
0.03778325021266937
0.03967644274234772
0.03710427135229111
0.038648322224617004
0.032818928360939026
0.03903709724545479
0.04071485251188278
0.035889364778995514
0.04247082769870758
0.03773418441414833
0.03442814201116562
0.04563124477863312
0.036781616508960724
0.0379694327712059
0.03756066411733627
0.035347942262887955
0.035089097917079926
0.035755593329668045
0.036270543932914734
0.0317036435008049
0.034573473036289215
0.03810375928878784
0.033840857446193695
0.03512559086084366
0.0324348509311676
0.03630029410123825
0.0362720787525177
0.03213430196046829
0.03517219424247742
0.030707959085702896
0.03410197049379349
0.03385601192712784
0.0354183167219162
0.03486577421426773
0.03569149225950241
0.03155853599309921
0.03487684205174446
0.034159526228904724
0.03409402817487717
0.03599397838115692
0.03511495888233185
0.03691617026925087
0.033700134605169296
0.033586934208869934
0.03406503424048424
0.03566567972302437
0.04032614082098007
0.03829486295580864
0.03375011682510376
0.03726934641599655
0.03660401329398155
0.03947633132338524
0.03532741963863373
0.03659271448850632
0.03349743410944939
0.03611404448747635
0.03525888919830322
0.03165489062666893
0.03389265760779381
0.03359432891011238
0.03842805325984955
0.03038565069437027
0.03692180663347244
0.03456940874457359
0.03380124270915985
0.03693633899092674
0.03655194118618965
0.03221558406949043
0.03504576161503792
0.03307120501995087
0.03179359436035156
0.029201790690422058
0.031991828233003616
0.03519608825445175
0.032885413616895676
0.034887656569480896
0.03234567120671272
0.03643636032938957
0.03191475570201874
0.0344526506960392
0.03738754615187645
0.03492240607738495
0.03410622850060463
0.03334004804491997
0.033781733363866806
0.03087843954563141
0.031878918409347534
0.03351186215877533
0.03398262709379196
0.03402493894100189
0.031087320297956467
0.032886091619729996
0.03142693638801575
0.03439115732908249
0.03254769742488861
0.03144856542348862
0.03464760258793831
0.03391473740339279
0.03058004379272461
0.03235983848571777
0.03256450966000557
0.0361638069152832
0.030780913308262825
0.035413336008787155
0.03484490141272545
0.03504759818315506
0.03302203491330147
0.031876012682914734
0.036530569195747375
0.026874493807554245
0.0314631387591362
0.03257349878549576
0.03398735076189041
0.03295336291193962
0.03284265100955963
0.035688698291778564
0.032073430716991425
0.03265003114938736
0.030729787424206734
0.032983794808387756
0.032340824604034424
0.035052984952926636
0.03823216259479523
0.031180143356323242
0.034529391676187515
0.034796930849552155
0.03379562497138977
0.03477427363395691
0.029337681829929352
0.03388805314898491
0.03313964605331421
0.03338330611586571
0.0334121473133564
0.0374298170208931
0.032242972403764725
0.036521799862384796
0.030364613980054855
0.035967063158750534
0.029852673411369324
0.031749941408634186
0.032270606607198715
0.032233938574790955
0.03324432671070099
0.030919957906007767
0.03284531459212303
0.029707632958889008
0.03243076801300049
0.035170622169971466
0.0324954092502594
0.031050464138388634
0.03156481310725212
0.03131052851676941
0.03363662213087082
0.033895689994096756
0.031761735677719116
0.030278215184807777
0.03401348367333412
0.030810680240392685
0.0357135646045208
0.0295907873660326
0.028622575104236603
0.02959384024143219
0.029448535293340683
0.031655196100473404
0.02780795842409134
0.029945366084575653
0.032290540635585785
0.029975898563861847
0.030320607125759125
0.029460929334163666
0.029866186901926994
0.03167518228292465
0.028367023915052414
0.03206264227628708
0.03036273457109928
0.03261124715209007
0.032461971044540405
0.029338305816054344
0.03206793591380119
0.029689954593777657
0.032133396714925766
0.028762277215719223
0.032458048313856125
0.03035401739180088
0.027875501662492752
0.029103945940732956
0.030755754560232162
0.029219936579465866
0.02859065867960453
0.02925233170390129
0.031334489583969116
0.029696710407733917
0.03015787899494171
0.03165145590901375
0.03215081989765167
0.032588280737400055
0.029632575809955597
0.030478233471512794
0.030370404943823814
0.03302132710814476
0.034204062074422836
0.028755715116858482
0.037223003804683685
0.03127703070640564
0.032029684633016586
0.02869548462331295
0.028591861948370934
0.03431762009859085
0.02919619157910347
0.02995023876428604
0.033011142164468765
0.03197954222559929
0.03253813087940216
0.029026061296463013
0.02707967534661293
0.032509393990039825
0.03704309090971947
0.03350137174129486
0.031981829553842545
0.031835708767175674
0.02973531000316143
0.027453165501356125
0.040806978940963745
0.03539925068616867
0.030913636088371277
0.03614756464958191
0.04379058629274368
0.03671090677380562
0.03405654430389404
0.03348401561379433
0.03462783247232437
0.03170183300971985
0.029695510864257812
0.03232262283563614
0.038240790367126465
0.03164072334766388
0.030234072357416153
0.0323072224855423
0.03173893690109253
0.02909814566373825
0.02925797924399376
0.031474143266677856
0.028927233070135117
0.03183384984731674
0.030834749341011047
0.03217398002743721
0.03344012424349785
0.03238125517964363
0.031405214220285416
0.02886446937918663
0.029806038364768028
0.0320756696164608
0.03381852060556412
0.03202684968709946
0.02784081920981407
0.03194717690348625
0.03091512806713581
0.029917076230049133
0.029397204518318176
0.030243590474128723
0.032670363783836365
0.031797587871551514
0.03104056604206562
0.029975909739732742
0.027337633073329926
0.03263057768344879
0.029472559690475464
0.030780494213104248
0.03144749253988266
0.029102813452482224
0.02970927581191063
0.02889658883213997
0.027273543179035187
0.027730433270335197
0.029916346073150635
0.03028392232954502
0.02957102283835411
0.029199374839663506
0.03288504481315613
0.02934584580361843
0.027140837162733078
0.029105469584465027
0.027030721306800842
0.028995532542467117
0.02514188550412655
0.02957806922495365
0.02970770001411438
0.03086242265999317
0.028767360374331474
0.03006337210536003
0.027256131172180176
0.028334178030490875
0.03284470736980438
0.03242878615856171
0.030358370393514633
0.030209122225642204
0.027823008596897125
0.0352729894220829
0.027721386402845383
0.027427341789007187
0.03264585882425308
0.0321851409971714
0.029606018215417862
0.02846389263868332
0.027388110756874084
0.02995305508375168
0.029340893030166626
0.029096299782395363
0.028845716267824173
0.02984859049320221
0.02960890159010887
0.030632106587290764
0.03186696767807007
0.02741878665983677
0.029520956799387932
0.03279585391283035
0.029731057584285736
0.027417156845331192
0.026954295113682747
0.027346031740307808
0.029867198318243027
0.02813464216887951
0.031922221183776855
0.032411228865385056
0.02773931249976158
0.026023752987384796
0.02607012540102005
0.028156092390418053
0.02834230288863182
0.029230164363980293
0.028168480843305588
0.0296271163970232
0.0279381200671196
0.031436339020729065
0.02870352379977703
0.026088392361998558
0.02814587578177452
0.02956555038690567
0.028476137667894363
0.02762390859425068
0.03144489973783493
0.028504924848675728
0.028888484463095665
0.026270557194948196
0.028189850971102715
0.031223850324749947
0.026634521782398224
0.027605140581727028
0.028769580647349358
0.03142422065138817
0.029107332229614258
0.028851918876171112
0.028874294832348824
0.02715422958135605
0.027820628136396408
0.029442064464092255
0.02880311943590641
0.02515452541410923
0.02665964514017105
0.02854255400598049
0.0272420272231102
0.02952321618795395
0.02674679085612297
0.027619369328022003
0.030162014067173004
0.02522289752960205
0.026508530601859093
0.029484853148460388
0.02936195768415928
0.032600946724414825
0.026574913412332535
0.026354167610406876
0.02392241358757019
0.029746435582637787
0.030879300087690353
0.03016403317451477
0.028327692300081253
0.03077637031674385
0.028243448585271835
0.027725275605916977
0.027536768466234207
0.026539793238043785
0.03152347356081009
0.027930600568652153
0.0285502802580595
0.028767328709363937
0.028778987005352974
0.03149145841598511
0.0256868414580822
0.032046254724264145
0.02623921073973179
0.028231829404830933
0.029353342950344086
0.024886149913072586
0.02835623174905777
0.027529053390026093
0.03214355558156967
0.02528863400220871
0.026929259300231934
0.030910979956388474
0.02769833616912365
0.025130515918135643
0.030117949470877647
0.027566663920879364
0.029719505459070206
0.027459576725959778
0.026890529319643974
0.029051661491394043
0.030790753662586212
0.02751048468053341
0.030326705425977707
0.028452623635530472
0.024765413254499435
0.0263061486184597
0.02573534846305847
0.03198382630944252
0.029962368309497833
0.02640373818576336
0.02884300798177719
0.02640487253665924
0.027623416855931282
0.028467806056141853
0.027358124032616615
0.03179963678121567
0.025745978578925133
0.02751130238175392
0.025896599516272545
0.02910173125565052
0.028453074395656586
0.027351299300789833
0.03208136931061745
0.028871534392237663
0.027474384754896164
0.027070071548223495
0.028297049924731255
0.024931948632001877
0.02973349578678608
0.02857273444533348
0.02832232043147087
0.027119573205709457
0.025979628786444664
0.026996992528438568
0.03027370385825634
0.031669981777668
0.02635274827480316
0.02972611039876938
0.024715770035982132
0.026880251243710518
0.026871591806411743
0.027603406459093094
0.02664993330836296
0.026647815480828285
0.02701898105442524
0.026368215680122375
0.027098864316940308
0.026626039296388626
0.02541811391711235
0.031989920884370804
0.029167987406253815
0.023721549659967422
0.030404139310121536
0.025776712223887444
0.02639682963490486
0.02571616694331169
0.025619961321353912
0.028087232261896133
0.02715267799794674
0.02440178394317627
0.027148514986038208
0.026138603687286377
0.028039315715432167
0.028029268607497215
0.026668202131986618
0.02946476638317108
0.027668166905641556
0.02592620626091957
0.02406984381377697
0.02614731714129448
0.03103719837963581
0.02287456765770912
0.02720506303012371
0.024239856749773026
0.026999657973647118
0.027949132025241852
0.02802259474992752
0.026504553854465485
0.02653045579791069
0.02603111043572426
0.02634674310684204
0.02119469828903675
0.02894544042646885
0.02835681289434433
0.030384963378310204
0.025436334311962128
0.0288991741836071
0.026399502530694008
0.025220241397619247
0.02652112953364849
0.02796720713376999
0.025011051446199417
0.026443297043442726
0.023379459977149963
0.02647673711180687
0.026407716795802116
0.026297355070710182
0.025912240147590637
0.028651408851146698
0.028900837525725365
0.028320901095867157
0.027134187519550323
0.025351757183670998
0.027171175926923752
0.026987971737980843
0.02628396451473236
0.02623876929283142
0.024744141846895218
0.025033481419086456
0.024998947978019714
0.030339647084474564
0.02480166405439377
0.02642480656504631
0.024065326899290085
0.027357986196875572
0.02714877389371395
0.02449604868888855
0.02468867227435112
0.03172566369175911
0.024468181654810905
0.027745071798563004
0.029413027688860893
0.02554355375468731
0.02515948936343193
0.02704048715531826
0.02582648955285549
0.026145298033952713
0.027522366493940353
0.02471306547522545
0.028604745864868164
0.03110392950475216
0.026686429977416992
0.029350165277719498
0.025632794946432114
0.0250764898955822
0.02556338906288147
0.029115965589880943
0.027278367429971695
0.025030748918652534
0.027032386511564255
0.025924447923898697
0.025652538985013962
0.02534407004714012
0.02488173358142376
0.025441201403737068
0.02442191168665886
0.03027777373790741
0.026502948254346848
0.025339078158140182
0.025807036086916924
0.02672884799540043
0.02591332234442234
0.025147302076220512
0.024566877633333206
0.0250899288803339
0.02637065388262272
0.023328576236963272
0.02495471015572548
0.028376447036862373
0.023954667150974274
0.026463977992534637
0.027402661740779877
0.027822524309158325
0.02590957283973694
0.026108138263225555
0.02247229404747486
0.026140108704566956
0.027589553967118263
0.022617828100919724
0.029418472200632095
0.02502276562154293
0.030326757580041885
0.025525998324155807
0.02523251809179783
0.026821861043572426
0.024194616824388504
0.024919748306274414
0.02835199050605297
0.025075001642107964
0.028174512088298798
0.026503123342990875
0.02227427065372467
0.024042591452598572
0.02404182404279709
0.02700336091220379
0.024740003049373627
0.024410486221313477
0.02837808057665825
0.02662605419754982
0.025208421051502228
0.026521164923906326
0.02614840678870678
0.026166770607233047
0.02277427166700363
0.025161074474453926
0.024492263793945312
0.026514049619436264
0.024374324828386307
0.029772425070405006
0.028025174513459206
0.02956710383296013
0.02312418818473816
0.02750668302178383
0.026686834171414375
0.025563275441527367
0.02629457227885723
0.024343373253941536
0.023161932826042175
0.02446897141635418
0.02552970126271248
0.026871174573898315
0.023843154311180115
0.02686835080385208
0.026024775579571724
0.022707466036081314
0.025258272886276245
0.025801222771406174
0.026092123240232468
0.02607906423509121
0.024007853120565414
0.02387714758515358
0.024654563516378403
0.02532842941582203
0.026744402945041656
0.02694838121533394
0.027977576479315758
0.026083342730998993
0.025135356932878494
0.02468973584473133
0.02643653005361557
0.024074632674455643
0.024333428591489792
0.027140215039253235
0.026715166866779327
0.0259423665702343
0.024942997843027115
0.02449449896812439
0.023477833718061447
0.02562624216079712
0.021840214729309082
0.023399440571665764
0.026397397741675377
0.025146760046482086
0.02663867548108101
0.028346264734864235
0.027015145868062973
0.025228798389434814
0.025385718792676926
0.026587489992380142
0.023498602211475372
0.02740340679883957
0.024973351508378983
0.02216162532567978
0.02661781758069992
0.026121780276298523
0.02540097013115883
0.023655729368329048
0.022608892992138863
0.028534071519970894
0.025302723050117493
0.02564680390059948
0.026834586635231972
0.02626747265458107
0.022054241970181465
0.026155926287174225
0.02333516627550125
0.02695435658097267
0.025145241990685463
0.022862425073981285
0.02525719441473484
0.023475605994462967
0.022385502234101295
0.024360232055187225
0.02680535614490509
0.024228224530816078
0.02316836640238762
0.024833139032125473
0.025253869593143463
0.025153420865535736
0.0256592258810997
0.023963451385498047
0.02604644000530243
0.024005522951483727
0.024709608405828476
0.024770431220531464
0.023777563124895096
0.025291187688708305
0.025503691285848618
0.02546440064907074
0.024980567395687103
0.023836247622966766
0.024781905114650726
0.024902278557419777
0.024165485054254532
0.026360267773270607
0.02695176750421524
0.025156915187835693
0.02493908256292343
0.02648233249783516
0.025169216096401215
0.02444249391555786
0.02365962602198124
0.024310510605573654
0.025120262056589127
0.023176956921815872
0.022745802998542786
0.02505633607506752
0.023880096152424812
0.02325041964650154
0.026014983654022217
0.022592682391405106
0.023459244519472122
0.024589918553829193
0.02383160963654518
0.029633142054080963
0.024639729410409927
0.02716572768986225
0.02417055144906044
0.022980786859989166
0.024626903235912323
0.025681041181087494
0.02186059206724167
0.021492168307304382
0.025115422904491425
0.024218909442424774
0.024575119838118553
0.025662120431661606
0.02430206537246704
0.02215500921010971
0.024180185049772263
0.024659227579832077
0.02583051659166813
0.025699332356452942
0.023608200252056122
0.024729294702410698
0.02363000065088272
0.02445729821920395
0.02618885040283203
0.02379610389471054
0.026822179555892944
0.026628222316503525
0.026163529604673386
0.025014817714691162
0.02375839278101921
0.024683477357029915
0.031185638159513474
0.02392301708459854
0.027094358578324318
0.024755459278821945
0.024941135197877884
0.022293945774435997
0.02634183131158352
0.02423173561692238
0.02380150929093361
0.026668068021535873
0.02209273725748062
0.023841343820095062
0.023831984028220177
0.026090404018759727
0.025685884058475494
0.023186493664979935
0.024703700095415115
0.022425133734941483
0.024533461779356003
0.026640217751264572
0.023285333067178726
0.02588154934346676
0.022209998220205307
0.025472139939665794
0.02216440439224243
0.021731503307819366
0.02855558693408966
0.022619858384132385
0.025120578706264496
0.024446651339530945
0.026722248643636703
0.022676970809698105
0.02598978951573372
0.026591546833515167
0.02463635616004467
0.022432759404182434
0.024073215201497078
0.021408893167972565
0.02545202150940895
0.023959476500749588
0.02441142126917839
0.02359842136502266
0.026649516075849533
0.022682541981339455
0.020538512617349625
0.022502731531858444
0.024609027430415154
0.022273221984505653
0.024709541350603104
0.025481265038251877
0.024576697498559952
0.02657485380768776
0.023953743278980255
0.023460181429982185
0.02247793972492218
0.02455342747271061
0.02912851795554161
0.02236233279109001
0.02502589300274849
0.025637183338403702
0.026120290160179138
0.02286573126912117
0.025075532495975494
0.02341528795659542
0.026036441326141357
0.024157468229532242
0.022733373567461967
0.02471325919032097
0.022288085892796516
0.023118721321225166
0.02624959498643875
0.024094916880130768
0.02566785365343094
0.02393193542957306
0.02360333502292633
0.023890599608421326
0.025859205052256584
0.02295161783695221
0.02347041293978691
0.023783324286341667
0.02841571345925331
0.02356903627514839
0.025401059538125992
0.025644734501838684
0.023554261773824692
0.023946251720190048
0.025148605927824974
0.022645123302936554
0.023884110152721405
0.022453971207141876
0.023283135145902634
0.026071226224303246
0.022977333515882492
0.024160141125321388
0.024661146104335785
0.02532094344496727
0.02404455840587616
0.027164718136191368
0.024633895605802536
0.02285897172987461
0.024713357910513878
0.024344777688384056
0.01992424950003624
0.022147521376609802
0.023137565702199936
0.02184276096522808
0.021882161498069763
0.022038012742996216
0.021886542439460754
0.023787060752511024
0.024394959211349487
0.021192796528339386
0.024192456156015396
0.024533353745937347
0.023941215127706528
0.02147616259753704
0.022508099675178528
0.022916195914149284
0.023871421813964844
0.024131158366799355
0.024635963141918182
0.02224205806851387
0.022744864225387573
0.020676998421549797
0.02363206259906292
0.02382112853229046
0.02177995629608631
0.022758804261684418
0.02279169112443924
0.02324644848704338
0.026077166199684143
0.024355070665478706
0.024208709597587585
0.021464895457029343
0.025632601231336594
0.024309493601322174
0.02652892842888832
0.025092486292123795
0.023718222975730896
0.02684464305639267
0.02313995361328125
0.02236332930624485
0.024739012122154236
0.023557230830192566
0.024070024490356445
0.024131685495376587
0.02368100732564926
0.024240592494606972
0.023040566593408585
0.024221565574407578
0.02066473662853241
0.02148495241999626
0.02346433512866497
0.023548651486635208
0.022639963775873184
0.027760684490203857
0.021354956552386284
0.0232866108417511
0.021677566692233086
0.024661701172590256
0.0245038028806448
0.021951738744974136
0.025119833648204803
0.022310493513941765
0.02180226892232895
0.02120816335082054
0.023557987064123154
0.0215752013027668
0.02224602922797203
0.02508453279733658
0.02225034311413765
0.025805393233895302
0.02329694665968418
0.022188063710927963
0.029394911602139473
0.024412570521235466
0.023759830743074417
0.025407377630472183
0.025179309770464897
0.022403797134757042
0.022015022113919258
0.03207066282629967
0.02461368218064308
0.023792888969182968
0.02500225603580475
0.026116490364074707
0.024402962997555733
0.025812868028879166
0.0245530903339386
0.02415570802986622
0.022518334910273552
0.026233166456222534
0.023605890572071075
0.022739732638001442
0.022566333413124084
0.023811787366867065
0.029551029205322266
0.025068800896406174
0.027016447857022285
0.029278183355927467
0.027184665203094482
0.021702922880649567
0.021646063774824142
0.022280719131231308
0.025219395756721497
0.026408903300762177
0.02210957370698452
0.02383575029671192
0.027460359036922455
0.025299599394202232
0.02702443115413189
0.02327018603682518
0.02350371703505516
0.02700696513056755
0.028311269357800484
0.023063205182552338
0.021849654614925385
0.025277670472860336
0.023560181260108948
0.024681679904460907
0.023515373468399048
0.021910810843110085
0.023675695061683655
0.027074560523033142
0.023914404213428497
0.023740485310554504
0.025645993649959564
0.024526339024305344
0.023738667368888855
0.022871218621730804
0.026588471606373787
0.023568905889987946
0.025066638365387917
0.026187989860773087
0.024889152497053146
0.022030100226402283
0.028990549966692924
0.022353827953338623
0.023754892870783806
0.02445673570036888
0.027614319697022438
0.024158399552106857
0.021738072857260704
0.022378209978342056
0.02124916762113571
0.02265387400984764
0.022659434005618095
0.020960498601198196
0.024107713252305984
0.02450951188802719
0.022512901574373245
0.020054256543517113
0.021721426397562027
0.026420507580041885
0.021761182695627213
0.024350879713892937
0.023394852876663208
0.02164090797305107
0.02128530852496624
0.025384217500686646
0.021817106753587723
0.024713268503546715
0.024248884990811348
0.023191047832369804
0.020267236977815628
0.023631587624549866
0.022579101845622063
0.021800294518470764
0.021027343347668648
0.02356736734509468
0.02424059808254242
0.02169608511030674
0.021319132298231125
0.022781917825341225
0.02818424627184868
0.022291311994194984
0.02304532378911972
0.02089046686887741
0.020109085366129875
0.02360280603170395
0.022311395034193993
0.021764766424894333
0.021475370973348618
0.02439836785197258
0.022128654643893242
0.02333655394613743
0.020762715488672256
0.02282038703560829
0.026203446090221405
0.02390577271580696
0.02545880898833275
0.026129521429538727
0.023021483793854713
0.025039318948984146
0.024015968665480614
0.024018555879592896
0.02019495703279972
0.022999649867415428
0.023528773337602615
0.021433163434267044
0.02202693000435829
0.02414238452911377
0.021436089649796486
0.024677110835909843
0.022871267050504684
0.021468983963131905
0.02413455955684185
0.02835126779973507
0.02529902197420597
0.021771837025880814
0.02637333795428276
0.02255026064813137
0.0204162634909153
0.022976551204919815
0.02160806581377983
0.02288341522216797
0.02508430927991867
0.02514493651688099
0.023478055372834206
0.023938482627272606
0.022997964173555374
0.02089964598417282
0.021908972412347794
0.024482911452651024
0.021705344319343567
0.020950734615325928
0.020351504907011986
0.01993633061647415
0.02216651663184166
0.024271059781312943
0.023792114108800888
0.025473657995462418
0.022574979811906815
0.02381826750934124
0.025735966861248016
0.02143680304288864
0.021609686315059662
0.02135423570871353
0.02699165977537632
0.020797086879611015
0.02291899174451828
0.02369275689125061
0.02230723388493061
0.02468973398208618
0.02546706795692444
0.020710986107587814
0.025129545480012894
0.02220819517970085
0.020815962925553322
0.023750700056552887
0.022068005055189133
0.021077711135149002
0.022059861570596695
0.02219070866703987
0.021244481205940247
0.02189648151397705
0.021864119917154312
0.023521799594163895
0.02201555110514164
0.02129238098859787
0.022551782429218292
0.02227078378200531
0.02342716045677662
0.021187078207731247
0.02057615853846073
0.02530091628432274
0.023905884474515915
0.02430269494652748
0.025281615555286407
0.023040615022182465
0.02145569398999214
0.02192528173327446
0.024069394916296005
0.019943051040172577
0.021670687943696976
0.022903045639395714
0.02482028864324093
0.02284318208694458
0.021662637591362
0.02249988168478012
0.020840512588620186
0.023848600685596466
0.02281659096479416
0.02239714190363884
0.021905314177274704
0.02169446274638176
0.02285943552851677
0.02256007306277752
0.02395877242088318
0.022499870508909225
0.023115456104278564
0.022578570991754532
0.023096419870853424
0.022118711844086647
0.02251705527305603
0.021575581282377243
0.024015482515096664
0.02355096861720085
0.022541450336575508
0.023740021511912346
0.02220364660024643
0.0229731984436512
0.019872140139341354
0.025435347110033035
0.021891668438911438
0.021296042948961258
0.021889671683311462
0.023265868425369263
0.02316245436668396
0.022359013557434082
0.020769961178302765
0.022404683753848076
0.023771651089191437
0.020338024944067
0.02274974435567856
0.022221481427550316
0.02083510532975197
0.022719942033290863
0.022189978510141373
0.02309834212064743
0.021412234753370285
0.020695537328720093
0.021016845479607582
0.02232755720615387
0.025071043521165848
0.022837962955236435
0.020541232079267502
0.021645981818437576
0.022378381341695786
0.025143718346953392
0.022247467190027237
0.022633448243141174
0.019961819052696228
0.019200442358851433
0.0237349234521389
0.024234306067228317
0.022376032546162605
0.019027110189199448
0.021869176998734474
0.023005519062280655
0.019808484241366386
0.020833831280469894
0.022561348974704742
0.021646739915013313
0.021050523966550827
0.021086499094963074
0.02145664021372795
0.023575134575366974
0.02128279022872448
0.02336384542286396
0.02039564773440361
0.023280713707208633
0.022786177694797516
0.020148493349552155
0.02259672060608864
0.021998239681124687
0.023813042789697647
0.022768203169107437
0.022999659180641174
0.02167401649057865
0.020983826369047165
0.02158454991877079
0.022019680589437485
0.01856878772377968
0.01996387541294098
0.021961525082588196
0.02266477793455124
0.021313700824975967
0.021468615159392357
0.02282911166548729
0.02024000510573387
0.02148541808128357
0.019914675503969193
0.020835623145103455
0.02001076564192772
0.022642716765403748
0.021909411996603012
0.021109797060489655
0.020453162491321564
0.021983932703733444
0.02150755375623703
0.021140405908226967
0.021783635020256042
0.021915916353464127
0.02092129737138748
0.02063813805580139
0.021125156432390213
0.020040441304445267
0.019239526242017746
0.019171420484781265
0.02369971014559269
0.021379366517066956
0.019589534029364586
0.02152135595679283
0.023800436407327652
0.021911732852458954
0.02185286581516266
0.02178202010691166
0.019361257553100586
0.022736728191375732
0.02401655912399292
0.02341170608997345
0.022591769695281982
0.020024897530674934
0.022198386490345
0.01953495293855667
0.023626897484064102
0.02310064435005188
0.023557011038064957
0.01954902708530426
0.02228441834449768
0.022762298583984375
0.022065505385398865
0.023871708661317825
0.020495016127824783
0.018179068341851234
0.021606026217341423
0.022667162120342255
0.021862022578716278
0.02128710225224495
0.024851243942975998
0.024281593039631844
0.022525278851389885
0.020526666194200516
0.02124963141977787
0.023754272609949112
0.022645611315965652
0.02361379563808441
0.022383393719792366
0.022791307419538498
0.02262338437139988
0.021387610584497452
0.01987646333873272
0.021458003669977188
0.02075972966849804
0.021537236869335175
0.02091791108250618
0.020883707329630852
0.02100125513970852
0.022881487384438515
0.0198235921561718
0.02496965602040291
0.017230980098247528
0.020369283854961395
0.024280395358800888
0.022561626508831978
0.01997002772986889
0.021555893123149872
0.02037540078163147
0.02343263104557991
0.01886327750980854
0.020312577486038208
0.01925477758049965
0.02112080343067646
0.021366611123085022
0.020131301134824753
0.02002779021859169
0.02092736028134823
0.021107863634824753
0.022786926478147507
0.022138996049761772
0.022158659994602203
0.02200641855597496
0.0200188048183918
0.021660923957824707
0.021504225209355354
0.019208021461963654
0.019781989976763725
0.02188064157962799
0.021672766655683517
0.021759778261184692
0.019313234835863113
0.01748409867286682
0.02646563947200775
0.022324630990624428
0.023105759173631668
0.022615013644099236
0.022872444242239
0.024409407749772072
0.021501922979950905
0.022258799523115158
0.023059895262122154
0.019789468497037888
0.02623104676604271
0.022261619567871094
0.02188650518655777
0.025452693924307823
0.023477893322706223
0.021562550216913223
0.0214841365814209
0.02206898108124733
0.023063059896230698
0.02136947214603424
0.022295042872428894
0.02309257537126541
0.0247763991355896
0.021054593846201897
0.02109401300549507
0.021464651450514793
0.02194066345691681
0.021104076877236366
0.020796358585357666
0.02249082550406456
0.024586539715528488
0.021767113357782364
0.019616790115833282
0.02363961935043335
0.026295624673366547
0.019248761236667633
0.02206514962017536
0.020276950672268867
0.020224060863256454
0.022050611674785614
0.020921558141708374
0.0197238028049469
0.02016466297209263
0.02359982766211033
0.02143743447959423
0.02078898251056671
0.02292400784790516
0.022727124392986298
0.021487005054950714
0.021370336413383484
0.018601464107632637
0.022114278748631477
0.02266893908381462
0.019647985696792603
0.020667660981416702
0.020637154579162598
0.020218543708324432
0.025025269016623497
0.020118512213230133
0.02094876952469349
0.020400846377015114
0.020203430205583572
0.021994035691022873
0.02027394250035286
0.022245116531848907
0.01984584704041481
0.019851921126246452
0.022461097687482834
0.022657226771116257
0.02064865082502365
0.02073545940220356
0.02127120830118656
0.019975323230028152
0.021109094843268394
0.021224666386842728
0.023291360586881638
0.01922641322016716
0.019957609474658966
0.022501938045024872
0.021035589277744293
0.022301558405160904
0.02182006649672985
0.02189524471759796
0.020767927169799805
0.020358804613351822
0.01977301761507988
0.020998306572437286
0.02066250890493393
0.01898326352238655
0.021461712196469307
0.020770996809005737
0.019060350954532623
0.01977623626589775
0.01986609771847725
0.019463714212179184
0.021317193284630775
0.021088315173983574
0.020346352830529213
0.019054319709539413
0.019375376403331757
0.020735597237944603
0.019616086035966873
0.023136157542467117
0.018123887479305267
0.02392464689910412
0.02433449774980545
0.019720330834388733
0.020684752613306046
0.020017340779304504
0.02050677128136158
0.022598423063755035
0.019921619445085526
0.017885897308588028
0.017920266836881638
0.022548794746398926
0.021290699020028114
0.020134735852479935
0.020961357280611992
0.01834588311612606
0.019913828000426292
0.021116837859153748
0.020179899409413338
0.021166538819670677
0.02063075266778469
0.019977573305368423
0.020816057920455933
0.02088429033756256
0.021047737449407578
0.02061758190393448
0.021901383996009827
0.0202608872205019
0.021173112094402313
0.021532876417040825
0.019874583929777145
0.02011263743042946
0.020726194605231285
0.018918875604867935
0.01971273683011532
0.0184737890958786
0.01922951452434063
0.019198134541511536
0.022056173533201218
0.022097447887063026
0.023924654349684715
0.019018035382032394
0.021026689559221268
0.023678548634052277
0.021365400403738022
0.02060677483677864
0.021272072568535805
0.021530305966734886
0.017684821039438248
0.021338066086173058
0.018819984048604965
0.019505992531776428
0.02044239081442356
0.021820178255438805
0.022232020273804665
0.02158905565738678
0.018951844424009323
0.019632982090115547
0.023768562823534012
0.022241003811359406
0.01979837566614151
0.022763602435588837
0.02278931438922882
0.019881322979927063
0.019509674981236458
0.02017664723098278
0.02385074272751808
0.023276329040527344
0.019743086770176888
0.020675569772720337
0.02210315316915512
0.020798735320568085
0.023747175931930542
0.022748243063688278
0.019772103056311607
0.021425042301416397
0.02369755692780018
0.019344966858625412
0.019039299339056015
0.02071145549416542
0.020014159381389618
0.018914997577667236
0.020600715652108192
0.018963079899549484
0.02299751713871956
0.019533734768629074
0.019221164286136627
0.021072469651699066
0.020626738667488098
0.01937762275338173
0.01737888902425766
0.02026299759745598
0.02105182409286499
0.019605958834290504
0.021064065396785736
0.02054557576775551
0.023752428591251373
0.019305003806948662
0.02043238654732704
0.027307596057653427
0.02174752950668335
0.023495949804782867
0.023641377687454224
0.022842753678560257
0.022203881293535233
0.022278564050793648
0.022665761411190033
0.020943239331245422
0.019527727738022804
0.021473515778779984
0.02366240881383419
0.021000172942876816
0.01880718767642975
0.019794583320617676
0.023275475949048996
0.02224651351571083
0.0201838631182909
0.022475048899650574
0.01970711350440979
0.01952449604868889
0.02104218676686287
0.022962991148233414
0.020917696878314018
0.019280118867754936
0.019336149096488953
0.020519791170954704
0.018529420718550682
0.016258949413895607
0.02010415866971016
0.020279083400964737
0.02077004313468933
0.02015884406864643
0.020536653697490692
0.018810264766216278
0.019493520259857178
0.017841873690485954
0.019808713346719742
0.021089991554617882
0.020874932408332825
0.020459085702896118
0.022733023390173912
0.019528955221176147
0.019366096705198288
0.01871650665998459
0.019986674189567566
0.020465733483433723
0.01885080710053444
0.018988385796546936
0.018748557195067406
0.01982099935412407
0.021243497729301453
0.019044265151023865
0.01943405717611313
0.021954715251922607
0.01901433616876602
0.018859973177313805
0.01858562044799328
0.018743295222520828
0.025375986471772194
0.020284296944737434
0.01979272998869419
0.022468795999884605
0.020477790385484695
0.017803972586989403
0.020063122734427452
0.019640356302261353
0.018239935860037804
0.022069694474339485
0.0199520755559206
0.019969716668128967
0.019377894699573517
0.019324636086821556
0.020044472068548203
0.021763917058706284
0.020431894809007645
0.019998740404844284
0.019592367112636566
0.01802004501223564
0.018825262784957886
0.020497608929872513
0.019818522036075592
0.01983925700187683
0.020276859402656555
0.0198216512799263
0.020051343366503716
0.021077904850244522
0.017042195424437523
0.019261766225099564
0.01833765208721161
0.019644806161522865
0.018972139805555344
0.01831177808344364
0.018416468054056168
0.022802136838436127
0.02213270589709282
0.018561117351055145
0.01960807293653488
0.01810883916914463
0.02140592411160469
0.018645266070961952
0.020410016179084778
0.02201792411506176
0.01880064234137535
0.01854732260107994
0.02130674570798874
0.01918240264058113
0.018764298409223557
0.019218362867832184
0.017686717212200165
0.018891317769885063
0.017142033204436302
0.019147077575325966
0.02397378534078598
0.020235596224665642
0.022100193426012993
0.023855797946453094
0.02163880690932274
0.019306493923068047
0.02018633484840393
0.020531918853521347
0.020030638203024864
0.022265197709202766
0.019706282764673233
0.0220382958650589
0.02057807147502899
0.021050257608294487
0.020545993000268936
0.022381799295544624
0.019108036532998085
0.02284553088247776
0.020428642630577087
0.025655850768089294
0.01997765712440014
0.021845277398824692
0.025743627920746803
0.02377833053469658
0.021381668746471405
0.018260719254612923
0.021450798958539963
0.019739286974072456
0.030092878267169
0.01873944327235222
0.021529462188482285
0.024136532098054886
0.021639127284288406
0.02222808264195919
0.023783233016729355
0.01984390802681446
0.020793795585632324
0.021140217781066895
0.01963178440928459
0.021269146353006363
0.020643092691898346
0.018671508878469467
0.020510774105787277
0.023451631888747215
0.021183468401432037
0.020356375724077225
0.0200115405023098
0.021121522411704063
0.022043414413928986
0.021485108882188797
0.020904986187815666
0.020717762410640717
0.020418571308255196
0.021421153098344803
0.022460956126451492
0.018690787255764008
0.02267058938741684
0.023315593600273132
0.01983070746064186
0.018978215754032135
0.019348932430148125
0.018039613962173462
0.018025685101747513
0.018564727157354355
0.021807044744491577
0.018651071935892105
0.023193664848804474
0.01958341710269451
0.020501313731074333
0.01962803304195404
0.021554579958319664
0.020418543368577957
0.018185341730713844
0.021319855004549026
0.021242771297693253
0.019534626975655556
0.01848462224006653
0.01833885908126831
0.021359311416745186
0.01938929781317711
0.018173646181821823
0.020034242421388626
0.01833472214639187
0.018025141209363937
0.01945134997367859
0.01913047581911087
0.01946362853050232
0.018994798883795738
0.019834648817777634
0.01896136999130249
0.018677450716495514
0.016289040446281433
0.021490855142474174
0.019667284563183784
0.021634478121995926
0.01891551911830902
0.020779235288500786
0.01879790425300598
0.02011343091726303
0.01890958473086357
0.019533317536115646
0.02010815590620041
0.017574988305568695
0.018547583371400833
0.019094761461019516
0.018982775509357452
0.018863387405872345
0.018731743097305298
0.02031872607767582
0.021885406225919724
0.01799689419567585
0.01795405149459839
0.020641617476940155
0.02126821130514145
0.01677072048187256
0.01920284330844879
0.017545804381370544
0.020761776715517044
0.02001289278268814
0.019364889711141586
0.01954202726483345
0.020230595022439957
0.01904035173356533
0.02130487933754921
0.01810433715581894
0.01962856762111187
0.01737620122730732
0.01599372923374176
0.01794523373246193
0.01954874023795128
0.017015796154737473
0.018835121765732765
0.02759721130132675
0.01898295059800148
0.023743998259305954
0.0215758103877306
0.02035747841000557
0.018736768513917923
0.018080759793519974
0.019457008689641953
0.02206532657146454
0.020389843732118607
0.01960195228457451
0.018249202519655228
0.020918358117341995
0.019640609622001648
0.017909865826368332
0.020122842863202095
0.019664859399199486
0.01822693459689617
0.019128307700157166
0.018469413742423058
0.019030703231692314
0.018516626209020615
0.02342015877366066
0.019186152145266533
0.017788462340831757
0.019870636984705925
0.01789240911602974
0.01902286522090435
0.019152827560901642
0.02552003599703312
0.018769152462482452
0.017907679080963135
0.020310379564762115
0.019173527136445045
0.018643440678715706
0.02106708101928234
0.01925600878894329
0.020760655403137207
0.019639533013105392
0.017588986083865166
0.019715294241905212
0.02007935382425785
0.01913987472653389
0.02055342122912407
0.01861591823399067
0.01968368887901306
0.01635337993502617
0.01829240284860134
0.0177476704120636
0.017015589401125908
0.017339598387479782
0.01840483397245407
0.01853085681796074
0.01915842667222023
0.020320896059274673
0.01812666840851307
0.018299328163266182
0.01608620584011078
0.019988588988780975
0.022892281413078308
0.018131088465452194
0.020830370485782623
0.024491678923368454
0.019661901518702507
0.020621951669454575
0.01852824166417122
0.0203831996768713
0.018973512575030327
0.019373629242181778
0.019739344716072083
0.019529392942786217
0.018921788781881332
0.018933456391096115
0.017708178609609604
0.01831994764506817
0.017066916450858116
0.01933911070227623
0.017283782362937927
0.01735159009695053
0.01791708916425705
0.017890887334942818
0.020427703857421875
0.018300550058484077
0.019632067531347275
0.020575696602463722
0.019243339076638222
0.02012794092297554
0.017864255234599113
0.01898866519331932
0.02152826637029648
0.0192575603723526
0.020329417660832405
0.020373571664094925
0.020767968147993088
0.019436180591583252
0.018696490675210953
0.019169844686985016
0.019202839583158493
0.018716173246502876
0.017348334193229675
0.01907036080956459
0.018935561180114746
0.020984981209039688
0.01852112077176571
0.020049333572387695
0.017950760200619698
0.01989530399441719
0.020353753119707108
0.01855352148413658
0.018499556928873062
0.019218791276216507
0.016015134751796722
0.01720312610268593
0.017279796302318573
0.018097523599863052
0.017892468720674515
0.018792469054460526
0.018343564122915268
0.018160033971071243
0.016633320599794388
0.02029118500649929
0.017975986003875732
0.019993390887975693
0.019831791520118713
0.01766519621014595
0.020059529691934586
0.018388699740171432
0.019935818389058113
0.019382327795028687
0.01712433062493801
0.017602238804101944
0.017017457634210587
0.018280530348420143
0.01748579740524292
0.018641667440533638
0.01831268146634102
0.018854737281799316
0.017554324120283127
0.020370010286569595
0.01663079857826233
0.01781846582889557
0.02030632272362709
0.018057256937026978
0.017968982458114624
0.01748613454401493
0.01806076429784298
0.017738528549671173
0.017145324498414993
0.017820065841078758
0.019377604126930237
0.01978701539337635
0.017641782760620117
0.01923493668437004
0.01749875210225582
0.016849514096975327
0.017549782991409302
0.018735969439148903
0.019565800204873085
0.016416041180491447
0.01943926513195038
0.019657380878925323
0.020053327083587646
0.019291207194328308
0.016523214057087898
0.017295749858021736
0.01962420344352722
0.01719646155834198
0.02182076871395111
0.018615437671542168
0.019287317991256714
0.019588148221373558
0.019312981516122818
0.020503543317317963
0.021226434037089348
0.01862705498933792
0.01839885301887989
0.021087832748889923
0.018035493791103363
0.019124845042824745
0.017190542072057724
0.019279880449175835
0.017846841365098953
0.01830030232667923
0.017772365361452103
0.018102262169122696
0.018104948103427887
0.019592808559536934
0.01645343005657196
0.018297258764505386
0.017787540331482887
0.01841588318347931
0.018660934641957283
0.017468374222517014
0.019217679277062416
0.017556343227624893
0.016710666939616203
0.017340581864118576
0.01771925762295723
0.021273626014590263
0.01877700351178646
0.022082224488258362
0.017762918025255203
0.018435709178447723
0.01845497265458107
0.018314391374588013
0.01784713752567768
0.019275706261396408
0.01774820126593113
0.01706898957490921
0.01918082870543003
0.017412137240171432
0.017633285373449326
0.018377995118498802
0.018617261201143265
0.016749411821365356
0.0192929208278656
0.01940900832414627
0.01993625983595848
0.017881831154227257
0.0180128812789917
0.01790362037718296
0.016158239915966988
0.021539360284805298
0.01684919185936451
0.01802230440080166
0.017916813492774963
0.018556881695985794
0.018671469762921333
0.019619202241301537
0.019529543817043304
0.02071400359272957
0.017927618697285652
0.01865641213953495
0.02006794884800911
0.01847858726978302
0.017680717632174492
0.019711265340447426
0.01661103405058384
0.01720740646123886
0.017118923366069794
0.018799036741256714
0.017551828175783157
0.017364533618092537
0.018377400934696198
0.02018444798886776
0.018851494416594505
0.01683124713599682
0.020315997302532196
0.01942022144794464
0.017254559323191643
0.017587967216968536
0.019346296787261963
0.017460769042372704
0.016517065465450287
0.01844615861773491
0.016934627667069435
0.019815783947706223
0.017623119056224823
0.01667994074523449
0.018175503239035606
0.018484026193618774
0.018146127462387085
0.017412465065717697
0.019386310130357742
0.01771644316613674
0.018970226868987083
0.01769992895424366
0.018649356439709663
0.018146835267543793
0.018016090616583824
0.017032181844115257
0.01620684750378132
0.019056474789977074
0.016776401549577713
0.019492125138640404
0.018150005489587784
0.016918595880270004
0.019693031907081604
0.016137845814228058
0.01842140033841133
0.018864121288061142
0.017855849117040634
0.017255377024412155
0.019560864195227623
0.0171275045722723
0.01975167542695999
0.01901150681078434
0.018101327121257782
0.017529264092445374
0.016429735347628593
0.01919371448457241
0.016397777944803238
0.016253579407930374
0.017802173271775246
0.017809787765145302
0.0176379457116127
0.017726963385939598
0.0172002874314785
0.016459055244922638
0.01748574897646904
0.015315278433263302
0.02089739218354225
0.016763756051659584
0.016567671671509743
0.018339425325393677
0.017296887934207916
0.017951082438230515
0.018509484827518463
0.017004964873194695
0.018259184435009956
0.01638077199459076
0.018761949613690376
0.021586276590824127
0.017849642783403397
0.01857730560004711
0.017587848007678986
0.017907248809933662
0.016583643853664398
0.016959454864263535
0.01652163453400135
0.01786920242011547
0.021958816796541214
0.01744314841926098
0.02003197744488716
0.01853005588054657
0.019590402022004128
0.01791049912571907
0.01955973356962204
0.018611185252666473
0.018432000651955605
0.01705871894955635
0.016848979517817497
0.021529899910092354
0.019805144518613815
0.020810648798942566
0.018478985875844955
0.016868431121110916
0.01842522993683815
0.01847907155752182
0.01868792623281479
0.0255582295358181
0.019427474588155746
0.023025184869766235
0.025897668674588203
0.023445725440979004
0.022347543388605118
0.019749119877815247
0.018714550882577896
0.01956053078174591
0.021283872425556183
0.018218543380498886
0.018617942929267883
0.019619828090071678
0.018543871119618416
0.018322542309761047
0.01783820614218712
0.01852356269955635
0.017706632614135742
0.02137002721428871
0.01794365420937538
0.018375132232904434
0.018093615770339966
0.019258491694927216
0.017927896231412888
0.017973395064473152
0.019519731402397156
0.016353163868188858
0.018096644431352615
0.021844610571861267
0.01812315359711647
0.017738763242959976
0.01936005987226963
0.020311450585722923
0.019550485536456108
0.01660185679793358
0.021534191444516182
0.018219567835330963
0.018045909702777863
0.01916973665356636
0.018745066598057747
0.017640072852373123
0.018474582582712173
0.018218647688627243
0.018364425748586655
0.017543816938996315
0.018392138183116913
0.0175703726708889
0.01685914397239685
0.016325321048498154
0.021159494295716286
0.018482400104403496
0.015023102052509785
0.018704960122704506
0.026291504502296448
0.016895459964871407
0.021608645096421242
0.023323265835642815
0.020993823185563087
0.022453317418694496
0.02240026742219925
0.018557991832494736
0.01941373012959957
0.020911753177642822
0.021925225853919983
0.01997547037899494
0.01848931424319744
0.01873842626810074
0.019058752804994583
0.020613230764865875
0.01812770776450634
0.018232719972729683
0.01822805590927601
0.02248392626643181
0.018495723605155945
0.01701415330171585
0.02050715684890747
0.01938818208873272
0.019517822191119194
0.01678696647286415
0.018332727253437042
0.01891910284757614
0.01801924780011177
0.016155362129211426
0.019031189382076263
0.01984821818768978
0.018285803496837616
0.019003592431545258
0.01830245926976204
0.0166420079767704
0.01796342059969902
0.019753489643335342
0.017802780494093895
0.01775720715522766
0.018442418426275253
0.018303653225302696
0.017359698191285133
0.017909595742821693
0.01816580817103386
0.019542235881090164
0.02154972404241562
0.01844082586467266
0.020713824778795242
0.020820436999201775
0.018684040755033493
0.019765088334679604
0.020820915699005127
0.015680529177188873
0.017612989991903305
0.016042137518525124
0.019057948142290115
0.01878279820084572
0.017762867733836174
0.018319953233003616
0.01607314497232437
0.01665695384144783
0.018079567700624466
0.01648566499352455
0.017472581937909126
0.01586974412202835
0.018387604504823685
0.01738901063799858
0.017312195152044296
0.017268914729356766
0.01819504052400589
0.0169331394135952
0.02052326500415802
0.017483919858932495
0.016632404178380966
0.016340069472789764
0.01799299567937851
0.015182108618319035
0.018623948097229004
0.017728552222251892
0.018244434148073196
0.018183648586273193
0.018067818135023117
0.01748032309114933
0.019614985212683678
0.015314963646233082
0.016592824831604958
0.017333466559648514
0.018303174525499344
0.016675520688295364
0.01548420824110508
0.020030245184898376
0.016595015302300453
0.017663899809122086
0.01789739355444908
0.016725905239582062
0.017996862530708313
0.01548709999769926
0.015019508078694344
0.01888738013803959
0.017360296100378036
0.017482491210103035
0.015901297330856323
0.01728994771838188
0.016180651262402534
0.017482947558164597
0.016814474016427994
0.016601769253611565
0.020148295909166336
0.01916438341140747
0.016776423901319504
0.01852816715836525
0.018052827566862106
0.017711851745843887
0.01846722513437271
0.016691144555807114
0.017889056354761124
0.018595796078443527
0.01953316293656826
0.01949489489197731
0.01630210503935814
0.018957767635583878
0.016441231593489647
0.016930395737290382
0.0175910834223032
0.017271213233470917
0.016159547492861748
0.017922651022672653
0.0168842151761055
0.018832672387361526
0.01865880936384201
0.016403216868638992
0.01676981896162033
0.016840996220707893
0.018697362393140793
0.01560946460813284
0.01695312187075615
0.02022378146648407
0.016834894195199013
0.01732391119003296
0.018166841939091682
0.019050320610404015
0.01620480976998806
0.016525041311979294
0.018442440778017044
0.017689064145088196
0.018780136480927467
0.01719660684466362
0.018695034086704254
0.018835153430700302
0.0178707055747509
0.0178834181278944
0.017669662833213806
0.021890146657824516
0.01724201813340187
0.017546813935041428
0.016613878309726715
0.017190109938383102
0.01880982145667076
0.015955829992890358
0.015691474080085754
0.017124852165579796
0.021570786833763123
0.019245190545916557
0.019979964941740036
0.019439369440078735
0.017212068662047386
0.018167700618505478
0.018515396863222122
0.025208836421370506
0.019027065485715866
0.017215615138411522
0.017148159444332123
0.020923268049955368
0.018380792811512947
0.0186697356402874
0.018813779577612877
0.018955569714307785
0.020162135362625122
0.017397744581103325
0.01666601002216339
0.016798507422208786
0.017413759604096413
0.01620357111096382
0.016467522829771042
0.018214425072073936
0.017619766294956207
0.014594613574445248
0.017745401710271835
0.019588815048336983
0.016917668282985687
0.018108755350112915
0.01949351653456688
0.016721419990062714
0.016741778701543808
0.02058553695678711
0.016960233449935913
0.017142586410045624
0.01676158420741558
0.016672927886247635
0.01680494286119938
0.01887688972055912
0.015462850220501423
0.016310617327690125
0.016691554337739944
0.017350967973470688
0.016191966831684113
0.018429629504680634
0.01627497375011444
0.01593654230237007
0.016568956896662712
0.016048723831772804
0.01822422817349434
0.01527404598891735
0.01752360723912716
0.01615944504737854
0.01592845842242241
0.016885776072740555
0.01547306589782238
0.017649009823799133
0.017280785366892815
0.01604042574763298
0.016403203830122948
0.016049399971961975
0.014046703465282917
0.018829451873898506
0.01817936822772026
0.016503673046827316
0.017484452575445175
0.015701252967119217
0.015887442976236343
0.014736421406269073
0.016582265496253967
0.015600629150867462
0.017993934452533722
0.016125453636050224
0.015249957330524921
0.01654253527522087
0.017724407836794853
0.016508476808667183
0.0168924480676651
0.017850924283266068
0.016420606523752213
0.020551772788167
0.01595161110162735
0.016524795442819595
0.016471700742840767
0.016423175111413002
0.014329932630062103
0.017502527683973312
0.01685408316552639
0.018232712522149086
0.016694635152816772
0.014494037255644798
0.014109509997069836
0.015388785861432552
0.018895922228693962
0.01919371448457241
0.01584858074784279
0.016169771552085876
0.017610199749469757
0.017003394663333893
0.01556024793535471
0.0181037075817585
0.016063157469034195
0.016797667369246483
0.014957083389163017
0.01690354384481907
0.015977658331394196
0.017067283391952515
0.01600082591176033
0.01583590731024742
0.017728112637996674
0.017490699887275696
0.017482733353972435
0.01681702584028244
0.016765132546424866
0.016561094671487808
0.017806630581617355
0.016163691878318787
0.014924708753824234
0.015811286866664886
0.016284998506307602
0.016569625586271286
0.015551730990409851
0.0164729543030262
0.02183767780661583
0.01621144264936447
0.01635942980647087
0.01760192960500717
0.015802452340722084
0.014452619478106499
0.016655422747135162
0.017265740782022476
0.015796050429344177
0.016328169032931328
0.016129914671182632
0.015420290641486645
0.016276583075523376
0.01575595512986183
0.01802787370979786
0.01579440012574196
0.01560971513390541
0.018277321010828018
0.017564240843057632
0.01617809757590294
0.01604829542338848
0.015396703965961933
0.016118675470352173
0.017963724210858345
0.015977364033460617
0.020242391154170036
0.019205309450626373
0.01707696169614792
0.01753421500325203
0.01738847605884075
0.016461307182908058
0.017937252297997475
0.014998937025666237
0.0157313235104084
0.01703607849776745
0.017145808786153793
0.01842544600367546
0.01616688445210457
0.014571886509656906
0.015821710228919983
0.01941661164164543
0.016333844512701035
0.015724755823612213
0.01794256828725338
0.01791520044207573
0.016726551577448845
0.015539851039648056
0.01862306334078312
0.017247267067432404
0.01688361167907715
0.01726464182138443
0.01878812536597252
0.017150280997157097
0.016999274492263794
0.0185391902923584
0.017026271671056747
0.014448963105678558
0.019033243879675865
0.014796767383813858
0.01595422998070717
0.015488166362047195
0.016447506844997406
0.016236767172813416
0.01464852225035429
0.019231341779232025
0.01397545076906681
0.015380023047327995
0.01994934305548668
0.01620393991470337
0.01698901131749153
0.01698451116681099
0.014985707588493824
0.017751064151525497
0.016811562702059746
0.014772545546293259
0.01585690677165985
0.014575544744729996
0.017360586673021317
0.0176105760037899
0.015572058968245983
0.016141368076205254
0.016642427071928978
0.01658882573246956
0.014261767268180847
0.01663159392774105
0.01573154889047146
0.019313711673021317
0.01707974262535572
0.01710202544927597
0.015352556481957436
0.014942623674869537
0.015034179203212261
0.014610521495342255
0.016947444528341293
0.01661006733775139
0.017018599435687065
0.014621744863688946
0.017557408660650253
0.01674395427107811
0.014988447539508343
0.016475031152367592
0.015768885612487793
0.015584761276841164
0.016735121607780457
0.015046967193484306
0.014836017042398453
0.01826038584113121
0.016141681000590324
0.01622185669839382
0.01717103272676468
0.016100309789180756
0.015102053992450237
0.015988467261195183
0.01669648103415966
0.016150372102856636
0.016434792429208755
0.014487175270915031
0.014925737865269184
0.015142669901251793
0.014710347168147564
0.016335031017661095
0.014278429560363293
0.014380487613379955
0.014248963445425034
0.01593078300356865
0.025242524221539497
0.018035367131233215
0.017679162323474884
0.020590808242559433
0.019431311637163162
0.016264786943793297
0.01623411662876606
0.01962253451347351
0.016213271766901016
0.01629953645169735
0.018399525433778763
0.015698950737714767
0.017104974016547203
0.015239410102367401
0.0161662008613348
0.017575230449438095
0.016158346086740494
0.016669999808073044
0.015961434692144394
0.014945811592042446
0.014748111367225647
0.01589362882077694
0.014592325314879417
0.01470308005809784
0.015521603636443615
0.014902607537806034
0.015191259793937206
0.016111887991428375
0.015570519492030144
0.01593492180109024
0.015418358147144318
0.015833264216780663
0.017546944320201874
0.01708866097033024
0.015565946698188782
0.016809342429041862
0.01735474355518818
0.016920801252126694
0.016477473080158234
0.01621313765645027
0.015333274379372597
0.01435798592865467
0.015380891039967537
0.014648010954260826
0.014588866382837296
0.014340747147798538
0.014886208809912205
0.016328588128089905
0.014978702180087566
0.015281942673027515
0.015238630585372448
0.015484454110264778
0.014650661498308182
0.014633731916546822
0.01541849784553051
0.014882409945130348
0.014410062693059444
0.015047085471451283
0.015281125903129578
0.017557475715875626
0.015391736291348934
0.015593687072396278
0.01715489663183689
0.016314618289470673
0.019054584205150604
0.01645772159099579
0.016507379710674286
0.016306720674037933
0.017470216378569603
0.017228586599230766
0.01584707200527191
0.014589864760637283
0.01704895682632923
0.01765616424381733
0.019130252301692963
0.01546655036509037
0.01624303311109543
0.015876896679401398
0.016472799703478813
0.016789373010396957
0.014253450557589531
0.020074687898159027
0.01596507430076599
0.015689797699451447
0.01879485510289669
0.018937870860099792
0.01556573435664177
0.01703733578324318
0.015764521434903145
0.019014369696378708
0.017962198704481125
0.017152532935142517
0.01684349589049816
0.020891420543193817
0.01661091484129429
0.014472827315330505
0.017257818952202797
0.015434719622135162
0.021876659244298935
0.015843909233808517
0.017780425027012825
0.016473829746246338
0.01636607013642788
0.01561690866947174
0.016940345987677574
0.015168864279985428
0.014200609177350998
0.016991522163152695
0.014672327786684036
0.015334619209170341
0.01422731764614582
0.014112064614892006
0.015407608821988106
0.015160120092332363
0.017084594815969467
0.015243636444211006
0.013320432975888252
0.015215609222650528
0.014722585678100586
0.014875702559947968
0.015130335465073586
0.014958838932216167
0.015387259423732758
0.014562476426362991
0.01601007580757141
0.014758662320673466
0.01357430499047041
0.013753877021372318
0.016493573784828186
0.014105348847806454
0.01497664675116539
0.014674940146505833
0.01662043109536171
0.01415830384939909
0.014514219015836716
0.014728300273418427
0.016030529513955116
0.015191704034805298
0.01418309472501278
0.01446224469691515
0.014583264477550983
0.016559641808271408
0.014210157096385956
0.01616637222468853
0.015471292659640312
0.014207078143954277
0.01473616249859333
0.014434492215514183
0.015420837327837944
0.014141391962766647
0.015461874194443226
0.016511712223291397
0.015388844534754753
0.015147792175412178
0.015258539468050003
0.014139707200229168
0.013773644343018532
0.016081279143691063
0.014966107904911041
0.013674955815076828
0.015051373280584812
0.014989950694143772
0.015046702697873116
0.014238527975976467
0.016560032963752747
0.016934022307395935
0.017987415194511414
0.016427379101514816
0.015218554064631462
0.01360989362001419
0.015082625672221184
0.01648084446787834
0.016653306782245636
0.01504276692867279
0.01425403542816639
0.017024848610162735
0.015842122957110405
0.016580751165747643
0.014247817918658257
0.013921823352575302
0.014145384542644024
0.018191508948802948
0.01480826735496521
0.022298280149698257
0.018686717376112938
0.015974733978509903
0.01623113453388214
0.01760234124958515
0.01628175377845764
0.021238058805465698
0.014967340044677258
0.014259962365031242
0.015684450045228004
0.014926913194358349
0.017092017456889153
0.015925930812954903
0.016526123508810997
0.01579952985048294
0.01604153774678707
0.016083022579550743
0.014394314028322697
0.016288653016090393
0.01640382967889309
0.01504281535744667
0.015511607751250267
0.01641838066279888
0.016140926629304886
0.013401389122009277
0.01696084439754486
0.015631364658474922
0.01471136324107647
0.013766997493803501
0.015813292935490608
0.015174969099462032
0.018391389399766922
0.01458884309977293
0.014160139486193657
0.014812310226261616
0.015377387404441833
0.015042869374155998
0.015246622264385223
0.015259555540978909
0.014750922098755836
0.018608955666422844
0.014534804970026016
0.01365701388567686
0.015200327150523663
0.01550384797155857
0.013606714084744453
0.013938989490270615
0.0132764782756567
0.015004542656242847
0.015235401690006256
0.01565100997686386
0.014110023155808449
0.014433177188038826
0.013526635244488716
0.01624520868062973
0.015550614334642887
0.014137718826532364
0.014275254681706429
0.013772028498351574
0.015709219500422478
0.015139603987336159
0.013834567740559578
0.012171247974038124
0.01564369723200798
0.013914139941334724
0.015033157542347908
0.016420483589172363
0.014168443158268929
0.014833249151706696
0.0158364400267601
0.01289593055844307
0.01644657924771309
0.012871302664279938
0.014211068861186504
0.015112504363059998
0.017341841012239456
0.015094920992851257
0.013622673228383064
0.015895459800958633
0.014984562061727047
0.014961622655391693
0.016491051763296127
0.015641309320926666
0.014168445020914078
0.018224893137812614
0.016091443598270416
0.013774107210338116
0.014430656097829342
0.015356922522187233
0.01566847413778305
0.016115637496113777
0.014273934997618198
0.016089705750346184
0.014555459842085838
0.01304626651108265
0.015153883956372738
0.015689421445131302
0.012445454485714436
0.012810666114091873
0.016485940665006638
0.014329195022583008
0.017396876588463783
0.014825948514044285
0.017178988084197044
0.014932900667190552
0.015736641362309456
0.014278870075941086
0.014703094959259033
0.01565181463956833
0.016643231734633446
0.013284099288284779
0.013771643862128258
0.012572742998600006
0.014359002001583576
0.014888832345604897
0.01475045271217823
0.014255993999540806
0.01682286709547043
0.014425214380025864
0.015116667374968529
0.013524970039725304
0.013845260255038738
0.015912434086203575
0.013718117959797382
0.016354352235794067
0.014091316610574722
0.016178376972675323
0.014512612484395504
0.015196233987808228
0.014245308935642242
0.013592242263257504
0.013658779673278332
0.013558224774897099
0.011965539306402206
0.01633400097489357
0.014998165890574455
0.015557771548628807
0.017095524817705154
0.018498320132493973
0.01507963053882122
0.014319077134132385
0.020820945501327515
0.018591608852148056
0.019780462607741356
0.017042391002178192
0.026769859716296196
0.018920745700597763
0.017311250790953636
0.01487766858190298
0.01648767665028572
0.019728293642401695
0.02420337125658989
0.014736443758010864
0.019940823316574097
0.019322840496897697
0.01949005015194416
0.02113424986600876
0.018081625923514366
0.017997123301029205
0.016392087563872337
0.015758294612169266
0.0202767476439476
0.01614205166697502
0.015715116634964943
0.01734231784939766
0.014972726814448833
0.015696659684181213
0.01684405654668808
0.016448283568024635
0.015494097955524921
0.0166840348392725
0.01464393176138401
0.015585733577609062
0.014840375632047653
0.015758855268359184
0.015368659049272537
0.015265782363712788
0.014895585365593433
0.015284392982721329
0.01715145818889141
0.014565844088792801
0.016396768391132355
0.015217110514640808
0.013524762354791164
0.014850782230496407
0.013680326752364635
0.013335106894373894
0.0179115142673254
0.01422673650085926
0.016264691948890686
0.016163403168320656
0.016271695494651794
0.01435232162475586
0.015079252421855927
0.014585806056857109
0.015421172603964806
0.016182951629161835
0.01379319280385971
0.014040970243513584
0.015155422501266003
0.014422882348299026
0.016337748616933823
0.014191508293151855
0.014941214583814144
0.015831610187888145
0.014574052765965462
0.01511872373521328
0.0135904336348176
0.017140835523605347
0.016096442937850952
0.01808013580739498
0.015545904636383057
0.013637300580739975
0.01567211002111435
0.015541152097284794
0.01682071015238762
0.015679027885198593
0.015046607702970505
0.014268583618104458
0.015003940090537071
0.01308564841747284
0.014409800991415977
0.01559530384838581
0.013567682355642319
0.014349261298775673
0.014449463225901127
0.015095637179911137
0.01599554717540741
0.01406974345445633
0.014619050547480583
0.016691364347934723
0.014670323580503464
0.013226216658949852
0.01805044710636139
0.013379162177443504
0.01432029064744711
0.013625068590044975
0.012841048650443554
0.016964778304100037
0.01404661126434803
0.01494116336107254
0.014474555850028992
0.015950540080666542
0.013825568370521069
0.01589486375451088
0.014483818784356117
0.01372162252664566
0.014341304078698158
0.013088998384773731
0.016188638284802437
0.014743756502866745
0.01352102030068636
0.013968274928629398
0.014179304242134094
0.012572672218084335
0.013578180223703384
0.013711183331906796
0.013280237093567848
0.014936060644686222
0.013540875166654587
0.014335369691252708
0.013762151822447777
0.012677598744630814
0.014117646962404251
0.013895995914936066
0.014524372294545174
0.01405981183052063
0.015969444066286087
0.01287025772035122
0.012894406914710999
0.011953982524573803
0.013984857127070427
0.014398671686649323
0.014014991000294685
0.012312894687056541
0.014358550310134888
0.013242177665233612
0.013946911320090294
0.014021727256476879
0.016059624031186104
0.013770132325589657
0.01367957517504692
0.01569487899541855
0.015089028514921665
0.013759536668658257
0.014615397900342941
0.014430058188736439
0.01394294947385788
0.014765201136469841
0.01399290282279253
0.01583905890583992
0.013987861573696136
0.015405718237161636
0.015124667435884476
0.013320752419531345
0.015136194415390491
0.014129368588328362
0.02324856072664261
0.01408854778856039
0.02015923708677292
0.018828174099326134
0.02155681885778904
0.01854683831334114
0.014283129014074802
0.0185396745800972
0.015416691079735756
0.017699886113405228
0.015575303696095943
0.016189536079764366
0.015699928626418114
0.015307364985346794
0.016594016924500465
0.015163559466600418
0.014438148587942123
0.014532706700265408
0.014713671058416367
0.015552936121821404
0.014226901344954967
0.01396275870501995
0.013373784720897675
0.013783338479697704
0.015704603865742683
0.0156436525285244
0.014494339004158974
0.014860529452562332
0.01750926673412323
0.013957040384411812
0.01338118501007557
0.014260600320994854
0.014339489862322807
0.014686645939946175
0.012319237925112247
0.012621893547475338
0.01901160180568695
0.014922739937901497
0.014075683429837227
0.01318020187318325
0.014200283214449883
0.014772920869290829
0.012723305262625217
0.013921910896897316
0.01482662558555603
0.014056100510060787
0.013688729144632816
0.014982273802161217
0.01506564486771822
0.016138117760419846
0.01386209111660719
0.014569591730833054
0.01345740258693695
0.012575939297676086
0.0135255828499794
0.015779569745063782
0.01347264926880598
0.013359051197767258
0.01388373039662838
0.012791483663022518
0.013509516604244709
0.01450519822537899
0.015004126355051994
0.013880199752748013
0.013398570939898491
0.014857098460197449
0.015944641083478928
0.01209290325641632
0.013334332033991814
0.01320391520857811
0.0141624566167593
0.014718773774802685
0.014195328578352928
0.012858361005783081
0.014953961595892906
0.013377382420003414
0.015986818820238113
0.014501337893307209
0.014899194240570068
0.013574095442891121
0.014270307496190071
0.013630188070237637
0.012521877884864807
0.012819833122193813
0.01316576637327671
0.012328105047345161
0.014599589630961418
0.014133760705590248
0.01461526844650507
0.014289886690676212
0.01520458608865738
0.014189501293003559
0.014291414991021156
0.013337839394807816
0.013296538963913918
0.01318941917270422
0.014215098693966866
0.01482387725263834
0.012471253052353859
0.013347837142646313
0.01249770075082779
0.013207294046878815
0.014791055582463741
0.012416211888194084
0.013557654805481434
0.012852911837399006
0.012800979427993298
0.011804444715380669
0.019664404913783073
0.015149286016821861
0.014371892437338829
0.015626415610313416
0.016777727752923965
0.01959444209933281
0.016049176454544067
0.015676885843276978
0.015289253555238247
0.017335636541247368
0.01434608269482851
0.0167835783213377
0.01396264974027872
0.011918272823095322
0.014828868210315704
0.015764299780130386
0.012980521656572819
0.018041925504803658
0.014791401103138924
0.013454866595566273
0.013131557032465935
0.013482734560966492
0.01231737807393074
0.013903709128499031
0.013293030671775341
0.015416070818901062
0.013216888532042503
0.013690272346138954
0.012837851420044899
0.013855980709195137
0.014780036173760891
0.012885667383670807
0.015186097472906113
0.015791334211826324
0.014074945822358131
0.014788770116865635
0.013641808182001114
0.014503709971904755
0.013853684067726135
0.01543385535478592
0.013789577409625053
0.014586889185011387
0.014376104809343815
0.017619352787733078
0.014673871919512749
0.014202441088855267
0.016307741403579712
0.015821412205696106
0.015159130096435547
0.015345904044806957
0.013241000473499298
0.014276212081313133
0.01396300457417965
0.014148848131299019
0.013496718369424343
0.012906759977340698
0.014611758291721344
0.013507068157196045
0.014959333464503288
0.0137885557487607
0.01220603659749031
0.01461655180901289
0.01473075058311224
0.01271681860089302
0.012838728725910187
0.012968171387910843
0.012034374289214611
0.01363357063382864
0.0170107614248991
0.013083884492516518
0.01403059996664524
0.015561210922896862
0.014509054832160473
0.013379625976085663
0.015812929719686508
0.01631058380007744
0.012691021896898746
0.014458134770393372
0.012339569628238678
0.013034937903285027
0.014027129858732224
0.014344528317451477
0.014207989908754826
0.01701163686811924
0.014763467945158482
0.013638123869895935
0.017573578283190727
0.013444551266729832
0.014770195819437504
0.01547479722648859
0.015340018086135387
0.013159524649381638
0.013440703973174095
0.014734401367604733
0.01442806888371706
0.013572980649769306
0.012197747826576233
0.013019334524869919
0.011724408715963364
0.012211527675390244
0.015911035239696503
0.014220904558897018
0.015849385410547256
0.013851882889866829
0.014434072189033031
0.014848961494863033
0.013412026688456535
0.01200548280030489
0.012151717208325863
0.015089758671820164
0.012695183977484703
0.01129530556499958
0.013250024057924747
0.013122018426656723
0.013577749952673912
0.012826047837734222
0.012089984491467476
0.011787166818976402
0.013134961947798729
0.013247472234070301
0.017386388033628464
0.0124345812946558
0.01442895270884037
0.013880913145840168
0.014732339419424534
0.016037430614233017
0.014935100451111794
0.014321472495794296
0.013736697845160961
0.01319122314453125
0.01431758888065815
0.01367938332259655
0.01312363799661398
0.011660539545118809
0.013693351298570633
0.012396331876516342
0.014128758572041988
0.01338288839906454
0.014403091743588448
0.012479014694690704
0.01404536236077547
0.011754442006349564
0.011624558828771114
0.015465961769223213
0.012011269107460976
0.013075718656182289
0.015006542205810547
0.011414146982133389
0.013961231335997581
0.012028204277157784
0.013073913753032684
0.011685548350214958
0.012506909668445587
0.013168388977646828
0.012556963600218296
0.013010462746024132
0.013338698074221611
0.012387135997414589
0.014715337194502354
0.011946938931941986
0.012536744587123394
0.01129728090018034
0.013670489192008972
0.013599786907434464
0.013635985553264618
0.013886924833059311
0.011553555727005005
0.01223754696547985
0.013039667159318924
0.014474320225417614
0.012302936054766178
0.012837538495659828
0.011944906786084175
0.014551207423210144
0.015001978725194931
0.012228059582412243
0.015953220427036285
0.013109337538480759
0.013159248977899551
0.013229015283286572
0.013009119778871536
0.012565908953547478
0.01141291856765747
0.011016770265996456
0.011428264901041985
0.0141421714797616
0.01167084090411663
0.013009997084736824
0.01590762473642826
0.0132648516446352
0.01272949855774641
0.015215020626783371
0.01263730600476265
0.013838035985827446
0.012492749840021133
0.01271502673625946
0.014237282797694206
0.011131594888865948
0.01315620169043541
0.012532658874988556
0.01344088651239872
0.012036474421620369
0.012992573902010918
0.013045474886894226
0.01218153815716505
0.014895465224981308
0.011795703321695328
0.012363816611468792
0.012575359083712101
0.01190648041665554
0.011225961148738861
0.01383240893483162
0.012160204350948334
0.011917347088456154
0.012822276912629604
0.013366173952817917
0.011994369328022003
0.012209882028400898
0.019540585577487946
0.01297706551849842
0.015060797333717346
0.014679793268442154
0.013749350793659687
0.013308010995388031
0.014531899243593216
0.012337145395576954
0.01451312005519867
0.01368140708655119
0.013258607126772404
0.017622537910938263
0.014649026095867157
0.013847142457962036
0.013192299753427505
0.013608269393444061
0.012087512761354446
0.014146561734378338
0.015829890966415405
0.014159861952066422
0.012115949764847755
0.013674704357981682
0.01323299016803503
0.016232741996645927
0.01322920247912407
0.012933025136590004
0.012762761674821377
0.013435794971883297
0.013314882293343544
0.01154201477766037
0.01154550164937973
0.013244019821286201
0.012036604806780815
0.015356142073869705
0.015829745680093765
0.011791588738560677
0.01280931755900383
0.018603265285491943
0.012374378740787506
0.01298835314810276
0.014356239698827267
0.01390273217111826
0.013238126412034035
0.01289273425936699
0.011891622096300125
0.011347105726599693
0.014699224382638931
0.012648551724851131
0.012278398498892784
0.0128258615732193
0.011878359131515026
0.013859905302524567
0.011711661703884602
0.012704947963356972
0.013011622242629528
0.01460887398570776
0.011068668216466904
0.012324501760303974
0.012398503720760345
0.013606409542262554
0.0123132998123765
0.011760647408664227
0.013343516737222672
0.013144394382834435
0.010816449299454689
0.014324069954454899
0.014204159379005432
0.012218277901411057
0.013190357014536858
0.013285906054079533
0.012484082020819187
0.012928690761327744
0.01289196778088808
0.0136897973716259
0.013257830403745174
0.01183937955647707
0.01228378526866436
0.011976176872849464
0.014802314341068268
0.012330515310168266
0.01159142330288887
0.011413507163524628
0.011337466537952423
0.012853261083364487
0.014867061749100685
0.012429052963852882
0.012405230663716793
0.012390176765620708
0.012365477159619331
0.012789895758032799
0.011173002421855927
0.010986271314322948
0.011121194809675217
0.014385019429028034
0.011902669444680214
0.011581789702177048
0.013204946182668209
0.012830582447350025
0.014747224748134613
0.012172829359769821
0.013399900868535042
0.012252619490027428
0.010951260104775429
0.012731729075312614
0.011380182579159737
0.01199592649936676
0.016118191182613373
0.01210087165236473
0.015331017784774303
0.01311299204826355
0.011562041006982327
0.01545074675232172
0.01359844021499157
0.01224398985505104
0.01238430105149746
0.015488127246499062
0.012860672548413277
0.013460682705044746
0.013798670843243599
0.0143869798630476
0.012569451704621315
0.01314612664282322
0.011220688000321388
0.01102406531572342
0.012015072628855705
0.012721704319119453
0.011110949330031872
0.012560206465423107
0.010934220626950264
0.01865842193365097
0.011533139273524284
0.011360973119735718
0.013464334420859814
0.01168774999678135
0.012102670967578888
0.011848275549709797
0.01209273561835289
0.010800916701555252
0.013061664998531342
0.012115643359720707
0.011013815179467201
0.013807794079184532
0.012096062302589417
0.012019986286759377
0.012639498338103294
0.014371655881404877
0.011739175766706467
0.010931458324193954
0.012514080852270126
0.013132799416780472
0.011473781429231167
0.012738820165395737
0.012714801356196404
0.01167878694832325
0.01223488338291645
0.012574968859553337
0.01212011743336916
0.012911139987409115
0.011887265369296074
0.012214036658406258
0.01178805809468031
0.012725429609417915
0.013194635510444641
0.011687267571687698
0.012494026683270931
0.012648831121623516
0.01163006853312254
0.011887111701071262
0.011961865238845348
0.010820082388818264
0.012297460809350014
0.011319093406200409
0.012706789188086987
0.011947060003876686
0.010471141897141933
0.013831588439643383
0.011190232820808887
0.01136842928826809
0.014021609909832478
0.011528315022587776
0.01253024023026228
0.012150280177593231
0.011211536824703217
0.011025974527001381
0.011342279613018036
0.015941821038722992
0.010386928915977478
0.01208643801510334
0.013504584319889545
0.01216299831867218
0.012751584872603416
0.01402481272816658
0.012494580820202827
0.012105763889849186
0.011160931549966335
0.011845111846923828
0.011519456282258034
0.013503075577318668
0.013194112107157707
0.012004218064248562
0.01462811790406704
0.012719613499939442
0.012208580039441586
0.012331776320934296
0.012394409626722336
0.011712733656167984
0.01242864690721035
0.012682324275374413
0.014251025393605232
0.011932706460356712
0.013212505728006363
0.010501501150429249
0.01839432120323181
0.0113699771463871
0.014376803301274776
0.011766323819756508
0.014043547213077545
0.012541343457996845
0.011729873716831207
0.012982729822397232
0.011114411056041718
0.010538472793996334
0.012921093963086605
0.011131377890706062
0.012319514527916908
0.011639758013188839
0.012067830190062523
0.012215111404657364
0.012300660833716393
0.01237661112099886
0.013055858202278614
0.013114127330482006
0.012000643648207188
0.01140650175511837
0.013081816956400871
0.011493532918393612
0.012232818640768528
0.01106447633355856
0.011791753582656384
0.011920448392629623
0.01203719899058342
0.00978758279234171
0.010630125179886818
0.01115088164806366
0.011501923203468323
0.011664213612675667
0.012341432273387909
0.010919537395238876
0.011703826487064362
0.010956041514873505
0.011922466568648815
0.01360517367720604
0.012591100297868252
0.011202936992049217
0.012814797461032867
0.011560237035155296
0.012411745265126228
0.012332802638411522
0.01063835434615612
0.012079060077667236
0.015723511576652527
0.012020239606499672
0.0142602464184165
0.013995547778904438
0.013677679002285004
0.014058586210012436
0.012600891292095184
0.013445587828755379
0.0134135065600276
0.012213974259793758
0.011338873766362667
0.011201434768736362
0.011848079040646553
0.012236131355166435
0.013907668180763721
0.01260565035045147
0.012656506150960922
0.012099681422114372
0.01235324889421463
0.01431009080260992
0.011954745277762413
0.012174636125564575
0.013705361634492874
0.015043845400214195
0.01298682764172554
0.013249143026769161
0.013057290576398373
0.013378283008933067
0.0118521424010396
0.011769874952733517
0.011980092152953148
0.010863042436540127
0.011874883435666561
0.011186517775058746
0.011869115754961967
0.012152320705354214
0.011918913573026657
0.011121362447738647
0.010768748819828033
0.010784804821014404
0.01082083024084568
0.015685349702835083
0.012137094512581825
0.012514079920947552
0.01314088236540556
0.014370540156960487
0.013455446809530258
0.011956023052334785
0.01089237630367279
0.010424787178635597
0.011924508959054947
0.012215337716042995
0.011381592601537704
0.012772905640304089
0.011282929219305515
0.013897906988859177
0.012050440534949303
0.012948536314070225
0.01341167837381363
0.012493524700403214
0.012111315503716469
0.01551122684031725
0.01288549043238163
0.01273983996361494
0.012829797342419624
0.013228103518486023
0.011273388750851154
0.012971436604857445
0.012399530969560146
0.01138988509774208
0.011073501780629158
0.012525261379778385
0.01160010788589716
0.011380257084965706
0.012155191972851753
0.010810066014528275
0.011668671853840351
0.01074404176324606
0.010680807754397392
0.010827671736478806
0.011458955705165863
0.011281097307801247
0.012328275479376316
0.010947865433990955
0.012369086965918541
0.010441211983561516
0.01028398610651493
0.012319509871304035
0.010431556031107903
0.010889197699725628
0.01090946327894926
0.011221956461668015
0.010617951862514019
0.011909611523151398
0.012237515300512314
0.011211879551410675
0.011406602337956429
0.009780537337064743
0.010752296075224876
0.012448669411242008
0.011516396887600422
0.012275729328393936
0.012738009914755821
0.012442082166671753
0.011096697300672531
0.011502908542752266
0.01139825489372015
0.011589715257287025
0.009958541952073574
0.011891857720911503
0.011386783793568611
0.009736836887896061
0.011095860973000526
0.01136927492916584
0.010856840759515762
0.015366975218057632
0.011522114276885986
0.01326761394739151
0.012791572138667107
0.011245985515415668
0.01233835518360138
0.009975879453122616
0.011019657365977764
0.013031474314630032
0.012351356446743011
0.010509196668863297
0.011998452246189117
0.010384811088442802
0.011258220300078392
0.011529074050486088
0.011075588874518871
0.012187420390546322
0.01088687777519226
0.010466700419783592
0.01266524288803339
0.011099318973720074
0.011239487677812576
0.01152786798775196
0.010662571527063847
0.012156572192907333
0.011510267853736877
0.010891878977417946
0.010646524839103222
0.012759530916810036
0.013825764879584312
0.0109418835490942
0.0115113016217947
0.011037766933441162
0.011417996138334274
0.011601796373724937
0.010704249143600464
0.01151518989354372
0.012778863310813904
0.012777498923242092
0.012819782830774784
0.01236809603869915
0.012358907610177994
0.010282072238624096
0.012289782054722309
0.01018224935978651
0.012010786682367325
0.010729596950113773
0.011991568841040134
0.01261199451982975
0.010990088805556297
0.01205003447830677
0.011017724871635437
0.01405694056302309
0.012709067203104496
0.010378070175647736
0.010340850800275803
0.011170401237905025
0.01064794510602951
0.012551199644804
0.011464749462902546
0.01078538317233324
0.009658006019890308
0.010831576772034168
0.011662516742944717
0.011130846105515957
0.0141126224771142
0.011020006611943245
0.011525070294737816
0.011462737806141376
0.010782146826386452
0.012112596072256565
0.010777105577290058
0.011434588581323624
0.011844269931316376
0.010169796645641327
0.009335746057331562
0.010587392374873161
0.011806369759142399
0.010655557736754417
0.009937606751918793
0.01122012734413147
0.009679301641881466
0.011684121564030647
0.010880820453166962
0.010895630344748497
0.011273955926299095
0.009522860869765282
0.012063786387443542
0.009739403612911701
0.010551521554589272
0.00959116593003273
0.009998507797718048
0.0106606250628829
0.01070411503314972
0.011204659938812256
0.010122347623109818
0.010529701597988605
0.012365095317363739
0.011439580470323563
0.011889470741152763
0.009943440556526184
0.011573972180485725
0.010828952305018902
0.010577885434031487
0.011465776711702347
0.009360982105135918
0.01178404875099659
0.010150790214538574
0.010178589262068272
0.011274236254394054
0.01012682169675827
0.009413642808794975
0.014006782323122025
0.010852718725800514
0.011357160285115242
0.01151875127106905
0.0107164541259408
0.010115894488990307
0.01077798567712307
0.010836770758032799
0.011516772210597992
0.010806228965520859
0.010718470439314842
0.012742023915052414
0.011543499305844307
0.010823942720890045
0.011126133613288403
0.01155412569642067
0.009737273678183556
0.011487407609820366
0.010124944150447845
0.010694840922951698
0.010987918823957443
0.0117490841075778
0.010876051150262356
0.013130669482052326
0.011526493355631828
0.012162658385932446
0.013407360762357712
0.01019304245710373
0.012430801056325436
0.010993486270308495
0.012735562399029732
0.010562563315033913
0.010104598477482796
0.009499333798885345
0.010787395760416985
0.0096821878105402
0.011335782706737518
0.009937579743564129
0.010379857383668423
0.010755104012787342
0.010744358412921429
0.010265463031828403
0.010844727978110313
0.012072758749127388
0.011052709072828293
0.009979469701647758
0.008988536894321442
0.010915601626038551
0.010727758519351482
0.010253481566905975
0.009196808561682701
0.009934773668646812
0.009687414392828941
0.01086932048201561
0.00957663543522358
0.011684991419315338
0.011307695880532265
0.010519557632505894
0.010370850563049316
0.010403168387711048
0.011798204854130745
0.01075410470366478
0.009929362684488297
0.009834995493292809
0.010691639967262745
0.014989735558629036
0.011543426662683487
0.011800974607467651
0.011811656877398491
0.01149565540254116
0.012420614250004292
0.010595620609819889
0.014212474226951599
0.011793714016675949
0.011789494194090366
0.01139606349170208
0.010496570728719234
0.01074226200580597
0.01033827755600214
0.011031242087483406
0.010037346743047237
0.010092085227370262
0.01289207674562931
0.010572707280516624
0.009495512582361698
0.01281077228486538
0.01179815735667944
0.010417460463941097
0.010958300903439522
0.011171475984156132
0.012340866960585117
0.010213201865553856
0.010991464368999004
0.011203592643141747
0.011774812825024128
0.01042933389544487
0.010541826486587524
0.011061198078095913
0.012338381260633469
0.010056663304567337
0.011804568581283092
0.010686083696782589
0.010759951546788216
0.012187536805868149
0.012357745319604874
0.011233245022594929
0.011593449860811234
0.010973086580634117
0.011363150551915169
0.009651120752096176
0.011350077576935291
0.010493641719222069
0.009685877710580826
0.010429801419377327
0.010734631679952145
0.009359244257211685
0.008719904348254204
0.010698648169636726
0.010393394157290459
0.00884732510894537
0.008962833322584629
0.010590647347271442
0.01092465128749609
0.010035725310444832
0.010022523812949657
0.01126019936054945
0.011082174256443977
0.011200171895325184
0.010965733788907528
0.011485901661217213
0.010553588159382343
0.00973527505993843
0.008811824023723602
0.009562410414218903
0.009867561981081963
0.009150742553174496
0.009551824070513248
0.009669426828622818
0.013541187159717083
0.010409355163574219
0.00993279367685318
0.010717032477259636
0.010321643203496933
0.009927483275532722
0.011874078772962093
0.009389298036694527
0.009723903611302376
0.010184315964579582
0.009252617135643959
0.010621244087815285
0.009598536416888237
0.009934918954968452
0.009130703285336494
0.011000333353877068
0.00950527936220169
0.009685373865067959
0.010001126676797867
0.010844229720532894
0.010615276172757149
0.014097217470407486
0.00916303601115942
0.010901452973484993
0.009035764262080193
0.009629400447010994
0.009868860244750977
0.010166970081627369
0.00924164243042469
0.00843288004398346
0.010895979590713978
0.010068722069263458
0.00979514792561531
0.010977781377732754
0.00992365088313818
0.008916562423110008
0.010153054259717464
0.0131096625700593
0.01130085252225399
0.009144186973571777
0.01012394018471241
0.010534415021538734
0.009509898722171783
0.009281078353524208
0.010171409696340561
0.013041544705629349
0.01013704389333725
0.009964309632778168
0.01129184477031231
0.010123084299266338
0.010762322694063187
0.010677899233996868
0.010372290387749672
0.010810069739818573
0.0088663250207901
0.008977624587714672
0.009853525087237358
0.009017189964652061
0.009619103744626045
0.009767839685082436
0.010859280824661255
0.013293367810547352
0.010103996843099594
0.009212739765644073
0.010810816660523415
0.010224664583802223
0.01043306291103363
0.010288646444678307
0.010777926072478294
0.010866355150938034
0.009593416005373001
0.010278822854161263
0.009882597252726555
0.009994572028517723
0.00980337243527174
0.010744383558630943
0.0090524572879076
0.012075124308466911
0.00931800901889801
0.008467202074825764
0.009487956762313843
0.009256845340132713
0.00960838608443737
0.00994985643774271
0.009279453195631504
0.012224837206304073
0.008924750611186028
0.010952822864055634
0.010313892737030983
0.010053000412881374
0.01057279109954834
0.01151212863624096
0.010298730805516243
0.011752938851714134
0.00951217208057642
0.011017974466085434
0.012776877731084824
0.011854253709316254
0.010895214974880219
0.010044267401099205
0.010717140510678291
0.01039144303649664
0.011174369603395462
0.009759495034813881
0.009927429258823395
0.01002572849392891
0.010367026552557945
0.010408835485577583
0.010439655743539333
0.011070040985941887
0.009633850306272507
0.011166338808834553
0.009941230528056622
0.010712692514061928
0.009488562121987343
0.009618677198886871
0.013819806277751923
0.009375128895044327
0.010646208189427853
0.010527909733355045
0.010397179052233696
0.010221905075013638
0.010720804333686829
0.011018087156116962
0.010639358311891556
0.011907471343874931
0.010462929494678974
0.011485325172543526
0.009615576826035976
0.010827792808413506
0.010491138324141502
0.009735049679875374
0.00997332576662302
0.01032799482345581
0.010741554200649261
0.009336673654615879
0.010314542800188065
0.009774954058229923
0.009614594280719757
0.009302296675741673
0.008773798123002052
0.011703528463840485
0.009898507036268711
0.00923252385109663
0.00930958241224289
0.01138051226735115
0.01183396577835083
0.009071306325495243
0.013045936822891235
0.011298943310976028
0.011091051623225212
0.010440748184919357
0.01094835065305233
0.011211580596864223
0.009803476743400097
0.009418126195669174
0.009213188663125038
0.01235293410718441
0.010261449962854385
0.009892374277114868
0.009695518761873245
0.009472966194152832
0.008622758090496063
0.009533711709082127
0.008020617067813873
0.0086464062333107
0.009262517094612122
0.009730858728289604
0.00924878939986229
0.010017182677984238
0.008533764630556107
0.008481461554765701
0.010348287411034107
0.009532277472317219
0.01055854745209217
0.008596904575824738
0.009622847661376
0.00874247308820486
0.009643413126468658
0.010609859600663185
0.009564206935465336
0.011238505132496357
0.009116598404943943
0.009563754312694073
0.00915259774774313
0.009350203908979893
0.009449266828596592
0.008839080110192299
0.011922497302293777
0.009695380926132202
0.009105166420340538
0.009729980491101742
0.010007424280047417
0.00965028628706932
0.009922675788402557
0.011313283815979958
0.010906542651355267
0.01102689653635025
0.011879072524607182
0.009936105459928513
0.010250890627503395
0.008600646629929543
0.011341257020831108
0.01023993082344532
0.00888893473893404
0.010328752920031548
0.00910938810557127
0.008722526952624321
0.009150939993560314
0.009351618587970734
0.00900568813085556
0.010071269236505032
0.010935690253973007
0.009217161685228348
0.009462457150220871
0.009183497168123722
0.011593116447329521
0.008622359484434128
0.01109356340020895
0.010767441242933273
0.010297100991010666
0.009862790815532207
0.010564773343503475
0.009046744555234909
0.009552918374538422
0.008721468970179558
0.009478346444666386
0.008842956274747849
0.0094766765832901
0.008060252293944359
0.008699590340256691
0.010387072339653969
0.011224993504583836
0.010292410850524902
0.011338496580719948
0.010182909667491913
0.010234263725578785
0.009306409396231174
0.009102684445679188
0.010142859071493149
0.009767988696694374
0.008365729823708534
0.010673300363123417
0.009549884125590324
0.00999661348760128
0.010199210606515408
0.008906625211238861
0.009713930077850819
0.010009839199483395
0.008414499461650848
0.009668725542724133
0.008572611957788467
0.008436997421085835
0.010263104923069477
0.00938492827117443
0.00886323768645525
0.009248778223991394
0.009574288502335548
0.007958058267831802
0.009070836007595062
0.01078092958778143
0.01166799571365118
0.008407147601246834
0.010946708731353283
0.009759314358234406
0.010119359940290451
0.012188447639346123
0.009231872856616974
0.008395599201321602
0.00999507401138544
0.008952846750617027
0.0104620810598135
0.009677926078438759
0.01086687296628952
0.010946296155452728
0.011285476386547089
0.009987768717110157
0.009383228607475758
0.011126711964607239
0.009591816924512386
0.010854093357920647
0.009235125035047531
0.010858708992600441
0.010997865349054337
0.01005914993584156
0.008572240360081196
0.008310814388096333
0.009078244678676128
0.008912041783332825
0.009388838894665241
0.00982694886624813
0.00872865505516529
0.008632518351078033
0.009110020473599434
0.010310826823115349
0.009520060382783413
0.010003441944718361
0.010359780862927437
0.009129736572504044
0.008723198436200619
0.008626697584986687
0.009208841249346733
0.008980956859886646
0.009795735590159893
