0.13265164196491241
0.1097351461648941
0.1050998792052269
0.09518733620643616
0.08663992583751678
0.08755289018154144
0.0805034339427948
0.0733116865158081
0.079546719789505
0.07432223856449127
0.0695645660161972
0.06788435578346252
0.07209370285272598
0.06676605343818665
0.06816594302654266
0.0609310045838356
0.06547001749277115
0.06394384801387787
0.06171765550971031
0.06310923397541046
0.05558386817574501
0.05990836024284363
0.05894266441464424
0.0576348602771759
0.053452059626579285
0.05387216806411743
0.05529610812664032
0.05558672547340393
0.05805989354848862
0.051151953637599945
0.05675766244530678
0.04985947534441948
0.04448743164539337
0.049677684903144836
0.04926317185163498
0.04813903570175171
0.04517250135540962
0.0433117151260376
0.058751579374074936
0.04124635457992554
0.044220197945833206
0.04382002353668213
0.04110252857208252
0.04266803711652756
0.041803039610385895
0.04410083219408989
0.039061207324266434
0.040126822888851166
0.042400211095809937
0.04065805301070213
0.04067809134721756
0.039964549243450165
0.03959839046001434
0.04257922247052193
0.04216604679822922
0.042242344468832016
0.04531102627515793
0.042495936155319214
0.036082588136196136
0.03591558337211609
0.040771134197711945
0.040992699563503265
0.037228479981422424
0.04519160836935043
0.046635691076517105
0.038477398455142975
0.040881551802158356
0.04190517216920853
0.04314207285642624
0.04309655725955963
0.04454714059829712
0.041353125125169754
0.04038397595286369
0.03948323801159859
0.04550027474761009
0.04026281088590622
0.03788243979215622
0.040172331035137177
0.03486892580986023
0.037648361176252365
0.039548635482788086
0.03373226895928383
0.0376674085855484
0.04159381985664368
0.03592057153582573
0.037711113691329956
0.03525625541806221
0.034505221992731094
0.03490690514445305
0.03522007167339325
0.029571067541837692
0.03707187995314598
0.03507300466299057
0.04089770466089249
0.034237004816532135
0.03551638871431351
0.03532062843441963
0.037997569888830185
0.03516741469502449
0.033333078026771545
0.03163871914148331
0.03225914016366005
0.03466415032744408
0.03914869576692581
0.03545133396983147
0.03398115932941437
0.03309914469718933
0.03395482897758484
0.0313660129904747
0.02924095280468464
0.03358323499560356
0.031144946813583374
0.03200744092464447
0.034902915358543396
0.03719296306371689
0.03561371564865112
0.03513243421912193
0.03336021304130554
0.034484945237636566
0.03386206924915314
0.03249620273709297
0.03413642197847366
0.034451503306627274
0.03429565578699112
0.03507521376013756
0.032769277691841125
0.03216467797756195
0.033137910068035126
0.03149619325995445
0.035807594656944275
0.03877680003643036
0.034971922636032104
0.03376471996307373
0.0338255874812603
0.0336231105029583
0.030830875039100647
0.032672446221113205
0.031401313841342926
0.031129753217101097
0.03531784191727638
0.030750460922718048
0.02885645255446434
0.03346876800060272
0.031080756336450577
0.031099293380975723
0.026728205382823944
0.03336498141288757
0.03253648802638054
0.03196839988231659
0.0325256884098053
0.0309918150305748
0.03320806100964546
0.029934873804450035
0.029467850923538208
0.03267693519592285
0.030537433922290802
0.029612947255373
0.03253507986664772
0.029659762978553772
0.03040764108300209
0.030733363702893257
0.027818242087960243
0.030568212270736694
0.027098650112748146
0.029029138386249542
0.028846750035881996
0.02648472785949707
0.03057381883263588
0.030122805386781693
0.028496772050857544
0.026523811742663383
0.030856739729642868
0.0309743694961071
0.02959660440683365
0.02778158336877823
0.02768038772046566
0.028403833508491516
0.024802006781101227
0.026376724243164062
0.02606654167175293
0.031583480536937714
0.028393099084496498
0.028804704546928406
0.026996871456503868
0.029702959582209587
0.02962454780936241
0.02904311940073967
0.027085434645414352
0.027391262352466583
0.03037887252867222
0.02779424749314785
0.034370750188827515
0.027402888983488083
0.0267101489007473
0.030837323516607285
0.028806671500205994
0.028561731800436974
0.02678641676902771
0.027056077495217323
0.03093438595533371
0.028954729437828064
0.02536451257765293
0.02963726781308651
0.0267263762652874
0.027273163199424744
0.02773904614150524
0.027460908517241478
0.026136694476008415
0.026550941169261932
0.029794927686452866
0.024985797703266144
0.027336979284882545
0.026588546112179756
0.02727089822292328
0.027037465944886208
0.0266520157456398
0.026345178484916687
0.027374843135476112
0.02612069621682167
0.026293570175766945
0.02904532290995121
0.02429267019033432
0.02394113689661026
0.026737967506051064
0.02523718774318695
0.03141000494360924
0.02551412768661976
0.026604609563946724
0.02626529522240162
0.027566585689783096
0.024992119520902634
0.02674783393740654
0.02758973278105259
0.02698446996510029
0.026899926364421844
0.028969906270503998
0.02585689350962639
0.02674204483628273
0.02709488570690155
0.02408338338136673
0.026991065591573715
0.027747713029384613
0.02714926190674305
0.025824282318353653
0.029870279133319855
0.02452373504638672
0.025117605924606323
0.027342885732650757
0.02401949092745781
0.02817213535308838
0.0275079607963562
0.025181502103805542
0.02682560496032238
0.02426392212510109
0.024949345737695694
0.0257174801081419
0.026924198493361473
0.024787792935967445
0.026023294776678085
0.025403963401913643
0.022839508950710297
0.024695495143532753
0.024721719324588776
0.023077916353940964
0.024914076551795006
0.025935044512152672
0.02515401691198349
0.025737900286912918
0.025456344708800316
0.028681473806500435
0.026910293847322464
0.023851558566093445
0.028049515560269356
0.024387624114751816
0.023465614765882492
0.03029925934970379
0.027578353881835938
0.025751464068889618
0.026688940823078156
0.02503911405801773
0.024159034714102745
0.024852322414517403
0.027616344392299652
0.02465188503265381
0.02614130638539791
0.02317572757601738
0.023892175406217575
0.02553967759013176
0.023862682282924652
0.02547515369951725
0.026199188083410263
0.026852108538150787
0.022594071924686432
0.02419857680797577
0.030016768723726273
0.022603023797273636
0.02718845196068287
0.02551901713013649
0.023794053122401237
0.02487816847860813
0.025927726179361343
0.026466477662324905
0.027354128658771515
0.024660464376211166
0.023932848125696182
0.02430632896721363
0.024525228887796402
0.021009502932429314
0.021073438227176666
0.02515183575451374
0.023739293217658997
0.023645704612135887
0.026210973039269447
0.025726398453116417
0.024567032232880592
0.027459127828478813
0.023628098890185356
0.0237894207239151
0.021885642781853676
0.023014843463897705
0.02697620913386345
0.024985667318105698
0.02448260970413685
0.023396143689751625
0.025851428508758545
0.02546081319451332
0.025142475962638855
0.025628026574850082
0.02358352020382881
0.02672501839697361
0.025460757315158844
0.024286139756441116
0.024202637374401093
0.02656354382634163
0.023768063634634018
0.025915570557117462
0.024851154536008835
0.024589907377958298
0.02487863413989544
0.021905599161982536
0.024819202721118927
0.028418876230716705
0.022943023592233658
0.023715388029813766
0.022478211671113968
0.02568897418677807
0.025562386959791183
0.024391166865825653
0.024854106828570366
0.026092877611517906
0.02512901835143566
0.024618109688162804
0.02354036457836628
0.023076266050338745
0.023113640025258064
0.02509581670165062
0.023402119055390358
0.023747002705931664
0.023570287972688675
0.023149413987994194
0.02437448501586914
0.024667467921972275
0.022551562637090683
0.02288581244647503
0.02487679198384285
0.0229635052382946
0.024678051471710205
0.026080580428242683
0.024930309504270554
0.02184542454779148
0.02437596023082733
0.022409852594137192
0.02079814299941063
0.02312757819890976
0.02546219900250435
0.02353786863386631
0.021863041445612907
0.02446790039539337
0.02126149646937847
0.023918014019727707
0.02396498993039131
0.023049738258123398
0.022833574563264847
0.021304592490196228
0.025019869208335876
0.025047816336154938
0.024764826521277428
0.024347618222236633
0.021732620894908905
0.024272006005048752
0.024772826582193375
0.025745432823896408
0.02555844374001026
0.024466678500175476
0.023935891687870026
0.022294064983725548
0.02371302992105484
0.024879101663827896
0.024194728583097458
0.021234363317489624
0.02144474722445011
0.02093421295285225
0.0212148055434227
0.02433081343770027
0.024851316586136818
0.02248545177280903
0.02284948341548443
0.02189602516591549
0.02241068333387375
0.025972465053200722
0.022066965699195862
0.023635510355234146
0.020941931754350662
0.02246667444705963
0.020467452704906464
0.024239590391516685
0.021075408905744553
0.02306324988603592
0.020737310871481895
0.022036204114556313
0.02282826043665409
0.022064201533794403
0.022880148142576218
0.023340504616498947
0.024610280990600586
0.02524511143565178
0.02346751280128956
0.022358335554599762
0.026095101609826088
0.023056305944919586
0.02249353751540184
0.02609701082110405
0.02240012213587761
0.025435559451580048
0.022096024826169014
0.023972729220986366
0.023577596992254257
0.02338196523487568
0.01923108473420143
0.02261441946029663
0.024248583242297173
0.022243645042181015
0.023192107677459717
0.025919081643223763
0.025328543037176132
0.022936657071113586
0.022173933684825897
0.024391893297433853
0.021968510001897812
0.022193752229213715
0.02148864045739174
0.022272668778896332
0.02067491225898266
0.023080531507730484
0.023155510425567627
0.023310979828238487
0.023645706474781036
0.021337391808629036
0.020512599498033524
0.022250184789299965
0.0217592790722847
0.023312272503972054
0.025066561996936798
0.02605529874563217
0.024415429681539536
0.02258741855621338
0.023111257702112198
0.02118690311908722
0.02085956744849682
0.023135624825954437
0.01932399906218052
0.023112166672945023
0.023394938558340073
0.02340378239750862
0.024154748767614365
0.024934379383921623
0.02053963392972946
0.019788924604654312
0.02426062896847725
0.018878605216741562
0.022074103355407715
0.021320005878806114
0.02268255315721035
0.023340512067079544
0.023262416943907738
0.020190592855215073
0.022254176437854767
0.024722907692193985
0.02320171892642975
0.02277580462396145
0.021859947592020035
0.023272458463907242
0.022060278803110123
0.023227684199810028
0.019715439528226852
0.02464456856250763
0.023096945136785507
0.023556046187877655
0.024623651057481766
0.021579790860414505
0.021402671933174133
0.02234460413455963
0.020157430320978165
0.021420737728476524
0.019603347405791283
0.021619286388158798
0.022513095289468765
0.02317916788160801
0.021625079214572906
0.02042548917233944
0.021486759185791016
0.023532211780548096
0.022915847599506378
0.02238555997610092
0.0208293367177248
0.026720646768808365
0.02450578846037388
0.020814046263694763
0.026464790105819702
0.021125078201293945
0.02066359668970108
0.022713132202625275
0.022938914597034454
0.02219533547759056
0.024938533082604408
0.022888755425810814
0.019937636330723763
0.01926816627383232
0.021080419421195984
0.020350873470306396
0.022502988576889038
0.021798158064484596
0.021626342087984085
0.02114538848400116
0.023595307022333145
0.021479099988937378
0.021556422114372253
0.022724593058228493
0.02078377455472946
0.022946029901504517
0.02353760227560997
0.01978779025375843
0.023430736735463142
0.01904982328414917
0.024327093735337257
0.02234167605638504
0.021126175299286842
0.022017696872353554
0.022906025871634483
0.022549230605363846
0.02314583584666252
0.02059347555041313
0.02254660055041313
0.020475072786211967
0.02192291058599949
0.02203178033232689
0.020514868199825287
0.020614493638277054
0.021161727607250214
0.021286312490701675
0.02217482402920723
0.023110169917345047
0.022303365170955658
0.020411621779203415
0.02431257627904415
0.022587787359952927
0.02113707922399044
0.020879004150629044
0.02410605177283287
0.020322410389780998
0.022558674216270447
0.02134876325726509
0.022925956174731255
0.021018415689468384
0.021611806005239487
0.02144719287753105
0.021133989095687866
0.022408459335565567
0.02445082738995552
0.022814759984612465
0.021482307463884354
0.01977561041712761
0.02217564359307289
0.02250724658370018
0.021168630570173264
0.02241218462586403
0.026257572695612907
0.021381698548793793
0.022372622042894363
0.018572334200143814
0.023471582680940628
0.021012861281633377
0.020573457702994347
0.019914798438549042
0.022860117256641388
0.02060834690928459
0.021802663803100586
0.022392556071281433
0.02422787994146347
0.021645795553922653
0.020131710916757584
0.02014531008899212
0.021998785436153412
0.02166898548603058
0.019507355988025665
0.019538909196853638
0.024222876876592636
0.02059926651418209
0.02123676985502243
0.019297461956739426
0.02023322694003582
0.025937406346201897
0.01980447955429554
0.021392473950982094
0.0218060240149498
0.023471200838685036
0.021775919944047928
0.02131335251033306
0.020979072898626328
0.024030622094869614
0.021109625697135925
0.02186688408255577
0.021959275007247925
0.019896991550922394
0.0213010236620903
0.022988462820649147
0.022666016593575478
0.02117614448070526
0.022297071292996407
0.019351601600646973
0.01984010636806488
0.021960273385047913
0.01993105746805668
0.022056329995393753
0.019904518499970436
0.02203962206840515
0.023961227387189865
0.02202567830681801
0.018658235669136047
0.022420886904001236
0.019413696601986885
0.021857034415006638
0.0212328489869833
0.020953601226210594
0.0224904902279377
0.025240689516067505
0.02209942229092121
0.023322921246290207
0.0201721154153347
0.02052851766347885
0.019781574606895447
0.018009614199399948
0.02143573760986328
0.019856397062540054
0.021014411002397537
0.02349834144115448
0.02131872996687889
0.02249550260603428
0.02300756424665451
0.019449423998594284
0.019552452489733696
0.023120183497667313
0.020044980570673943
0.02470282092690468
0.02092747390270233
0.020441442728042603
0.021475516259670258
0.020010408014059067
0.019173050299286842
0.019178427755832672
0.020110314711928368
0.02378121018409729
0.025164157152175903
0.0205130185931921
0.019005466252565384
0.02011704072356224
0.022639285773038864
0.01947244442999363
0.02110566571354866
0.02202267199754715
0.01889071986079216
0.02013782598078251
0.021874332800507545
0.01904378831386566
0.022427290678024292
0.02070387452840805
0.022496376186609268
0.019461175426840782
0.023054055869579315
0.02110050618648529
0.019895317032933235
0.02154313400387764
0.018424086272716522
0.01951448991894722
0.022794168442487717
0.019474219530820847
0.020584935322403908
0.02057003416121006
0.02029048651456833
0.02052699401974678
0.021198349073529243
0.02148519828915596
0.020610284060239792
0.020673610270023346
0.020403223112225533
0.020035725086927414
0.02089529298245907
0.018894489854574203
0.018968500196933746
0.02313561737537384
0.01989298313856125
0.019872669130563736
0.018444327637553215
0.02164110168814659
0.02115122228860855
0.020968474447727203
0.02083142101764679
0.01792694628238678
0.020231669768691063
0.02041461691260338
0.02177123911678791
0.01919444277882576
0.021388787776231766
0.01827327162027359
0.01985866390168667
0.018944434821605682
0.020111188292503357
0.021100187674164772
0.02125772088766098
0.022139137610793114
0.02034260891377926
0.01888103410601616
0.020991802215576172
0.022012019529938698
0.022199580445885658
0.024755332618951797
0.01678861677646637
0.019806811586022377
0.019976256415247917
0.02256770245730877
0.019833650439977646
0.01982901245355606
0.020475860685110092
0.021328769624233246
0.019401080906391144
0.019975876435637474
0.02095751278102398
0.019827410578727722
0.02178848907351494
0.018193097785115242
0.01931798830628395
0.019387412816286087
0.019495993852615356
0.022217145189642906
0.022432325407862663
0.01904064416885376
0.020175771787762642
0.020849332213401794
0.0189707949757576
0.016745366156101227
0.01899312064051628
0.02067635953426361
0.020038172602653503
0.019835924729704857
0.018461596220731735
0.022030316293239594
0.01787116751074791
0.020412005484104156
0.022172611206769943
0.021852903068065643
0.020194243639707565
0.01945483312010765
0.019757218658924103
0.018636593595147133
0.018740708008408546
0.021719276905059814
0.020849809050559998
0.02070949599146843
0.018277134746313095
0.020215744152665138
0.018467657268047333
0.020513422787189484
0.020147647708654404
0.018619397655129433
0.02106282487511635
0.020381223410367966
0.018198944628238678
0.02044609934091568
0.020036829635500908
0.0210385974496603
0.017938291653990746
0.020460054278373718
0.021552927792072296
0.021105211228132248
0.02060062065720558
0.02017199993133545
0.02063419483602047
0.01763205975294113
0.020164474844932556
0.019346827641129494
0.019990023225545883
0.019351039081811905
0.019379034638404846
0.020608671009540558
0.020727984607219696
0.018922530114650726
0.01852623000741005
0.019091449677944183
0.02145116962492466
0.022373966872692108
0.020766593515872955
0.01730262115597725
0.02102629467844963
0.02037457376718521
0.018667669966816902
0.019201235845685005
0.01854586973786354
0.018170557916164398
0.019427990540862083
0.018552832305431366
0.01945122703909874
0.021041279658675194
0.019609594717621803
0.022011270746588707
0.01846788078546524
0.02146824076771736
0.018581530079245567
0.02090432122349739
0.02040611207485199
0.020333770662546158
0.01971960999071598
0.01801113598048687
0.018864674493670464
0.018563728779554367
0.019192460924386978
0.01973782852292061
0.019993504509329796
0.0184953473508358
0.018524963408708572
0.019721288233995438
0.021412109956145287
0.021199911832809448
0.019493386149406433
0.017821554094552994
0.021053092554211617
0.019582033157348633
0.02290309965610504
0.017958153039216995
0.01793661341071129
0.018882103264331818
0.017951466143131256
0.018357470631599426
0.017153825610876083
0.018401598557829857
0.01963052898645401
0.017666667699813843
0.018222039565443993
0.017649373039603233
0.018777061253786087
0.018259944394230843
0.01693137362599373
0.020058706402778625
0.017828715965151787
0.020618971437215805
0.020459987223148346
0.018574373796582222
0.019645921885967255
0.018765607848763466
0.01928514800965786
0.019026119261980057
0.02008078247308731
0.01810280606150627
0.017005642876029015
0.0188429057598114
0.018845941871404648
0.018941478803753853
0.018081344664096832
0.017745524644851685
0.018958596512675285
0.018522795289754868
0.018910318613052368
0.01988210529088974
0.019660502672195435
0.02000061795115471
0.018817875534296036
0.01910698227584362
0.021238617599010468
0.02103656716644764
0.020727213472127914
0.019779931753873825
0.022724803537130356
0.0189350713044405
0.020851662382483482
0.017733680084347725
0.018341369926929474
0.021559935063123703
0.018722176551818848
0.018981076776981354
0.02115253359079361
0.020292039960622787
0.01713680475950241
0.017485566437244415
0.01645149663090706
0.017264680936932564
0.020837504416704178
0.0207851342856884
0.0168436449021101
0.018790390342473984
0.016514386981725693
0.016395695507526398
0.02034020610153675
0.02071642503142357
0.01850115694105625
0.019007034599781036
0.020930223166942596
0.0183402206748724
0.017582707107067108
0.018806718289852142
0.01859401911497116
0.01894613727927208
0.019546009600162506
0.01853105053305626
0.02239794097840786
0.019935201853513718
0.017480064183473587
0.017524611204862595
0.020198756828904152
0.020343206822872162
0.019198469817638397
0.018607113510370255
0.01783178560435772
0.01912328042089939
0.01961313933134079
0.018954643979668617
0.02042248472571373
0.020290173590183258
0.020626816898584366
0.01781483367085457
0.01910107396543026
0.019999146461486816
0.020874589681625366
0.020175751298666
0.017583873122930527
0.01974562555551529
0.020085087046027184
0.01895350217819214
0.01918371580541134
0.01919439807534218
0.020565476268529892
0.019177118316292763
0.017944755032658577
0.018700646236538887
0.016608111560344696
0.01962706819176674
0.018908493220806122
0.0193633995950222
0.018943078815937042
0.0191798135638237
0.018749916926026344
0.0180787593126297
0.0178321972489357
0.018386565148830414
0.018496964126825333
0.018127433955669403
0.0191346425563097
0.018521975725889206
0.020251315087080002
0.018215756863355637
0.017152713611721992
0.017901545390486717
0.01754428818821907
0.017963729798793793
0.01580081507563591
0.02027157135307789
0.018430737778544426
0.020332064479589462
0.01743127964437008
0.01874915137887001
0.017116304486989975
0.01764388382434845
0.019937779754400253
0.020326897501945496
0.02018548734486103
0.018463417887687683
0.016058294102549553
0.020967302843928337
0.016293015331029892
0.016166146844625473
0.019047096371650696
0.01817632094025612
0.019614551216363907
0.017177673056721687
0.01653098873794079
0.018182136118412018
0.018006019294261932
0.018797609955072403
0.01914442889392376
0.019587188959121704
0.019846096634864807
0.020300373435020447
0.019232597202062607
0.016837885603308678
0.018358170986175537
0.018746010959148407
0.019265420734882355
0.01790647581219673
0.0164093729108572
0.017195159569382668
0.01805604062974453
0.01835349015891552
0.022538822144269943
0.01828886941075325
0.016957545652985573
0.016168463975191116
0.01666032150387764
0.017636626958847046
0.017877452075481415
0.018073594197630882
0.01799941249191761
0.01852555386722088
0.019333796575665474
0.018774667754769325
0.018000531941652298
0.01708308234810829
0.01703953929245472
0.017581932246685028
0.018808012828230858
0.01770111545920372
0.01867367886006832
0.01843242160975933
0.019179483875632286
0.01675749197602272
0.018474293872714043
0.01978754624724388
0.017632942646741867
0.017222482711076736
0.01791255921125412
0.01871628686785698
0.018232177942991257
0.01770353876054287
0.017041940242052078
0.016554921865463257
0.01724313385784626
0.01991758681833744
0.01845107227563858
0.015450060367584229
0.01791752502322197
0.019296716898679733
0.01613830029964447
0.018972279503941536
0.0175019484013319
0.017053313553333282
0.017619291320443153
0.01541708130389452
0.016066573560237885
0.01763107255101204
0.018797362223267555
0.020578768104314804
0.01757986471056938
0.016246069222688675
0.015350766479969025
0.01844596303999424
0.017947057262063026
0.018349042162299156
0.018056415021419525
0.0171278715133667
0.018118904903531075
0.016573701053857803
0.01693560928106308
0.016498448327183723
0.021830150857567787
0.017614811658859253
0.017815452069044113
0.017669884487986565
0.01776094175875187
0.01778279058635235
0.0167049840092659
0.02119283750653267
0.016844311729073524
0.01768070086836815
0.017783846706151962
0.015847139060497284
0.017880119383335114
0.01850961148738861
0.018070578575134277
0.01642466150224209
0.016349371522665024
0.019399207085371017
0.017047736793756485
0.016808781772851944
0.020088136196136475
0.016879461705684662
0.018061568960547447
0.017984772101044655
0.017534498125314713
0.018109619617462158
0.01843547821044922
0.017576999962329865
0.02084703929722309
0.017498327419161797
0.01524876058101654
0.016082271933555603
0.016157640144228935
0.019706692546606064
0.019135132431983948
0.017366798594594002
0.018713492900133133
0.015798546373844147
0.016722284257411957
0.01771816983819008
0.01748991757631302
0.020340358838438988
0.016269218176603317
0.01753910630941391
0.01643364317715168
0.01757650636136532
0.01689913682639599
0.017574869096279144
0.019871698692440987
0.017211537808179855
0.017994413152337074
0.016479605808854103
0.016660921275615692
0.01405229140073061
0.01733345538377762
0.016655027866363525
0.01730477437376976
0.015810778364539146
0.01610369235277176
0.01662905141711235
0.01904962584376335
0.018958378583192825
0.01848486065864563
0.018877632915973663
0.0163365937769413
0.01696593314409256
0.017274916172027588
0.017051665112376213
0.017396844923496246
0.015910204499959946
0.018142729997634888
0.018002532422542572
0.016200238838791847
0.017130758613348007
0.017227526754140854
0.01915372721850872
0.018259502947330475
0.015823855996131897
0.0178926233202219
0.01517118513584137
0.015496281906962395
0.01607060246169567
0.017959166318178177
0.01574557088315487
0.017478089779615402
0.01632937788963318
0.0166788287460804
0.016978900879621506
0.017812207341194153
0.016914384439587593
0.016650071367621422
0.018569931387901306
0.01650073193013668
0.016064269468188286
0.014262329787015915
0.017753053456544876
0.019410084933042526
0.015738677233457565
0.01906232163310051
0.015624769032001495
0.01780620776116848
0.01777506247162819
0.01862451434135437
0.016626572236418724
0.018415629863739014
0.016480959951877594
0.016662824898958206
0.014009485952556133
0.020271381363272667
0.017443306744098663
0.01850910857319832
0.01701853796839714
0.01882811263203621
0.01559402048587799
0.017126459628343582
0.0164440106600523
0.01816290058195591
0.018766919150948524
0.01688668318092823
0.014711126685142517
0.016350161284208298
0.015083543956279755
0.017335698008537292
0.017280440777540207
0.016773220151662827
0.018011029809713364
0.0181407630443573
0.01721329614520073
0.016525745391845703
0.017239918932318687
0.017199259251356125
0.01677967794239521
0.017674153670668602
0.01581319235265255
0.015891630202531815
0.01680617406964302
0.01893661543726921
0.015705857425928116
0.015438627451658249
0.014659436419606209
0.01703200675547123
0.017400257289409637
0.016963446512818336
0.014891193248331547
0.019077908247709274
0.01603659801185131
0.01675150915980339
0.016294321045279503
0.016161561012268066
0.014598493464291096
0.01647186279296875
0.016851756721735
0.015478611923754215
0.016515115275979042
0.01625150814652443
0.01692914217710495
0.01846693456172943
0.017388824373483658
0.01865748129785061
0.017053741961717606
0.015908651053905487
0.016052767634391785
0.017075296491384506
0.016286510974168777
0.016527649015188217
0.017690904438495636
0.01608249917626381
0.01645202748477459
0.01648479327559471
0.01513868197798729
0.01602751761674881
0.015428159385919571
0.0179037693887949
0.01690499484539032
0.015514478087425232
0.01497422531247139
0.016764089465141296
0.015247703529894352
0.01650010049343109
0.015412982553243637
0.015544198453426361
0.01651706174015999
0.014696326106786728
0.016196884214878082
0.016255032271146774
0.015526484698057175
0.015568695962429047
0.01579190045595169
0.01817747950553894
0.015858184546232224
0.016380587592720985
0.014594356529414654
0.014768140390515327
0.01735113561153412
0.014492161571979523
0.01887868158519268
0.015498673543334007
0.017419788986444473
0.015013189986348152
0.01583467610180378
0.017377035692334175
0.01410268060863018
0.015512043610215187
0.016829324886202812
0.014996103942394257
0.016750089824199677
0.01601872779428959
0.014439929276704788
0.014728246256709099
0.015356721356511116
0.016916360706090927
0.017220715060830116
0.015240920707583427
0.017731571570038795
0.015988776460289955
0.014555515721440315
0.016269855201244354
0.01629474014043808
0.014767522923648357
0.013643380254507065
0.014983179047703743
0.016497895121574402
0.015217673033475876
0.014090880751609802
0.018526315689086914
0.01664028689265251
0.016316816210746765
0.013575855642557144
0.01761026680469513
0.016046207398176193
0.014084369875490665
0.01622827723622322
0.015050548128783703
0.014376950450241566
0.015022112056612968
0.015919703990221024
0.01706896722316742
0.014785201288759708
0.016611533239483833
0.01575920730829239
0.014183349907398224
0.016312509775161743
0.015472715720534325
0.01698438450694084
0.015251516364514828
0.01439274288713932
0.015442700125277042
0.014047925360500813
0.014329643920063972
0.016591833904385567
0.015134533867239952
0.018220851197838783
0.016114890575408936
0.015377983450889587
0.014784524217247963
0.016896743327379227
0.013808952644467354
0.014885399490594864
0.016697872430086136
0.014949646778404713
0.014339013025164604
0.015599050559103489
0.01432897336781025
0.013810219243168831
0.01572312042117119
0.014318584464490414
0.013948686420917511
0.016126900911331177
0.01595105603337288
0.015893831849098206
0.01700298860669136
0.015793753787875175
0.013904472813010216
0.015164540149271488
0.015770604833960533
0.013699794188141823
0.015890784561634064
0.015172679908573627
0.014395522885024548
0.016638658940792084
0.015323156490921974
0.01363359484821558
0.01440378837287426
0.013767044991254807
0.016918323934078217
0.016131944954395294
0.015116924419999123
0.01574557088315487
0.015050248242914677
0.013979349285364151
0.015806453302502632
0.014739636331796646
0.016949718818068504
0.01418786309659481
0.013654865324497223
0.014091972261667252
0.01326221413910389
0.014249480329453945
0.013166000135242939
0.017300210893154144
0.014647010713815689
0.014146635308861732
0.015419852919876575
0.01563018187880516
0.015253370627760887
0.015238972380757332
0.014349974691867828
0.015360095538198948
0.015078537166118622
0.014789883978664875
0.014181871898472309
0.013820085674524307
0.01580420695245266
0.015488908626139164
0.013730186969041824
0.01711246930062771
0.015601996332406998
0.014458635821938515
0.015687111765146255
0.014704352244734764
0.015512589365243912
0.015813086181879044
0.015108090825378895
0.01472294982522726
0.01610388420522213
0.014748631976544857
0.01445250678807497
0.014651184901595116
0.015381671488285065
0.01607108861207962
0.013432061299681664
0.01383565366268158
0.014392704702913761
0.013499807566404343
0.01308333408087492
0.01523561216890812
0.013078376650810242
0.01428784430027008
0.015492516569793224
0.014606480486690998
0.01590655744075775
0.013110436499118805
0.016344161704182625
0.012881886214017868
0.013134040869772434
0.013827834278345108
0.014629537239670753
0.013711012899875641
0.013992652297019958
0.014632122591137886
0.01351431105285883
0.016070693731307983
0.015437535010278225
0.014691258780658245
0.013590927235782146
0.01356341689825058
0.014054710976779461
0.015757247805595398
0.0139720868319273
0.015383743681013584
0.01451569888740778
0.013628816232085228
0.014952628873288631
0.015338742174208164
0.014520258642733097
0.014787092804908752
0.016478393226861954
0.014769727364182472
0.015229425393044949
0.014044778421521187
0.014145961962640285
0.016034279018640518
0.01495779026299715
0.015463458374142647
0.01455908827483654
0.014628931879997253
0.012974110431969166
0.014266612939536572
0.015002310276031494
0.014626100659370422
0.015628047287464142
0.013677158392965794
0.013012026436626911
0.013001352548599243
0.014212558045983315
0.014825196005403996
0.013974294066429138
0.015085829421877861
0.012757748365402222
0.01435778196901083
0.013696623966097832
0.013357920572161674
0.014955048449337482
0.012203458696603775
0.013181835412979126
0.01291893795132637
0.012522045522928238
0.013713588006794453
0.012459852732717991
0.014232459478080273
0.013605122454464436
0.015352500602602959
0.013289512135088444
0.014236841350793839
0.0148065946996212
0.014625796116888523
0.013377150520682335
0.014388998039066792
0.011346004903316498
0.01390829123556614
0.012953543104231358
0.013325722888112068
0.013345873914659023
0.015900347381830215
0.013034045696258545
0.01198457833379507
0.012818558141589165
0.014129657298326492
0.012747916392982006
0.013082567602396011
0.014716101810336113
0.014345038682222366
0.013509704731404781
0.014111114665865898
0.014156774617731571
0.012817054986953735
0.014626603573560715
0.016854500398039818
0.013712954707443714
0.014387650415301323
0.013997569680213928
0.012917989864945412
0.012657837942242622
0.013715364038944244
0.013636010698974133
0.013811882585287094
0.013648981228470802
0.012678990140557289
0.013172004371881485
0.014343930408358574
0.011069850996136665
0.012500042095780373
0.013817472383379936
0.014179647900164127
0.012379427440464497
0.01325292233377695
0.014965284615755081
0.014875167980790138
0.013440318405628204
0.01348144467920065
0.01394827850162983
0.014729190617799759
0.012943265959620476
0.014087455347180367
0.013070695102214813
0.01442237664014101
0.012473122216761112
0.013336455449461937
0.014330774545669556
0.013148389756679535
0.012553404085338116
0.013374012894928455
0.013738984242081642
0.013404744677245617
0.014213659800589085
0.013927096500992775
0.013136052526533604
0.013779469765722752
0.01583818718791008
0.014285009354352951
0.013529407791793346
0.014139434322714806
0.013628549873828888
0.012430710718035698
0.013495733961462975
0.013096972368657589
0.013494845479726791
0.011941513046622276
0.013173243030905724
0.011703096330165863
0.013090689666569233
0.012958434410393238
0.010781223885715008
0.014095488004386425
0.01299293152987957
0.012306283228099346
0.011968112550675869
0.012048928067088127
0.01278124749660492
0.01247667521238327
0.013849410228431225
0.014099596068263054
0.012523503974080086
0.014142807573080063
0.011742139235138893
0.012765759602189064
0.013301430270075798
0.011917732656002045
0.011342473328113556
0.010645918548107147
0.012364167720079422
0.015060505829751492
0.013416379690170288
0.013013338670134544
0.010767687112092972
0.01508899312466383
0.013726514764130116
0.014035476371645927
0.01525904145091772
0.012086048722267151
0.014035946689546108
0.012794987298548222
0.014614217914640903
0.014104146510362625
0.013822508975863457
0.015038025565445423
0.014682264998555183
0.013545219786465168
0.014529703184962273
0.012560962699353695
0.014596325345337391
0.011728951707482338
0.01204204186797142
0.012530684471130371
0.013754526153206825
0.013349294662475586
0.014959419146180153
0.014290696009993553
0.013979143463075161
0.013405394740402699
0.014024922624230385
0.012298015877604485
0.01224776916205883
0.013643071055412292
0.01302934717386961
0.011482017114758492
0.01264230441302061
0.01258116029202938
0.012824819423258305
0.01223086379468441
0.013884561136364937
0.012960925698280334
0.013838449493050575
0.012689515948295593
0.011991523206233978
0.014300492592155933
0.014027293771505356
0.013447890058159828
0.013535112142562866
0.011964055709540844
0.011901036836206913
0.01194233912974596
0.013810593634843826
0.013478778302669525
0.013279575854539871
0.011916098184883595
0.010507629252970219
0.012206518091261387
0.013510730117559433
0.012363329529762268
0.012102177366614342
0.011779062449932098
0.012103122659027576
0.011454831808805466
0.011781882494688034
0.01074067410081625
0.012247391045093536
0.01599957048892975
0.014711927622556686
0.013156961649656296
0.012515503913164139
0.01310783065855503
0.011937310919165611
0.012273618951439857
0.011497937142848969
0.013478295877575874
0.013893608003854752
0.012289416044950485
0.013715188950300217
0.01426989957690239
0.013225953094661236
0.013608783483505249
0.011712692677974701
0.011442173272371292
0.011594675481319427
0.012690464034676552
0.009738952852785587
0.010926208458840847
0.012729957699775696
0.011229352094233036
0.012320262379944324
0.01210335735231638
0.011581318452954292
0.011431229300796986
0.011660080403089523
0.012061812914907932
0.011809133924543858
0.01256512850522995
0.012423901818692684
0.012409807182848454
0.012438654899597168
0.016393329948186874
0.0123357642441988
0.014328718185424805
0.012940097600221634
0.013800688087940216
0.011866779997944832
0.014462360180914402
0.012549078091979027
0.012215500697493553
0.011687731370329857
0.011953163892030716
0.0127022136002779
0.011727556586265564
0.011515557765960693
0.011161001399159431
0.013102241791784763
0.013604305684566498
0.01263473741710186
0.013617637567222118
0.013966403901576996
0.01251511462032795
0.010982755571603775
0.012006513774394989
0.013512671925127506
0.012510190717875957
0.012872524559497833
0.012163418345153332
0.012450234033167362
0.012073053047060966
0.010995697230100632
0.010695207864046097
0.01193070225417614
0.012210821732878685
0.01078478991985321
0.010076213628053665
0.010820696130394936
0.011530634015798569
0.01049087755382061
0.010891051962971687
0.011059042066335678
0.012178247794508934
0.01142771728336811
0.010605134069919586
0.01168192271143198
0.013869824819266796
0.010998237878084183
0.010658920742571354
0.012689491733908653
0.009736557491123676
0.012329894118010998
0.011626879684627056
0.01042755413800478
0.011265791952610016
0.012927844189107418
0.010435603559017181
0.01133600901812315
0.010740961879491806
0.011618046090006828
0.014886729419231415
0.011836061254143715
0.011637607589364052
0.011611184105277061
0.011065485887229443
0.012123053893446922
0.012042384594678879
0.012898268178105354
0.00996445119380951
0.011639644391834736
0.009843108244240284
0.010674139484763145
0.010695871897041798
0.011244470253586769
0.01073802076280117
0.011867052875459194
0.012199938297271729
0.011896359734237194
0.012246545404195786
0.011972939595580101
0.014011649414896965
0.010501932352781296
0.012538470327854156
0.011474983766674995
0.009562728926539421
0.011435838416218758
0.009914005175232887
0.011180825531482697
0.011560482904314995
0.010264530777931213
0.009171693585813046
0.011506304144859314
0.010315888561308384
0.009789415635168552
0.010123088955879211
0.010532882064580917
0.00890496838837862
0.010344678536057472
0.010150449350476265
0.009081579744815826
0.012407764792442322
0.01100480929017067
0.011110625229775906
0.012000426650047302
0.010703052394092083
0.011945848353207111
0.011280439794063568
0.0100465789437294
0.010995646938681602
0.01093930285423994
0.012632749043405056
0.010303068906068802
0.010554980486631393
0.011095350608229637
0.010731429792940617
0.012299779802560806
0.012620801106095314
0.00976046733558178
0.011764236725866795
0.009549535810947418
0.009776645340025425
0.011341173201799393
0.010668379254639149
0.00980783998966217
0.011684905737638474
0.012057995423674583
0.010362237691879272
0.010648287832736969
0.011332530528306961
0.011351780965924263
0.010267882607877254
0.009087782353162766
0.010611087083816528
0.009921353310346603
0.011838804930448532
0.008948290720582008
0.010020232759416103
0.011539142578840256
0.011178279295563698
0.010486232116818428
0.011989104561507702
0.010452378541231155
0.009714859537780285
0.010719535872340202
0.010932928882539272
0.007873527705669403
0.010042199864983559
0.01158190332353115
0.011854691430926323
0.011205490678548813
0.010407700203359127
0.010713553987443447
0.009570181369781494
0.010393049567937851
0.00984963309019804
0.009482225403189659
0.010218296200037003
0.011187219060957432
0.011561949737370014
0.009927055798470974
0.009555033408105373
0.010036615654826164
0.010807548649609089
0.010453308932483196
0.010206619277596474
0.009402086958289146
0.010887356474995613
0.009688463062047958
0.01072428748011589
0.009572605602443218
0.009973177686333656
0.010567962191998959
0.011372027918696404
0.009858263656497002
0.009341883473098278
0.013310506008565426
0.00989238079637289
0.010861065238714218
0.012292755767703056
0.010963743552565575
0.011475942097604275
0.010208973661065102
0.009302975609898567
0.010604523122310638
0.01031225360929966
0.008348150178790092
0.008998851291835308
0.010732267051935196
0.009623439982533455
0.009608441032469273
0.010132655501365662
0.00932826567441225
0.009108852595090866
0.009742124006152153
0.009718864224851131
0.008897869847714901
0.010556710883975029
0.010407156310975552
0.008135825395584106
0.010185083374381065
0.009021804668009281
0.011386116966605186
0.009723282419145107
0.009325742721557617
0.00894881784915924
0.008693489246070385
0.012137365527451038
0.009618100710213184
0.009300258941948414
0.00981834065169096
0.011754384264349937
0.010337520390748978
0.00944931898266077
0.008649167604744434
0.010037209838628769
0.009927171282470226
0.010039112530648708
0.009762873873114586
0.011210087686777115
0.009630647487938404
0.009405996650457382
0.010688981041312218
0.010291850194334984
0.01016061007976532
0.010926539078354836
0.009422040544450283
0.009963508695363998
0.011850174516439438
0.012336036190390587
0.010499177500605583
0.009915219619870186
0.009443816728889942
0.009655246511101723
0.008836503140628338
0.009519098326563835
0.009092832915484905
0.010204632766544819
0.009287824854254723
0.009234662167727947
0.009760614484548569
0.010198704898357391
0.010698932223021984
0.009444311261177063
0.009605118073523045
0.009362655691802502
0.008893778547644615
0.010063223540782928
0.009542535990476608
0.009086016565561295
0.008910187520086765
0.00878030713647604
0.009434384293854237
0.00894366018474102
0.010242201387882233
0.009556224569678307
0.009832276031374931
0.010470172390341759
0.008585252799093723
0.009672150947153568
0.009024068713188171
0.008769871667027473
0.008765950798988342
0.011386744678020477
0.008912160992622375
0.00824170932173729
0.010410169139504433
0.008962057530879974
0.01023764256387949
0.009881028905510902
0.00881177932024002
0.008306659758090973
0.009531214833259583
0.011124545708298683
0.010334450751543045
0.010155467316508293
0.008831249549984932
0.009311938658356667
0.00909523107111454
0.00896491389721632
0.009510783478617668
0.009733052924275398
0.008076624944806099
0.009604563005268574
0.008471707813441753
0.009398536756634712
0.010033480823040009
0.00862120557576418
0.009280351921916008
0.01043359562754631
0.009032057598233223
0.008944912813603878
0.008646666072309017
0.010944481939077377
0.009576679207384586
0.008554665371775627
0.010365864261984825
0.00883887056261301
0.010153379291296005
0.008699391037225723
0.010345558635890484
0.010767750442028046
0.010042516514658928
0.008414387702941895
0.009214069694280624
0.008188129402697086
0.009397956542670727
0.00931231863796711
0.00995252002030611
0.009701780043542385
0.009125364944338799
0.009857147932052612
0.010047939606010914
0.008263589814305305
0.010380309075117111
0.007256810553371906
0.008046857081353664
0.009703115560114384
0.009403662756085396
0.008428175002336502
0.009533286094665527
0.008752265945076942
0.009371324442327023
0.009167743846774101
0.009288644418120384
0.008020463399589062
0.008346700109541416
0.009862920269370079
0.008401967585086823
0.010551536455750465
0.008235647343099117
0.008716193959116936
0.008929416537284851
0.008920319378376007
0.0074226995930075645
0.008391914889216423
0.007713042199611664
0.008358175866305828
0.00882719922810793
0.0074882954359054565
0.00896604172885418
0.00968172773718834
0.008336067199707031
0.009088261052966118
0.007788713090121746
0.007428489625453949
0.007957737892866135
0.010182972997426987
0.008074644021689892
0.009347176179289818
0.008940715342760086
0.00958796963095665
0.00965882372111082
0.009576773270964622
0.009329382330179214
0.007849869318306446
0.011875327676534653
0.009697682224214077
0.009280112572014332
0.009307356551289558
0.009108073078095913
0.008410178124904633
0.007702395785599947
0.008898385800421238
0.008518766611814499
0.009407518431544304
0.008721242658793926
0.011772574856877327
0.010220339521765709
0.00940935779362917
0.009382149204611778
0.009535797871649265
0.009843969717621803
0.008528761565685272
0.00879588257521391
0.008490309119224548
0.011959968134760857
0.009237293154001236
0.0075121112167835236
0.009322375059127808
0.010880794376134872
0.00890096090734005
0.008636875078082085
0.007006560917943716
0.008666306734085083
0.007784652058035135
0.008373556658625603
0.008140502497553825
0.008046732284128666
0.009094372391700745
0.007423979230225086
0.007889488711953163
0.008956370875239372
0.008914442732930183
0.008507033810019493
0.008004484698176384
0.007971523329615593
0.007955146953463554
0.009014693088829517
0.0076844035647809505
0.007848899811506271
0.007171516306698322
0.008696096017956734
0.009266402572393417
0.006863754708319902
0.008188895881175995
0.00940081849694252
0.009193044155836105
0.009673211723566055
0.008523326367139816
0.008459599688649178
0.00795835442841053
0.008425040170550346
0.008656354621052742
0.00860945601016283
0.007957502268254757
0.008431044407188892
0.00871175155043602
0.008199935778975487
0.007925279438495636
0.007126394659280777
0.010354463942348957
0.007389246020466089
0.009630013257265091
0.009014133363962173
0.008851137943565845
0.007322212681174278
0.00917966477572918
0.00927052367478609
0.008962394669651985
0.008732140064239502
0.008719268254935741
0.00721838278695941
0.00847657211124897
0.006970374844968319
0.009360184893012047
0.007473948411643505
0.008640697225928307
0.00847818236798048
0.007561397738754749
0.00786818377673626
0.007884256541728973
0.009032483212649822
0.007547389715909958
0.00839070975780487
0.007308212108910084
0.007847822271287441
0.006992926821112633
0.008071189746260643
0.006428353022783995
0.00885755755007267
0.009207706898450851
0.007890129461884499
0.008906619623303413
0.0073816124349832535
0.007323189172893763
0.009326715022325516
0.007871056906878948
0.006661800667643547
0.006667718291282654
0.008749268017709255
0.007797121535986662
0.007288494613021612
0.00816536508500576
0.007651305757462978
0.008439477533102036
0.008976117707788944
0.008705220185220242
0.008986102417111397
0.008479057811200619
0.0072992462664842606
0.007314214948564768
0.0077578481286764145
0.008347156457602978
0.007958927191793919
0.009056144393980503
0.007562183775007725
0.007057982496917248
0.007640198804438114
0.007491723634302616
0.007619291078299284
0.008021754212677479
0.0068694851361215115
0.007009862456470728
0.006282488349825144
0.00677172327414155
0.00688139209523797
0.009109018370509148
0.0075719766318798065
0.008572462014853954
0.007042241748422384
0.007453820668160915
0.008890442550182343
0.006850996986031532
0.007625077851116657
0.007155254483222961
0.007843807339668274
0.0065577682107687
0.007490401156246662
0.007647186983376741
0.00731357978656888
0.008614454418420792
0.007117906119674444
0.00635829521343112
0.007547767832875252
0.006661536172032356
0.0073013873770833015
0.007939111441373825
0.007719851098954678
0.006731012370437384
0.007089138031005859
0.0073433262296020985
0.006936115212738514
0.006469405256211758
0.006956231314688921
0.006846696604043245
0.007450904231518507
0.007751083467155695
0.005601090379059315
0.008063333109021187
0.00907033309340477
0.0077158487401902676
0.007510672323405743
0.007881997153162956
0.007518526166677475
0.006940924096852541
0.006516952067613602
0.007222700864076614
0.007526836358010769
0.0063725425861775875
0.008062112145125866
0.007231810130178928
0.006827033124864101
0.007497508078813553
0.006205713842064142
0.006280878558754921
0.0070013063959777355
0.007036929950118065
0.005732439458370209
0.005841197445988655
0.007207260932773352
0.007031962275505066
0.00690887775272131
0.008773146197199821
0.0072936927899718285
0.0068071880377829075
0.00604584813117981
0.007441966328769922
0.0076191239058971405
0.005954246502369642
0.007627611979842186
0.007567800581455231
0.00698491744697094
0.0068889036774635315
0.008283345960080624
0.00608268054202199
0.008151654154062271
0.006368351634591818
0.008036686107516289
0.008414588868618011
0.005996630527079105
0.0064355069771409035
0.008265775628387928
0.007683972828090191
0.009062557481229305
0.0067150406539440155
0.008969922550022602
0.006267980672419071
0.00732004176825285
0.007235628552734852
0.008233221247792244
0.006226020865142345
0.0068301246501505375
0.007810252718627453
0.0064864372834563255
0.007647742982953787
0.006487265229225159
0.006837100721895695
0.007617145776748657
0.007868207059800625
0.006309933960437775
0.006694978103041649
0.006216078065335751
0.0061279721558094025
0.006274453364312649
0.00579613633453846
0.006926836911588907
0.007225638721138239
0.005760243162512779
0.00556595902889967
0.006444951985031366
0.006077709142118692
0.006507104728370905
0.006073895376175642
0.0067293038591742516
0.0059205032885074615
0.006271244026720524
0.00540069118142128
0.005914011970162392
0.007076115347445011
0.0074438969604671
0.006989435292780399
0.006948060821741819
0.006745991297066212
0.006470652762800455
0.006446482613682747
0.006312317214906216
0.008576968684792519
0.006378876976668835
0.0068183219991624355
0.008716298267245293
0.008508855476975441
0.007096062880009413
0.006085193250328302
0.006651760544627905
0.006089908070862293
0.006970485672354698
0.0069790491834282875
0.006794442422688007
0.006684652529656887
0.006251124665141106
0.007481453940272331
0.008041219785809517
0.007927309721708298
0.007050619460642338
0.006907037924975157
0.007359812501817942
0.006890708580613136
0.007667883299291134
0.006871347315609455
0.0071410019882023335
0.007303926628082991
0.005912493914365768
0.006303068250417709
0.006726386025547981
0.005324100609868765
0.006226161494851112
0.005718442611396313
0.005206214264035225
0.00606547761708498
0.005601940676569939
0.005781484767794609
0.00608072429895401
0.006364550441503525
0.005836609285324812
0.005852703005075455
0.00636910367757082
0.006569243501871824
0.0054168496280908585
0.006085383240133524
0.007543373852968216
0.005645507946610451
0.0052911872044205666
0.006440786644816399
0.007195868529379368
0.006320439279079437
0.005766726098954678
0.00626028748229146
0.00626023393124342
0.005758685991168022
0.006472375243902206
0.007136127445846796
0.007392198778688908
0.007072160020470619
0.00621753977611661
0.006371601950377226
0.006811781320720911
0.006549750454723835
0.006845301017165184
0.006607002578675747
0.006612149067223072
0.006680591497570276
0.005799873732030392
0.0066055478528141975
0.006027800031006336
0.007313436362892389
0.00802360288798809
0.006047418341040611
0.006530931685119867
0.005836141295731068
0.00688797514885664
0.006744197104126215
0.0058728670701384544
0.008222106844186783
0.0056238193064928055
0.006335232872515917
0.005710729397833347
0.006152593530714512
0.0061842151917517185
0.007720518857240677
0.0062834033742547035
0.006018989719450474
0.0044134617783129215
0.005382057279348373
0.0060895271599292755
0.006840885151177645
0.006581058260053396
0.006094437092542648
0.006685510277748108
0.0054029300808906555
0.005894585512578487
0.005105672404170036
0.005658771842718124
0.0053686355240643024
0.007660705596208572
0.006897753104567528
0.00573373306542635
0.006360090337693691
0.007737745996564627
0.005681687965989113
0.006497654598206282
0.007191270589828491
0.007182125002145767
0.007446554023772478
0.006121955346316099
0.006356449332088232
0.005762910470366478
0.007174663245677948
0.006435982882976532
0.006602528505027294
0.0057994648814201355
0.00581739516928792
0.005638653412461281
0.005661525763571262
0.007121024653315544
0.007447284646332264
0.005318950861692429
0.00905549619346857
0.0061937859281897545
0.0072934310883283615
0.006225667428225279
0.007151232101023197
0.007030622102320194
0.004977479577064514
0.005300022661685944
0.00642412668094039
0.005922296084463596
0.00757405161857605
0.006118685007095337
0.00677885627374053
0.0063542574644088745
0.006822467781603336
0.00631407555192709
0.006675140932202339
0.00609023030847311
0.006671852432191372
0.006587348412722349
0.00652084918692708
0.006520169787108898
0.006668522953987122
0.006448055617511272
0.005519847385585308
0.004962712526321411
0.007763058878481388
0.00583029817789793
0.005830632522702217
0.006211206316947937
0.005642581265419722
0.005690843798220158
0.005192905198782682
0.007257632911205292
0.006036628969013691
0.005440178327262402
0.0052076783031225204
0.005262892693281174
0.005453173071146011
0.005949845537543297
0.007032246794551611
0.0065879374742507935
0.005382767412811518
0.0072591290809214115
0.005794974975287914
0.005892654415220022
0.006242908537387848
0.0065050190314650536
0.005509387236088514
0.007004032377153635
0.006432495079934597
0.0068027856759727
0.007161205634474754
0.0051591359078884125
0.007120028603821993
0.006342410575598478
0.0051672752015292645
0.006113896612077951
0.005313457455486059
0.0074535636231303215
0.0047383783385157585
0.005337698385119438
0.006888840347528458
0.005573869217187166
0.005352540872991085
0.005025848746299744
0.007505824789404869
0.004676273092627525
0.006366783287376165
0.005624668672680855
0.005317138507962227
0.005089554004371166
0.005396268796175718
0.007094847038388252
0.006083995569497347
0.006262253038585186
0.005752062425017357
0.005543943494558334
0.004923461936414242
0.0062134116888046265
0.0058330753818154335
0.005933328066021204
0.006030432879924774
0.0051047829911112785
0.006109751760959625
0.00478478753939271
0.005721076857298613
0.006198353134095669
0.007808285765349865
0.005322649143636227
0.006260172463953495
0.006505998782813549
0.005283193662762642
0.005122757516801357
0.0061494652181863785
0.008469931781291962
0.005389805883169174
0.004819593392312527
0.006508427206426859
0.0057679107412695885
0.0056303017772734165
0.006765726022422314
0.005410491488873959
0.006607470102608204
0.0062998756766319275
0.005164284259080887
0.00602561142295599
0.0050597721710801125
0.005489148199558258
0.0057017868384718895
0.006542894057929516
0.005914621986448765
0.0044021159410476685
0.005434306338429451
0.005666576791554689
0.005098733119666576
0.0055244797840714455
0.004749985411763191
0.004618792328983545
0.004640107974410057
0.005980752408504486
0.004249533172696829
0.005166409537196159
0.0056160008534789085
0.006299247033894062
0.006573712453246117
0.005227029323577881
0.005954701453447342
0.008387712761759758
0.007025802042335272
0.005260211415588856
0.004532177001237869
0.006527027580887079
0.005759253166615963
0.006090493872761726
0.005662762094289064
0.005704998970031738
0.005751794204115868
0.006264290306717157
0.004871288314461708
0.004139876924455166
0.0048356628976762295
0.005503089167177677
0.00493247713893652
0.004889070056378841
0.005270378198474646
0.004735251888632774
0.006048484239727259
0.005465184338390827
0.00628217589110136
0.005689379759132862
0.006319725885987282
0.005197622813284397
0.004656633362174034
0.005127548240125179
0.0050886645913124084
0.0053274743258953094
0.006160457618534565
0.005201519466936588
0.004823143593966961
0.005637547932565212
0.005339339841157198
0.004574289079755545
0.004860222339630127
0.005600062198936939
0.004660017788410187
0.0060270680114626884
0.004673785995692015
0.006920062471181154
0.00578671507537365
0.006423077546060085
0.005287232343107462
0.005486875306814909
0.005958879832178354
0.005727814044803381
0.00536265317350626
0.004560853820294142
0.005111373029649258
0.004620233550667763
0.004404046572744846
0.005334366578608751
0.005060898140072823
0.005700655281543732
0.004720939323306084
0.005074912216514349
0.0054713948629796505
0.004568046890199184
0.004721743520349264
0.004823207855224609
0.005073626525700092
0.005050135776400566
0.005545643158257008
0.004539212211966515
0.00483153760433197
0.005058722570538521
0.00471648620441556
0.004860276356339455
0.004434185102581978
0.005097124259918928
0.0057257795706391335
0.005180551670491695
0.005766274407505989
0.0063151707872748375
0.005941171199083328
0.006020086817443371
0.0045888712629675865
0.004967689514160156
0.0045462376438081264
0.004941803403198719
0.004633604548871517
0.004303219728171825
0.005198696628212929
0.005346071906387806
0.0037758410908281803
0.005077928304672241
0.005598544143140316
0.004895200487226248
0.0055675324983894825
0.00571038294583559
0.005259817466139793
0.004762484226375818
0.004402387887239456
0.004931389354169369
0.004953596740961075
0.004645122215151787
0.0055519938468933105
0.005410235375165939
0.005942995660007
0.005492267198860645
0.004854089114814997
0.0045498209074139595
0.004718443378806114
0.0042558712884783745
0.006290731020271778
0.004675888456404209
0.0049580177292227745
0.004666049964725971
0.005104074254631996
0.004585191607475281
0.004853299353271723
0.00462509598582983
0.004853265825659037
0.005178108811378479
0.004700270481407642
0.006264457479119301
0.005900201387703419
0.005018115509301424
0.004929737187922001
0.004990669898688793
0.0053605856373906136
0.005203553941100836
0.004811962600797415
0.004535447806119919
0.004355901852250099
0.004560377914458513
0.004398403689265251
0.004979841411113739
0.004308084025979042
0.004288005642592907
0.004456554539501667
0.005201681051403284
0.004111956339329481
0.00410351762548089
0.0039034783840179443
0.0064098467119038105
0.006220893934369087
0.004564458504319191
0.004489889368414879
0.005676490254700184
0.005470213480293751
0.004773483145982027
0.005704717710614204
0.005204120650887489
0.004771050065755844
0.004642311483621597
0.004611043259501457
0.0049627781845629215
0.005300722550600767
0.005913621746003628
0.005408128723502159
0.00556854996830225
0.005559675395488739
0.005480760708451271
0.005733286030590534
0.005506322719156742
0.005019485019147396
0.005258998833596706
0.00444288644939661
0.006790339481085539
0.004514785949140787
0.005488497670739889
0.005058642942458391
0.005888498853892088
0.005559097975492477
0.006010071374475956
0.004550938028842211
0.006010314449667931
0.0054047927260398865
0.005310423672199249
0.006250771228224039
0.006072721444070339
0.004652909003198147
0.006351184099912643
0.004900195170193911
0.005982883740216494
0.004033894743770361
0.004683115053921938
0.0045818365179002285
0.0046575251035392284
0.004786574747413397
0.005150360055267811
0.00495227612555027
0.004427425563335419
0.004873921163380146
0.005629974417388439
0.004157466813921928
0.005174621008336544
0.00488294055685401
0.004123855382204056
0.005034520756453276
0.005387500859797001
0.004820755682885647
0.0045745461247861385
0.004793373867869377
0.004404822364449501
0.004255767446011305
0.00442403694614768
0.004803194664418697
0.004152284935116768
0.005076588597148657
0.00430154986679554
0.004304250702261925
0.004896942060440779
0.005152413621544838
0.005182700231671333
0.004816746339201927
0.005577034316956997
0.004587847739458084
0.00472815427929163
0.004137929528951645
0.00552382692694664
0.004616175778210163
0.005016649607568979
0.005233030300587416
0.004374660551548004
0.005092073231935501
0.0049169063568115234
0.005509937182068825
0.005296875722706318
0.005671526305377483
0.005884268786758184
0.005925828590989113
0.004498505033552647
0.005133908707648516
0.004348104353994131
0.0039220829494297504
0.00393211655318737
0.003725481452420354
0.003930644132196903
0.004607821349054575
0.003726374125108123
0.0044311340898275375
0.004087963607162237
0.005138047970831394
0.004888835828751326
0.004385476000607014
0.0040082428604364395
0.005116070155054331
0.004064847715198994
0.003876485163345933
0.0050035580061376095
0.006062990054488182
0.00462797936052084
0.004542034585028887
0.004419224336743355
0.004783939570188522
0.00445764884352684
0.0041109719313681126
0.005778552498668432
0.004967439919710159
0.004300342872738838
0.003928010817617178
0.005266622640192509
0.0044581955298781395
0.0045044878497719765
0.004454800859093666
0.0048917364329099655
0.004978293552994728
0.004670905880630016
0.004769499413669109
0.0045998357236385345
0.004866786301136017
0.004805807024240494
0.005230898968875408
0.004335486330091953
0.004372699186205864
0.004477158188819885
0.004145568702369928
0.005728103686124086
0.00434041116386652
0.00468926876783371
0.005351042374968529
0.004908634349703789
0.004395210184156895
0.00508485222235322
0.004393378272652626
0.00556341465562582
0.004840688314288855
0.004623825196176767
0.004685956984758377
0.0035765108186751604
0.004195662681013346
0.004531824495643377
0.004500837065279484
0.004013564437627792
0.0039840335957705975
0.0038410231936722994
0.004298434592783451
0.004702631384134293
0.003761249128729105
0.004704940132796764
0.0043687717989087105
0.003899224568158388
0.0039706965908408165
0.005523190833628178
0.004007326439023018
0.0043775420635938644
0.003975238651037216
0.004545245319604874
0.003943959251046181
0.004509784746915102
0.005318829789757729
0.00402241013944149
0.0046677496284246445
0.008087476715445518
0.005622515920549631
0.004935243632644415
0.004944137297570705
0.005278340540826321
0.005233149044215679
0.004626694601029158
0.0059578148648142815
0.006046085152775049
0.006327124312520027
0.005869327113032341
0.00624407734721899
0.005147353280335665
0.005452025681734085
0.005322636105120182
0.004929898306727409
0.004606490023434162
0.004952053539454937
0.005269043147563934
0.005450138822197914
0.004666045308113098
0.00518052326515317
0.0047693210653960705
0.004977944772690535
0.004832057747989893
0.006127462722361088
0.0047884597443044186
0.0039206454530358315
0.005085658747702837
0.005362228956073523
0.0038612601347267628
0.004679328761994839
0.004410543944686651
0.0038626582827419043
0.005184640176594257
0.006069283001124859
0.005671760067343712
0.004350913688540459
0.0060060652904212475
0.005655036307871342
0.005198101978749037
0.004555300809442997
0.004592978861182928
0.005403236486017704
0.0053731296211481094
0.005298037081956863
0.0059654610231518745
0.004988142754882574
0.004768603481352329
0.005103680305182934
0.004273193422704935
0.005256281234323978
0.0046722604893147945
0.00505524268373847
0.0050086285918951035
0.004439228679984808
0.004834997467696667
0.005087868310511112
0.005839608609676361
0.004338798578828573
0.005114920437335968
0.005304147023707628
0.0049531711265444756
0.004021788947284222
0.004147068597376347
0.0056865946389734745
0.005332798231393099
0.004558114800602198
0.004465799778699875
0.00570153072476387
0.004992074333131313
0.005499502643942833
0.004810204263776541
0.005973274819552898
0.00433321762830019
0.004396549426019192
0.005114844534546137
0.004465487785637379
0.003958866931498051
0.004082609433680773
0.004435536451637745
0.004302184097468853
0.004003864713013172
0.004122489597648382
0.00392371928319335
0.003760779742151499
0.0036271261051297188
0.00472653191536665
0.004020283464342356
0.004433324560523033
0.003730901051312685
0.005175478756427765
0.004550171084702015
0.003876867238432169
0.004156844224780798
0.004159018397331238
0.0038256808184087276
0.005218882113695145
0.003986918367445469
0.00428968109190464
0.004286542069166899
0.00449084909632802
0.004077587276697159
0.005358504597097635
0.004044769331812859
0.004478382878005505
0.004513412714004517
0.00542082404717803
0.004975249990820885
0.005355250556021929
0.003963962197303772
0.004445637110620737
0.004427840001881123
0.0046670627780258656
0.004167099483311176
0.004065379034727812
0.0052479589357972145
0.004149429965764284
0.0049150846898555756
0.0055534373968839645
0.004854656755924225
0.004372906405478716
0.004038182552903891
0.004529178142547607
0.004968211054801941
0.004051167517900467
0.00453097652643919
0.004014375153928995
0.003646938595920801
0.004085756838321686
0.005307198502123356
0.003924183547496796
0.003936911933124065
0.004997624550014734
0.005409230478107929
0.0037908165249973536
0.004723111633211374
0.004811679478734732
0.004266980104148388
0.0050435252487659454
0.004623287357389927
0.0044486029073596
0.005508878268301487
0.004838095046579838
0.004461087752133608
0.004023765213787556
0.004794751759618521
0.004264275077730417
0.004431526642292738
0.004430543631315231
0.004199658520519733
0.004239695146679878
0.004208168014883995
0.004422642290592194
0.0047976355999708176
0.00483819842338562
0.004544210620224476
0.0045774709433317184
0.004115089308470488
0.0047117783688008785
0.004381722770631313
0.005257344339042902
0.006019424181431532
0.004412014968693256
0.0043868147768080235
0.004878332372754812
0.004178119823336601
0.003545603947713971
0.003532175440341234
0.003735578851774335
0.003619021037593484
0.003322282340377569
0.004180855117738247
0.004403674975037575
0.00358817121013999
0.004047144204378128
0.004524423740804195
0.003722506808117032
0.004981195088475943
0.004030458629131317
0.004179294221103191
0.0039047342725098133
0.003599854651838541
0.003714208258315921
0.003345993347465992
0.0035453196614980698
0.004197893664240837
0.005760132800787687
0.004723266698420048
0.003985345829278231
0.004311737138777971
0.0040016816928982735
0.004305656533688307
0.0042466651648283005
0.005139661952853203
0.00453947251662612
0.003918957896530628
0.004097201395779848
0.00432670209556818
0.003451467724516988
0.004566454328596592
0.004566357005387545
0.004589713178575039
0.004529090598225594
0.004618924111127853
0.0048638004809618
0.0037361185532063246
0.00416197907179594
0.004329102113842964
0.004346542991697788
0.004544201772660017
0.0042918771505355835
0.0036449776962399483
0.0045568328350782394
0.0047520799562335014
0.004714751150459051
0.00484850537031889
0.004643743857741356
0.004455701448023319
0.004890426527708769
0.0048532020300626755
0.004339735023677349
0.0036929016932845116
0.004332266747951508
0.004191002808511257
0.00410794373601675
0.004668799228966236
0.004665356129407883
0.003956320229917765
0.00436245184391737
0.00449380511417985
0.00505536375567317
0.0051042381674051285
0.00456332229077816
0.0046482509933412075
0.004212894476950169
0.0038841739296913147
0.004110056906938553
0.004349329508841038
0.0050652530044317245
0.0036320644430816174
0.0043242136016488075
0.006039464846253395
0.0038331032264977694
0.004492524079978466
0.004002259112894535
0.004113807808607817
0.004593366291373968
0.003699445864185691
0.0039846403524279594
0.005464100278913975
0.004475633148103952
0.004857913125306368
0.004901055712252855
0.005188749171793461
0.0031416756100952625
0.003492226591333747
0.0038904810789972544
0.0035253744572401047
0.003927475307136774
0.004236805252730846
0.003465658752247691
0.0033906621392816305
0.0043946378864347935
0.004063551779836416
0.0035925384145230055
0.0039581856690347195
0.0037728073075413704
0.004759842064231634
0.0035570175386965275
0.0037949641700834036
0.003303323406726122
0.002713628578931093
0.0030470965430140495
0.0040027485229074955
0.004284177906811237
0.004091570619493723
0.003691763384267688
0.0033954258542507887
0.0035057789646089077
0.0030597453005611897
0.003923910669982433
0.00431484542787075
0.0033806562423706055
0.0033718780614435673
0.003912145271897316
0.0036093448288738728
0.0032239353749901056
0.003559243632480502
0.003380054607987404
0.0032554392237216234
0.0035034618340432644
0.004279992543160915
0.0036307107657194138
0.004704680759459734
0.003398991422727704
0.004278416745364666
0.003984869923442602
0.004022837616503239
0.0035950413439422846
0.004207288846373558
0.003785465843975544
0.003670248668640852
0.004120350815355778
0.003907014150172472
0.0034088604152202606
0.0034281499683856964
0.004239173606038094
0.003978126682341099
0.0037641790695488453
0.0033338568173348904
0.005881133489310741
0.0036252602003514767
0.004373615607619286
0.00471101701259613
0.004019741900265217
0.003235301934182644
0.003374123014509678
0.004418374039232731
0.003441660897806287
0.0031509953550994396
0.003480483777821064
0.0028886464424431324
0.0026456040795892477
0.004011699464172125
0.0032736710272729397
0.0035292967222630978
0.003642000025138259
0.003879279363900423
0.0033487346954643726
0.003596492577344179
0.0032530531752854586
0.003428270108997822
0.0035948948934674263
0.004242191091179848
0.0033546879421919584
0.0036806941498070955
0.003211132250726223
0.003179312450811267
0.0033797859214246273
0.0036679175682365894
0.0031728409230709076
0.003665877040475607
0.002886268775910139
0.003095032647252083
0.0030057020485401154
0.0036889570765197277
0.0032432391308248043
0.003040921175852418
0.0032144677825272083
0.003088178113102913
0.0035657656844705343
0.003147583920508623
0.002850464079529047
0.003784333122894168
0.00364136160351336
0.0036963033489882946
0.00316967093385756
0.003466726280748844
0.003528587520122528
0.0038142469711601734
0.003560802200809121
0.0037584020756185055
0.0034577965270727873
0.004613066557794809
0.0033577762078493834
0.003336459631100297
0.0031288634054362774
0.003990441560745239
0.003013545647263527
0.003540973411872983
0.003063836134970188
0.003468719543889165
0.002766652964055538
0.0029100249521434307
0.004247414879500866
0.0027144751511514187
0.0030055628158152103
0.00410958006978035
0.0032171467319130898
0.00302752573043108
0.0032369757536798716
0.0024774440098553896
0.0029652006924152374
0.0029841416981071234
0.0031403792090713978
0.0034414958208799362
0.003059526439756155
0.0033231298439204693
0.003969238605350256
0.0031457452569156885
0.0030743018724024296
0.003427329007536173
0.0036223065108060837
0.002897071186453104
0.004049492999911308
0.003380746580660343
0.0034898719750344753
0.003351836930960417
0.0035746837966144085
0.0031593365129083395
0.0027113533578813076
0.0029553724452853203
0.0032618455588817596
0.0029857312329113483
0.002977547701448202
0.0030584456399083138
0.002867991104722023
0.0035122092813253403
0.003443895373493433
0.0029347208328545094
0.002983180806040764
0.003353619482368231
0.002970304572954774
0.003555833827704191
0.0036491735372692347
0.002882314147427678
0.003856141585856676
0.004281725734472275
0.0031952152494341135
0.003065847558900714
0.003284310922026634
0.0029340218752622604
0.0025392058305442333
0.003185146488249302
0.002846952760592103
0.0029868746642023325
0.0025853493716567755
0.002778089139610529
0.00297929416410625
0.003273783717304468
0.00353985745459795
0.0030408664606511593
0.002645327476784587
0.002935897558927536
0.0031426420900970697
0.004553183913230896
0.004104220308363438
0.0029310237150639296
0.004114634357392788
0.0042027137242257595
0.002539963461458683
0.0032894981559365988
0.0035386751405894756
0.0029826064128428698
0.002762104384601116
0.0046512107364833355
0.0032036886550486088
0.0029894837643951178
0.0031646299175918102
0.003837211988866329
0.003211101982742548
0.0034453836269676685
0.00353455962613225
0.0034573329612612724
0.0027552838437259197
0.002899092622101307
0.0031876913271844387
0.0030455610249191523
0.002983297687023878
0.0027322275564074516
0.003414505161345005
0.0028700735419988632
0.00305735832080245
0.0032698307186365128
0.0031181415542960167
0.0029026437550783157
0.002951427362859249
0.0029653660021722317
0.003310470376163721
0.0033510071225464344
0.0032751772087067366
0.003516710363328457
0.003114794148132205
0.0027107750065624714
0.0027300140354782343
0.002663332037627697
0.0024393266066908836
0.0027729831635951996
0.002289938973262906
0.0029896842315793037
0.0026496509090065956
0.0022539724595844746
0.0029122368432581425
0.002682323334738612
0.0024966001510620117
0.002856530249118805
0.002800071146339178
0.0024040816351771355
0.0024659717455506325
0.002403905615210533
0.0022986228577792645
0.003242137376219034
0.002907754620537162
0.002408459084108472
0.0033007743768393993
0.003147675422951579
0.0024523434694856405
0.002904461696743965
0.0025786207988858223
0.00344155915081501
0.003577187657356262
0.0026912600733339787
0.0030690403655171394
0.0033008225727826357
0.0034299162216484547
0.003085656091570854
0.00307829980738461
0.002905176253989339
0.0033802594989538193
0.0037096808664500713
0.0029131262563169003
0.0025318367406725883
0.0031221583485603333
0.003002170007675886
0.0027485289610922337
0.0027178339660167694
0.003333227476105094
0.00276309996843338
0.0027303751558065414
0.0033214755821973085
0.002391371876001358
0.0023518456146121025
0.0028082432691007853
0.002348335226997733
0.00252568069845438
0.00274504441767931
0.0023946897126734257
0.0026290740352123976
0.0027992427349090576
0.003037096932530403
0.0025932518765330315
0.0023827883414924145
0.0027592501137405634
0.003657304449006915
0.0026941869873553514
0.003576763207092881
0.002746833488345146
0.0025163216050714254
0.003089101752266288
0.0030901930294930935
0.0026593441143631935
0.0023548637982457876
0.003039269708096981
0.002819028217345476
0.0027517620474100113
0.002606263617053628
0.002565008122473955
0.0026598398108035326
0.0027293895836919546
0.003406818024814129
0.0028549395501613617
0.00223291153088212
0.0026740257162600756
0.0025942411739379168
0.0032058588694781065
0.002730901585891843
0.0028952923603355885
0.003057469381019473
0.0028424172196537256
0.003186659887433052
0.002381166908890009
0.002615567296743393
0.002538234693929553
0.0029489730950444937
0.0026409137062728405
0.0030498323030769825
0.002852457109838724
0.0034418790601193905
0.002749876119196415
0.0024055149406194687
0.0022106117103248835
0.0024947014171630144
0.0023300382308661938
0.0022270125336945057
0.0024977736175060272
0.0023007721174508333
0.00301756733097136
0.002209556056186557
0.002692146459594369
0.002784491516649723
0.0023668971844017506
0.0025587950367480516
0.002178626600652933
0.0030168192461133003
0.002230619080364704
0.00289475591853261
0.0032076695933938026
0.002321223495528102
0.0023927674628794193
0.002563705900683999
0.002274838974699378
0.0021007834002375603
0.003041010582819581
0.0024871937930583954
0.002287254435941577
0.0026696445420384407
0.0021939242724329233
0.0025250043254345655
0.002784126438200474
0.00291958125308156
0.003057323396205902
0.0031980634666979313
0.0028252778574824333
0.0022608530707657337
0.0021434412337839603
0.002526027150452137
0.0027832500636577606
0.002798355184495449
0.0027573825791478157
0.0025933089200407267
0.0030862740240991116
0.002542397240176797
0.0026152674108743668
0.0025630570016801357
0.002321664709597826
0.002337503945454955
0.002894479548558593
0.0023473608307540417
0.0033914989326149225
0.002841485198587179
0.0019220318645238876
0.0021300828084349632
0.0023378708865493536
0.001920290756970644
0.002569076605141163
0.002290473086759448
0.0023093363270163536
0.0019394650589674711
0.002569744363427162
0.0022150352597236633
0.002851499943062663
0.002504566451534629
0.002509303158149123
0.002517437795177102
0.0026270300149917603
0.0023308221716433764
0.0027669863775372505
0.0026945327408611774
0.002480476163327694
0.0027369859162718058
0.002815264742821455
0.0028593004681169987
0.0022326253820210695
0.002645385218784213
0.002237705746665597
0.002410828834399581
0.0023179210256785154
0.0025960784405469894
0.0022140229120850563
0.0026602132711559534
0.0022074514999985695
0.001997946295887232
0.0023855518084019423
0.0028119003400206566
0.0023043551482260227
0.0020759757608175278
0.0025860387831926346
0.002284435788169503
0.0030084908939898014
0.002285283524543047
0.0020578785333782434
0.002832781057804823
0.0028512761928141117
0.002127672778442502
0.002034853445366025
0.002577612642198801
0.002186006400734186
0.0021664833184331656
0.0024712826125323772
0.002068769186735153
0.0018362088594585657
0.0017165127210319042
0.0023938510566949844
0.0025021450128406286
0.002014612779021263
0.0021662244107574224
0.001726520131342113
0.002386048436164856
0.002184933517128229
0.001897525624372065
0.0022255098447203636
0.0022881575860083103
0.002624712884426117
0.0023653083480894566
0.0023163571022450924
0.0021639163605868816
0.0021461360156536102
0.0027010522317141294
0.0018071519443765283
0.003039681352674961
0.0023757629096508026
0.001820919569581747
0.0026595909148454666
0.003159507177770138
0.0026099884416908026
0.002396223833784461
0.0029216865077614784
0.002889602445065975
0.0024676744360476732
0.002955663949251175
0.002586491173133254
0.003051151754334569
0.0027563567273318768
0.002846121322363615
0.0025343105662614107
0.00211336393840611
0.0022390116937458515
0.0029837251640856266
0.002863601315766573
0.0026156266685575247
0.0030056205578148365
0.002542514353990555
0.0027421112172305584
0.0025786126498132944
0.0026993942447006702
0.0024630206171423197
0.0026791126001626253
0.0029989159666001797
0.0028175399638712406
0.004395410418510437
0.0024135843850672245
0.004681005608290434
0.00275751412846148
0.0019282579887658358
0.002079140627756715
0.002442041179165244
0.0026035611517727375
0.0024292897433042526
0.0019790700171142817
0.002480883151292801
0.002049278235062957
0.0020911628380417824
0.001970199402421713
0.0026983933057636023
0.002529609017074108
0.0030317294877022505
0.002090169582515955
0.0027758735232055187
0.0021193798165768385
0.002438028808683157
0.0026249829679727554
0.002213799860328436
0.002591117052361369
0.002229968085885048
0.0031612059101462364
0.0022452406119555235
0.002387973014265299
0.002643246203660965
0.0025053333956748247
0.002338518388569355
0.0027221953496336937
0.002283035311847925
0.002531810197979212
0.0025490298867225647
0.0021515158005058765
0.0024986150674521923
0.0027163433842360973
0.0021181388292461634
0.0021902709268033504
0.002752557396888733
0.0026722638867795467
0.0024052956141531467
0.0024772363249212503
0.003304264508187771
0.0025728363543748856
0.0019281983841210604
0.0025975366588681936
0.0022264514118433
0.0024436526000499725
0.002787860808894038
0.002240570727735758
0.002294801641255617
0.002417326672002673
0.0027629565447568893
0.0020393177401274443
0.002160461852326989
0.0023691742680966854
0.0020848996937274933
0.0019570039585232735
0.002452491782605648
0.0026283040642738342
0.0020713170524686575
0.002059072023257613
0.002170550636947155
0.0024744109250605106
0.0021202487405389547
0.002245798474177718
0.002550723496824503
0.0028808554634451866
0.0019500041380524635
0.0024731678422540426
0.0022658216767013073
0.002470834646373987
0.0023009420838207006
0.0027105878107249737
0.0022707616444677114
0.002924700267612934
0.0033005420118570328
0.003046715399250388
0.002378419041633606
0.003082346636801958
0.0024235150776803493
0.0025257866363972425
0.0024288783315569162
0.002848454285413027
0.0031574773602187634
0.002404212485998869
0.002936202334240079
0.002627825364470482
0.0027353568002581596
0.002206055913120508
0.0027690506540238857
0.0026306838262826204
0.002366116037592292
0.0022275703959167004
0.0020783529616892338
0.002431768923997879
0.002395257353782654
0.0025116726756095886
0.002274265279993415
0.0016998518258333206
0.0019354971591383219
0.0018222201615571976
0.001951909507624805
0.002099796198308468
0.002174326917156577
0.00256542582064867
0.0020767063833773136
0.0020812242291867733
0.0023365782108157873
0.0019743540324270725
0.0020279816817492247
0.0024179420433938503
0.0021402190905064344
0.0020105945877730846
0.0020847152918577194
0.0023225401528179646
0.002292571123689413
0.0019779398571699858
0.002281255554407835
0.0022238665260374546
0.0021083953324705362
0.0020823280792683363
0.0021177162416279316
0.002053322270512581
0.002669075969606638
0.0023231697268784046
0.0026947157457470894
0.002811446553096175
0.0025883030612021685
0.0020984900183975697
0.0028489315882325172
0.0023828516714274883
0.0026996114756911993
0.0022867608349770308
0.002211545128375292
0.0038069221191108227
0.0024009000044316053
0.0021596483420580626
0.003433000296354294
0.0036670109257102013
0.0026929741725325584
0.002355265663936734
0.003350740997120738
0.0031713279895484447
0.0027325856499373913
0.002072085626423359
0.003784493776038289
0.002512835431843996
0.0020186174660921097
0.002473589964210987
0.002320121042430401
0.002245240146294236
0.0023417146876454353
0.002450598869472742
0.002224848372861743
0.001993317622691393
0.0024881111457943916
0.002681163139641285
0.0022293757647275925
0.002195641864091158
0.0024196263402700424
0.0021455399692058563
0.003175981342792511
0.002611772855743766
0.002678029239177704
0.002303200541064143
0.002798826899379492
0.002417309209704399
0.002623175736516714
0.0024372402112931013
0.002587862778455019
0.0021955175325274467
0.0022723765578120947
0.0021767911966890097
0.002678045304492116
0.003040652722120285
0.00233021704480052
0.003608888015151024
0.0030218204483389854
0.0031066397204995155
0.0029358796309679747
0.0023933318443596363
0.002432237844914198
0.0023686890490353107
0.0026362494099885225
0.002906573936343193
0.0023655490949749947
0.002759655239060521
0.0026709111407399178
0.003120127599686384
0.0024168158415704966
0.00221062870696187
0.003082363400608301
0.0030933485832065344
0.0031983638182282448
0.002474307082593441
0.003228940535336733
0.0028095729649066925
0.0022116191685199738
0.002729855477809906
0.0027229441329836845
0.002550525590777397
0.002857433632016182
0.0025692989584058523
0.0027722916565835476
0.002786564640700817
0.0026131784543395042
0.002273453399538994
0.002727286424487829
0.0024138300213962793
0.0022520069032907486
0.0024106695782393217
0.002431697677820921
0.0026468157302588224
0.0021771478932350874
0.002040690975263715
0.0021152617409825325
0.0018669686978682876
0.0021542664617300034
0.0022935187444090843
0.0022350167855620384
0.002159190597012639
0.0022592286113649607
0.002450509462505579
0.002268032170832157
0.002105171326547861
0.002372781280428171
0.0022871948312968016
0.002038594800978899
0.0022831454407423735
0.0030156350694596767
0.002566363662481308
0.0022247792221605778
0.0020300964824855328
0.002437043469399214
0.002293332014232874
0.002228722209110856
0.002088361419737339
0.002307821763679385
0.0023686266504228115
0.002173115499317646
0.00277692056261003
0.002619735896587372
0.0022190241143107414
0.0023195780813694
0.002643049694597721
0.002632591873407364
0.0021336653735488653
0.002534510102123022
0.002434707246720791
0.002071150578558445
0.0025236629880964756
0.0019686371088027954
0.0023247548379004
0.00204461719840765
0.002513408660888672
0.0018852025968953967
0.0023501263931393623
0.002172050066292286
0.002662333194166422
0.0026858923956751823
0.0022118473425507545
0.0019023261265829206
0.0023936263751238585
0.0019842723850160837
0.002760118804872036
0.0019789489451795816
0.0018936392152681947
0.0022810851223766804
0.0018271224107593298
0.0025005803909152746
0.0027175035793334246
0.0017732983687892556
0.002005623187869787
0.0019255969673395157
0.0021274443715810776
0.001893223961815238
0.0022390407975763083
0.002181223127990961
0.001607484184205532
0.002402146812528372
0.00272268895059824
0.0020255581475794315
0.0020500326063483953
0.0023924054112285376
0.0027078394778072834
0.0024348143488168716
0.0021952460519969463
0.0020649025682359934
0.001899245660752058
0.0020793925505131483
0.0024821606930345297
0.002046731533482671
0.0022398694418370724
0.002039629966020584
0.0021214033477008343
0.002565885428339243
0.0020306678488850594
0.002408849773928523
0.0021094544790685177
0.001720786327496171
0.0015886863693594933
0.003067226381972432
0.002762989606708288
0.0016774274408817291
0.002125381724908948
0.0017394114984199405
0.0023305127397179604
0.001617138972505927
0.0017285196809098125
0.00217362679541111
0.0020913011394441128
0.0018246262334287167
0.002277533058077097
0.002260830719023943
0.0022117048501968384
0.00205257348716259
0.002705396618694067
0.0019068233668804169
0.0026232178788632154
0.002059163060039282
0.0023467466235160828
0.0018355543725192547
0.0018936725100502372
0.0019434707937762141
0.0024254994932562113
0.0018967792857438326
0.002248262520879507
0.0019299553241580725
0.0021607123780995607
0.001903454540297389
0.002880984917283058
0.002403018530458212
0.0020086667500436306
0.002158688148483634
0.002236244734376669
0.002318004611879587
0.002183294855058193
0.00238855741918087
0.0019088003318756819
0.0019051363924518228
0.002186310011893511
0.0022379066795110703
0.0023325695656239986
0.002565195085480809
0.0031306673772633076
0.0030982261523604393
0.0024241707287728786
0.00258066039532423
0.0021164766512811184
0.002097649732604623
0.0021071957889944315
0.0028512198477983475
0.002357851481065154
0.0022487505339086056
0.0018440226558595896
0.0018758277874439955
0.00224649952724576
0.0019496825989335775
0.002120877616107464
0.0020181783474981785
0.002447986975312233
0.002013914519920945
0.002808782970532775
0.002975114621222019
0.0018587413942441344
0.0020806549582630396
0.0025069653056561947
0.0020436816848814487
0.0019441584590822458
0.0034643153194338083
0.0022985355462878942
0.002494771033525467
0.002273161429911852
0.001988568576052785
0.0019855238497257233
0.0025885356590151787
0.002437314949929714
0.002298138104379177
0.002587670926004648
0.0018961078021675348
0.0019143400713801384
0.002228391822427511
0.0021782408002763987
0.0025658546946942806
0.002757864538580179
0.002025514841079712
0.0023539497051388025
0.0032392351422458887
0.0022620796225965023
0.002193090505897999
0.0028085741214454174
0.0025097543839365244
0.00257205031812191
0.0022728953044861555
0.002519035479053855
0.002630983479321003
0.0023145535960793495
0.0020926613360643387
0.0018808296881616116
0.001955935265868902
0.002337435493245721
0.0022749886848032475
0.00199619447812438
0.002587023889645934
0.002638844773173332
0.0024925144389271736
0.0025598392821848392
0.002406564773991704
0.002206820994615555
0.002150635700672865
0.002270003780722618
0.002533972728997469
0.0017719944007694721
0.0021317072678357363
0.002143772318959236
0.002541725290939212
0.001942982547916472
0.003046684432774782
0.0021254359744489193
0.002652839757502079
0.0028434209525585175
0.003032259875908494
0.0026757116429507732
0.00218771630898118
0.0022244276478886604
0.0033045276068150997
0.0028312411159276962
0.0026699260342866182
0.002471581334248185
0.002882120432332158
0.002462114207446575
0.0025124638341367245
0.002341180108487606
0.002499575028195977
0.0027297213673591614
0.002324325032532215
0.0021914001554250717
0.0023482004180550575
0.0022271310444921255
0.002557146130129695
0.002437018323689699
0.0022549694404006004
0.0019927045796066523
0.002078007673844695
0.00306721031665802
0.0025303950533270836
0.0021980032324790955
0.002818420995026827
0.0018166274530813098
0.002205431694164872
0.002890150062739849
0.002199676353484392
0.0018735554767772555
0.0019659772515296936
0.002363872481510043
0.0019873115234076977
0.0020550675690174103
0.0026068338192999363
0.0021079371217638254
0.0023345930967479944
0.0021700786892324686
0.0019052954157814384
0.001667115604504943
0.002812400460243225
0.0022262325510382652
0.0022216644138097763
0.0025006914511322975
0.0018131736433133483
0.0020605670288205147
0.002775436034426093
0.0025354153476655483
0.0021983031183481216
0.0022788839414715767
0.002144281519576907
0.0024131028912961483
0.002403771271929145
0.0023251594975590706
0.002616376616060734
0.0020852109882980585
0.002552550286054611
0.0021589717362076044
0.002174816094338894
0.0021481644362211227
0.0021136070135980844
0.0022423574700951576
0.002441232092678547
0.0024958811700344086
0.0019915085285902023
0.0025207814760506153
0.0027769035659730434
0.0023085603024810553
0.00223437137901783
0.0035609370097517967
0.0021868296898901463
0.0024599130265414715
0.0025895312428474426
0.002523319097235799
0.0022235377691686153
0.0017558974213898182
0.0019983844831585884
0.0027134742122143507
0.002258886583149433
0.0027260449714958668
0.0018128182273358107
0.002054224954918027
0.0020394905004650354
0.0025996356271207333
0.0017968511674553156
0.002030972857028246
0.0019837988074868917
0.0019892347045242786
0.0018482160521671176
0.002399294637143612
0.0018422744469717145
0.002384796505793929
0.002402571029961109
0.0026335492730140686
0.001846270402893424
0.001865433994680643
0.003831932321190834
0.0016758970450609922
0.0017730885883793235
0.0024112644605338573
0.002298401203006506
0.0021145432256162167
0.002480622846633196
0.002126044128090143
0.0021399464458227158
0.0026484113186597824
0.002490565413609147
0.0034650126472115517
0.002717086812481284
0.002755645429715514
0.002655009739100933
0.0024289649445563555
0.002095860196277499
0.0024564701598137617
0.0027195517905056477
0.002659550867974758
0.002217668341472745
0.0026508751325309277
0.0025281368289142847
0.0023937812075018883
0.0020944431889802217
0.0021115350537002087
0.0021025040186941624
0.002123703481629491
0.0024762582033872604
0.0020379386842250824
0.001825688756071031
0.0020645507611334324
0.0017984306905418634
0.0027698324993252754
0.003140652785077691
0.0017323363572359085
0.001955984625965357
0.0029808487743139267
0.0021689077839255333
0.001925113145262003
0.002167378319427371
0.0022548623383045197
0.0020950068719685078
0.0019325676839798689
0.0023574652150273323
0.0020163939334452152
0.0028212256729602814
0.0025813067331910133
0.0026266099885106087
0.0023731407709419727
0.0019992119632661343
0.002776763401925564
0.0020669999066740274
0.002011240692809224
0.0021774359047412872
0.00253582326695323
0.0024168386589735746
0.00254167546518147
0.0021851290948688984
0.003151586977764964
0.002344951033592224
0.0020350543782114983
0.002708126325160265
0.002316395752131939
0.002548242686316371
0.0026592817157506943
0.002678364748135209
0.0022965811658650637
0.0027067987248301506
0.002666482934728265
0.0024322830140590668
0.002413467038422823
0.0026070098392665386
0.0025584178511053324
0.0025480014737695456
0.0022406610660254955
0.0023604105226695538
0.002359074540436268
0.0028122449293732643
0.0026397467590868473
0.002281387336552143
0.0018417548853904009
0.0019428178202360868
0.0025291526690125465
0.002465449506416917
0.002304776106029749
0.002394933719187975
0.001975273247808218
0.0020042031537741423
0.0021922667510807514
0.002083970233798027
0.0018697293708100915
0.001871405984275043
0.0028226592112332582
0.0021827155724167824
0.0021802992559969425
0.00224965438246727
0.002183633390814066
0.0022322512231767178
0.0022448140662163496
0.0021441453136503696
0.002080071484670043
0.0028397180140018463
0.0020722721237689257
0.002231116872280836
0.0026595517992973328
0.002846434712409973
0.0021479609422385693
0.002696096897125244
0.0021370253525674343
0.0019702748395502567
0.0027514388784766197
0.002540633315220475
0.002393658272922039
0.002231868449598551
0.002644315827637911
0.0027071256190538406
0.0023372916039079428
0.002768461825326085
0.002899803454056382
0.002684597857296467
0.00279506528750062
0.002259772038087249
0.0024329214356839657
0.0022953138686716557
0.0031391140073537827
0.00233045918866992
0.0023861550725996494
0.002871080534532666
0.0032356763258576393
0.0022048091050237417
0.0024556838907301426
0.0028045144863426685
0.002189912833273411
0.002861328888684511
0.0024222740903496742
0.0025266867596656084
0.001953395549207926
0.002795133739709854
0.0023708539083600044
0.002232698258012533
0.002968426328152418
0.0026342994533479214
0.0021902150474488735
0.002550209639593959
0.0027893029619008303
0.002094488125294447
0.0024800037499517202
0.002768874168395996
0.002672581933438778
0.002255832776427269
0.0032186806201934814
0.0027704655658453703
0.0024230508133769035
0.0024311754386872053
0.002403006888926029
0.0027069621719419956
0.002764237578958273
0.002481356728821993
0.0028488487005233765
0.0026466355193406343
0.0024781713727861643
0.002885593334212899
0.002459289040416479
0.002633885946124792
0.0025805651675909758
0.0026457624044269323
0.002593310782685876
0.0023205173201858997
0.002641604747623205
0.0025764210149645805
0.0023885464761406183
0.0025650085881352425
0.002494276035577059
0.002399350283667445
0.002969697117805481
0.0023802262730896473
0.0023604282177984715
0.0031212165486067533
0.0023406429681926966
0.002533518709242344
0.0019715442322194576
0.002728427993133664
0.0019982901867479086
0.0020574810914695263
0.0027341218665242195
0.0022309834603220224
0.0022347047924995422
0.0022952123545110226
0.0022584416437894106
0.0022678221575915813
0.0025255975779145956
0.0024029966443777084
0.002275983802974224
0.002076405566185713
0.002258233493193984
0.0022260730620473623
0.0032133329659700394
0.0022920630872249603
0.0022860034368932247
0.0025323331356048584
0.00242081587202847
0.0023536146618425846
0.0027020862326025963
0.0022097730543464422
0.0020851618610322475
0.0029608183540403843
0.0022143209353089333
0.0029481013771146536
0.002076114062219858
0.0022849510423839092
0.0020512170158326626
0.003288439940661192
0.002031988464295864
0.0029960591346025467
0.0025970912538468838
0.00263102725148201
0.002631218172609806
0.002373727736994624
0.0025355303660035133
0.0021654788870364428
0.0020465394482016563
0.0025715287774801254
0.002412237459793687
0.002334277145564556
0.0024082150775939226
0.002811777638271451
0.0023689731024205685
0.002460229443386197
0.0021323359105736017
0.0025362183805555105
0.002545345574617386
0.0018946647178381681
0.0020502377301454544
0.0026249256916344166
0.0021717266645282507
0.0019012000411748886
0.0023130089975893497
0.0022038426250219345
0.0018133055418729782
0.002049913862720132
0.002371574752032757
0.00248720939271152
0.0020095854997634888
0.0024839374236762524
0.002317891689017415
0.0020584091544151306
0.0020088418386876583
0.00244400417432189
0.0020958275999873877
0.0017879016231745481
0.003225462045520544
0.002753256820142269
0.0020820368081331253
0.0021889687050133944
0.002286831382662058
0.0022203244734555483
0.002081777900457382
0.0020028906874358654
0.002036464400589466
0.003813175717368722
0.0021107695065438747
0.0021974104456603527
0.002257321495562792
0.002099016448482871
0.002647159621119499
0.0021203672513365746
0.0025292164646089077
0.0023034357000142336
0.0027487592305988073
0.002376611577346921
0.0022210904862731695
0.002462113043293357
0.0032835230231285095
0.002514221239835024
0.0026468620635569096
0.0024441946297883987
0.0024893227964639664
0.0027779750525951385
0.002273276448249817
0.00213008769787848
0.0020574673544615507
0.0029730857349932194
0.0026840472128242254
0.002120237797498703
0.0021219749469310045
0.00269683706574142
0.0027704606764018536
0.00254802405834198
0.002267958130687475
0.0028950620908290148
0.0024160912726074457
0.0025535428430885077
0.002333134412765503
0.002304959110915661
0.002320753876119852
0.002463662065565586
0.0021234648302197456
0.0020550196059048176
0.002122394274920225
0.0022636293433606625
0.003174126148223877
0.002251506084576249
0.0025027634110301733
0.0026010582223534584
0.002913131844252348
0.00249215099029243
0.0020906925201416016
0.0024443543516099453
0.0022656572982668877
0.0021710325963795185
0.002286885166540742
0.0021200133487582207
0.0024805066641420126
0.0021303168032318354
0.0023540211841464043
0.0024551276583224535
0.002566579496487975
0.002212731633335352
0.0024122847244143486
0.002504203002899885
0.003051925916224718
0.002542742295190692
0.002233322709798813
0.002077857032418251
0.0028173429891467094
0.0021016462706029415
0.002211898798123002
0.0023122720886021852
0.002521221525967121
0.001806692685931921
0.002030845731496811
0.002135561779141426
0.0021955794654786587
0.002092967741191387
0.002125911647453904
0.0021848944015800953
0.00200386019423604
0.0020038995426148176
0.0019683116115629673
0.002179370727390051
0.0022181507665663958
0.002526830416172743
0.0019249912584200501
0.0024516580160707235
0.0020252347458153963
0.0018919742433354259
0.00226745312102139
0.001965154428035021
0.001885143923573196
0.002132910769432783
0.002068786881864071
0.0019323693122714758
0.0021759113296866417
0.002161577111110091
0.0022554779425263405
0.0023163831792771816
0.001956135965883732
0.002261240966618061
0.0023783547803759575
0.002211326500400901
0.002565782517194748
0.002317190170288086
0.0021019121631979942
0.0023306403309106827
0.0022855428978800774
0.002415137831121683
0.0023044035769999027
0.0021279463544487953
0.00246725557371974
0.002248889533802867
0.0019385677296668291
0.002201251219958067
0.002196459099650383
0.0020373885054141283
0.002522275783121586
0.002797109540551901
0.002399688120931387
0.0025269559118896723
0.0018947967328131199
0.002182821510359645
0.0016913674771785736
0.0017741244519129395
0.002373279770836234
0.001761167193762958
0.0016865911893546581
0.002111820038408041
0.0017351756105199456
0.0021733175963163376
0.0026642531156539917
0.002223065122961998
0.0020543690770864487
0.0018202667124569416
0.002029067138209939
0.002289346419274807
0.0018888587364926934
0.002032083459198475
0.002246133517473936
0.0022866991348564625
0.0023496749345213175
0.002596993697807193
0.0036141725722700357
0.00270636472851038
0.0021603156346827745
0.003548425156623125
0.004259015433490276
0.0025517060421407223
0.0019332292722538114
0.002963949926197529
0.0028705187141895294
0.002449186285957694
0.002576269907876849
0.002850897144526243
0.003292469773441553
0.0031074665021151304
0.0023948377929627895
0.002986449282616377
0.0024900087155401707
0.0021928432397544384
0.002716060960665345
0.0026675304397940636
0.002229169476777315
0.002088950015604496
0.0027632899582386017
0.0025968882255256176
0.0021584646310657263
0.002317665610462427
0.0029687155038118362
0.002671194262802601
0.0020863411482423544
0.002029897179454565
0.00244383467361331
0.002163192257285118
0.0025360945146530867
0.002120952820405364
0.002297159982845187
0.0021428491454571486
0.0024296268820762634
0.002548286924138665
0.0020024008117616177
0.0024950674269348383
0.002219417132437229
0.002464074408635497
0.002160709584131837
0.0019722464494407177
0.0023672236129641533
0.002318269107490778
0.0026876493357121944
0.0022960398346185684
0.002159524243324995
0.0018679132917895913
0.002152208937332034
0.0019896922167390585
0.002614593133330345
0.0022821049205958843
0.0032418458722531796
0.002716586459428072
0.00291085010394454
0.0034906896762549877
0.004193548113107681
0.0028182477690279484
0.0026067793369293213
0.003210250986739993
0.002287223469465971
0.0032294755801558495
0.0027296014595776796
0.0028251586481928825
0.0026849890127778053
0.0027533182874321938
0.002889089286327362
0.0029222886078059673
0.002778074936941266
0.0030043208971619606
0.00371291721239686
0.0030603338964283466
0.002928209025412798
0.002964793238788843
0.0028658746741712093
0.003058986272662878
0.0024733836762607098
0.002347052562981844
0.0031437170691788197
0.0026674740947782993
0.002297106198966503
0.0032706307247281075
0.003121134825050831
0.00250202976167202
0.0031655142083764076
0.0027350159361958504
0.0029223505407571793
0.0029026558622717857
0.0023173661902546883
0.0029315506108105183
0.002666691318154335
0.0025140750221908092
0.0026811680290848017
0.0027494351379573345
0.00249034003354609
0.0033124680630862713
0.0031609614379704
0.003132493933662772
0.002867213450372219
0.0030516739934682846
0.003430319484323263
0.003943866118788719
0.0026391050778329372
0.0035303502809256315
0.0037119234912097454
0.0033703448716551065
0.0030264565721154213
0.003578836563974619
0.0030763777904212475
0.003085503587499261
0.0032725934870541096
0.0029333741404116154
0.0036738079506903887
0.003400701330974698
0.003317953320220113
0.0035176165401935577
0.002989251632243395
0.00297038396820426
0.0029692277312278748
0.0030409586615860462
0.003015107475221157
0.0031779473647475243
0.0029900921508669853
0.0031787632033228874
0.00308047141879797
0.0030499491840600967
0.0029551787301898003
0.0030343530233949423
0.002807993907481432
0.0028186242561787367
0.003030813066288829
0.0028376728296279907
0.003020600415766239
0.0037481640465557575
0.002508586272597313
0.0031086087692528963
0.0030939490534365177
0.003566479543223977
0.003250314388424158
0.003525218227878213
0.0029156222008168697
0.002959317062050104
0.0031611237209290266
0.0035104146227240562
0.0036977010313421488
0.0031527550891041756
0.0034919953905045986
0.0032426007091999054
0.003041571006178856
0.004711128771305084
0.0032921000383794308
0.003536446951329708
0.003018766175955534
0.003425473812967539
0.003469346323981881
0.0036107471678406
0.00432633375748992
0.0036088216584175825
0.003188755363225937
0.0032566229347139597
0.0034207883290946484
0.003668147139251232
0.0033472778741270304
0.003205641405656934
0.004147141240537167
0.003478746395558119
0.003979361150413752
0.004049152601510286
0.0032919745426625013
0.004006160888820887
0.004211655352264643
0.003528082277625799
0.003991339355707169
0.0037678417284041643
0.003881818614900112
0.0035036976914852858
0.0037549403496086597
0.0032006017863750458
0.004746585618704557
0.003614769782871008
0.003489927388727665
0.0032491593156009912
0.003437299281358719
0.0037930805701762438
0.0036794166080653667
0.0031540992204099894
0.00343003636226058
0.003549473127350211
0.0037902467884123325
0.004563869908452034
0.0035097519867122173
0.0037086233496665955
0.003458948340266943
0.0029659082647413015
0.0033357543870806694
0.0030891867354512215
0.00318964128382504
0.002908737864345312
0.003841014811769128
0.0032966439612209797
0.002974277827888727
0.003160470398142934
0.0030132667161524296
0.0030063544400036335
0.0030197182204574347
0.0032347110100090504
0.00339182885363698
0.0032615899108350277
0.0028641277458518744
0.0038160555996000767
0.003871562657877803
0.003267679363489151
0.003575769253075123
0.0033715018071234226
0.003067628014832735
0.003171791322529316
0.002875532489269972
0.0034565951209515333
0.0033063499722629786
0.0031246263533830643
0.0036103755701333284
0.003788467962294817
0.003982660360634327
0.0030387924052774906
0.0029660151340067387
0.003361893817782402
0.002928576897829771
0.003302427241578698
0.0032556820660829544
0.0026755970902740955
0.002947346307337284
0.0035400704946368933
0.0028092076536267996
0.00360421696677804
0.0033277026377618313
0.003528313245624304
0.0025899107567965984
0.003400947665795684
0.0033506499603390694
0.0030487722251564264
0.002702962141484022
0.0035912131424993277
0.0034349451307207346
0.003839249722659588
0.00303190341219306
0.0033309562131762505
0.002808093558996916
0.0034579839557409286
0.0028334874659776688
0.003178016748279333
0.002801945898681879
0.002793413819745183
0.0035204237792640924
0.0028532021678984165
0.0029553542844951153
0.0035892403684556484
0.003577022347599268
0.0029269210062921047
0.0031961994245648384
0.0049865469336509705
0.0034758865367621183
0.0033971189986914396
0.0035483569372445345
0.004252035170793533
0.003243891755118966
0.0038989619351923466
0.003980048932135105
0.0043287877924740314
0.004050241783261299
0.0037140753120183945
0.004141166340559721
0.0037391530349850655
0.003727629315108061
0.0035187620669603348
0.00429439265280962
0.0034852807875722647
0.0030051865614950657
0.003544588340446353
0.0028932031709700823
0.003415049985051155
0.0034818837884813547
0.002952736569568515
0.003398176748305559
0.003673645667731762
0.0030776439234614372
0.002951684407889843
0.003077725414186716
0.0039215595461428165
0.0034808646887540817
0.003972531761974096
0.0032785325311124325
0.003674490610137582
0.00347704766318202
0.0032435941975563765
0.003524787724018097
0.0034247064031660557
0.003973419312387705
0.00346853188239038
0.0034924931824207306
0.004768659360706806
0.004152472596615553
0.0029210138600319624
0.003504348685964942
0.003394110593944788
0.0035567728336900473
0.0036516902036964893
0.003428459633141756
0.0036949426867067814
0.0035950765013694763
0.003955944906920195
0.003921576775610447
0.004512084182351828
0.004075516480952501
0.0037328486796468496
0.0036711457651108503
0.004397456534206867
0.0037383544258773327
0.004247549921274185
0.004946925677359104
0.004252597689628601
0.0038390099070966244
0.003431128105148673
0.004128052853047848
0.004124496132135391
0.00375808565877378
0.003572490531951189
0.003479398088529706
0.003273983718827367
0.0031637349165976048
0.003523671068251133
0.003151271026581526
0.0037990605924278498
0.0029828008264303207
0.0032409201376140118
0.003066691569983959
0.0031799639109522104
0.0031222414691001177
0.0031254261266440153
0.003416912630200386
0.003139935899525881
0.0028302366845309734
0.0028696726076304913
0.0029024211689829826
0.0032971370965242386
0.0032011200673878193
0.003075969871133566
0.0031467536464333534
0.0037618642672896385
0.003620927454903722
0.0037403088063001633
0.0031188633292913437
0.003232470480725169
0.003949114121496677
0.0035131052136421204
0.003021727316081524
0.0038391724228858948
0.003254733281210065
0.0032101261895149946
0.003484698012471199
0.0037232101894915104
0.003183547407388687
0.003358581569045782
0.0031421238090842962
0.004067601636052132
0.003446292830631137
0.0031323921866714954
0.0028732442297041416
0.0034197689965367317
0.0033654547296464443
0.003158950712531805
0.0041748215444386005
0.0035629377234727144
0.003320565912872553
0.0031113335862755775
0.003287597093731165
0.003179763676598668
0.002995431190356612
0.002582229906693101
0.003262285143136978
0.0037980456836521626
0.0028942415956407785
0.0034251606557518244
0.002949334215372801
0.003055061213672161
0.0029860911890864372
0.002888970309868455
0.0027542058378458023
0.0028873104602098465
0.0029134720098227262
0.0032442910596728325
0.002830959390848875
0.0031353740487247705
0.0026539997197687626
0.0024057948030531406
0.0031352073419839144
0.002435408066958189
0.002953291404992342
0.0025261028204113245
0.0029578472021967173
0.0027946890331804752
0.00329200504347682
0.0036567547358572483
0.0029113972559571266
0.003257179632782936
0.002840787637978792
0.0028582289814949036
0.002697120886296034
0.0028374590910971165
0.0025374237447977066
0.0024442393332719803
0.004124031867831945
0.0024834834039211273
0.002686509396880865
0.0029329080134630203
0.002745967824012041
0.0027821355033665895
0.0029787435196340084
0.0027827564626932144
0.003612751606851816
0.0035269935615360737
0.0033682603389024734
0.002919656690210104
0.002893435535952449
0.0026024142280220985
0.003017392009496689
0.0031452816911041737
0.0023714369162917137
0.002640110906213522
0.0024511869996786118
0.002511863363906741
0.0025239773094654083
0.00229418883100152
0.0022097541950643063
0.002654245588928461
0.002872913144528866
0.0023069772869348526
0.0025378072168678045
0.0026217959821224213
0.0029812699649482965
0.00223767408169806
0.003022449556738138
0.0028908581007272005
0.0026470194570720196
0.002428513951599598
0.0031032459810376167
0.0025511933490633965
0.0026998838875442743
0.0023013909813016653
0.0034034536220133305
0.0027661146596074104
0.002431166125461459
0.0029747006483376026
0.003500104881823063
0.0028695748187601566
0.0039046225138008595
0.003065387951210141
0.0037933094426989555
0.002992837456986308
0.0030550165101885796
0.002903484273701906
0.002936371136456728
0.0024512303061783314
0.0029214865062385798
0.0032662951853126287
0.002946985885500908
0.002877134131267667
0.003145515685901046
0.0029005263932049274
0.0026678130961954594
0.0028807101771235466
0.0027517215348780155
0.0023462409153580666
0.0025722221471369267
0.0024804258719086647
0.0024740519002079964
0.0022367772180587053
0.0023599048145115376
0.002486318349838257
0.002498527057468891
0.002258195076137781
0.0019808905199170113
0.002473184373229742
0.002838982967659831
0.0030436695087701082
0.0024912916123867035
0.002541577909141779
0.00257601635530591
0.0024364585988223553
0.003088638186454773
0.002035832032561302
0.0021778978407382965
0.0024163168855011463
0.002284853719174862
0.0026093716733157635
0.0026083793491125107
0.002743756864219904
0.002351834438741207
0.002877102931961417
0.0023145396262407303
0.002317470731213689
0.0022791195660829544
0.002162042073905468
0.002455618232488632
0.0022703800350427628
0.0027876822277903557
0.0021650874987244606
0.0024182635825127363
0.002086656168103218
0.0021908641792833805
0.002433297224342823
0.00207213731482625
0.002515469677746296
0.0024585125502198935
0.002108194399625063
0.001987410942092538
0.002243368187919259
0.002571641467511654
0.0024007479660212994
0.002515710424631834
0.0023369858972728252
0.002236722270026803
0.0022819507867097855
0.0020703717600554228
0.0022446021903306246
0.00234320480376482
0.0023345178924500942
