0.47747325897216797
0.13277553021907806
0.000438789080362767
5.2176521421642974e-05
4.26071637775749e-05
3.996607119916007e-05
4.47323800472077e-05
4.727182022179477e-05
5.108064942760393e-05
4.7706940677016973e-05
4.506209370447323e-05
4.974197145202197e-05
5.012213296140544e-05
5.06718824908603e-05
4.879303014604375e-05
4.178687959210947e-05
5.0019578338833526e-05
5.8249592257197946e-05
5.456021608551964e-05
4.5095708628650755e-05
4.295106919016689e-05
6.132598355179653e-05
6.158499309094623e-05
5.166878690943122e-05
3.751752956304699e-05
4.748085848405026e-05
5.1744384109042585e-05
5.896040238440037e-05
5.657560905092396e-05
5.420763773145154e-05
7.06463324604556e-05
4.701572470366955e-05
4.473679655347951e-05
5.052482447354123e-05
4.4579112000064924e-05
5.137194966664538e-05
5.186829366721213e-05
3.84685154131148e-05
4.918903869111091e-05
4.3625284888548777e-05
4.244832234689966e-05
5.387866622186266e-05
4.8391844757134095e-05
3.859253047266975e-05
4.7091234591789544e-05
5.7084616855718195e-05
5.564794264500961e-05
5.8283432736061513e-05
5.4293908760882914e-05
5.0104390538763255e-05
4.243009607307613e-05
3.7222187529550865e-05
5.172680539544672e-05
5.288059765007347e-05
4.733097739517689e-05
4.4858461478725076e-05
5.704639625037089e-05
5.0853966968134046e-05
5.197912105359137e-05
5.236222568782978e-05
4.422920028446242e-05
5.2648145356215537e-05
4.9448757636127993e-05
5.986503674648702e-05
4.831603291677311e-05
5.916164082009345e-05
5.5296703067142516e-05
6.11456052865833e-05
3.849984932458028e-05
4.0339946281164885e-05
4.981469101039693e-05
4.8993264499586076e-05
4.632885247701779e-05
4.882889334112406e-05
4.1446153772994876e-05
4.117250136914663e-05
5.8111982070840895e-05
5.405761476140469e-05
5.1166705816285685e-05
4.156414433964528e-05
5.130672434461303e-05
7.161756366258487e-05
4.659996193367988e-05
4.96988941449672e-05
5.3010997362434864e-05
4.13523412134964e-05
4.734443791676313e-05
4.8792906454764307e-05
4.398345481604338e-05
6.661173392785713e-05
5.246285945759155e-05
4.305849870434031e-05
5.447454532259144e-05
3.581914643291384e-05
5.407237767940387e-05
4.7704350436106324e-05
5.2709518058691174e-05
5.190566662349738e-05
4.462645301828161e-05
3.856707189697772e-05
3.950119571527466e-05
3.737227962119505e-05
4.8032336053438485e-05
3.8984093407634646e-05
3.958411980420351e-05
6.487042992375791e-05
4.657884710468352e-05
3.622302392614074e-05
5.561867146752775e-05
4.522958988673054e-05
3.388998447917402e-05
3.5718916478799656e-05
4.5704633521381766e-05
5.968371624476276e-05
5.28295713593252e-05
4.222977440804243e-05
5.483329005073756e-05
4.7098037612158805e-05
4.539747897069901e-05
3.8994337955955416e-05
4.0599006752017885e-05
5.3055377065902576e-05
6.602412031497806e-05
6.461963494075462e-05
5.127271651872434e-05
4.980430458090268e-05
5.8421566791366786e-05
6.528857920784503e-05
5.587726991507225e-05
3.725088754436001e-05
5.477337253978476e-05
3.616165849962272e-05
4.2225859942846e-05
5.6572524044895545e-05
4.750552761834115e-05
4.173052730038762e-05
4.89883532281965e-05
6.534507701871917e-05
6.166914681671187e-05
4.7719484427943826e-05
6.072620453778654e-05
4.4657666876446456e-05
5.7683111663209274e-05
4.638419341063127e-05
5.2461749874055386e-05
3.3281576179433614e-05
5.630221130559221e-05
4.599435123964213e-05
5.852743925061077e-05
6.013519305270165e-05
6.0576458054129034e-05
3.9184702472994104e-05
6.114941788837314e-05
5.395190237322822e-05
3.8151407352415845e-05
5.498934115166776e-05
5.374753527576104e-05
4.971188900526613e-05
3.591065251384862e-05
4.4586791773326695e-05
5.2204428357072175e-05
5.223031257628463e-05
3.9151738747023046e-05
5.881008837604895e-05
4.616869773599319e-05
4.007391180493869e-05
5.82425418542698e-05
4.7486653784289956e-05
5.409206642070785e-05
4.8125126340892166e-05
4.366662687971257e-05
4.6302076952997595e-05
4.8412272008135915e-05
4.71810890303459e-05
4.008132964372635e-05
4.838453241973184e-05
3.887928687618114e-05
4.4529013393912464e-05
4.143740443396382e-05
4.83602489111945e-05
5.813470488646999e-05
4.3715190258808434e-05
5.1711460400838405e-05
4.663710205932148e-05
5.292017158353701e-05
3.920323069905862e-05
3.863212623400614e-05
4.863247158937156e-05
5.042122575105168e-05
5.6484874221496284e-05
4.5467488234862685e-05
7.607255247421563e-05
5.457621591631323e-05
4.764162440551445e-05
5.438436710392125e-05
4.323069879319519e-05
5.594570393441245e-05
6.492809916380793e-05
5.5225889809662476e-05
5.567463085753843e-05
3.455362093518488e-05
5.6667293392820284e-05
4.6345972805283964e-05
4.9494963604956865e-05
4.115762567380443e-05
5.574240640271455e-05
4.262168658897281e-05
6.314885831670836e-05
4.5751519792247564e-05
4.5155189582146704e-05
4.725328471977264e-05
5.761095235357061e-05
3.905961420969106e-05
5.520514605450444e-05
5.662746843881905e-05
4.326463385950774e-05
4.534428080660291e-05
5.926642916165292e-05
4.554967017611489e-05
4.9409565690439194e-05
5.071813939139247e-05
3.7489717215066776e-05
4.111772432224825e-05
3.403323717066087e-05
5.334116576705128e-05
6.173101428430527e-05
5.4072235798230395e-05
4.6413559175562114e-05
5.2958246669732034e-05
5.741372297052294e-05
5.63368848816026e-05
5.6408243835903704e-05
5.800978760817088e-05
4.099596117157489e-05
4.616902151610702e-05
4.6939923777244985e-05
5.0978858780581504e-05
6.131685222499073e-05
4.6316010411828756e-05
5.71228374610655e-05
4.730723594548181e-05
4.6549728722311556e-05
4.720983633887954e-05
4.5640248572453856e-05
5.864772174390964e-05
6.297045183600858e-05
4.909138078801334e-05
4.07390616601333e-05
3.742354965652339e-05
5.0974616897292435e-05
5.4425865528173745e-05
5.8498750149738044e-05
4.105270636500791e-05
4.9386009777663276e-05
5.43116511835251e-05
5.467199662234634e-05
5.9014244470745325e-05
5.213822078076191e-05
5.4334537708200514e-05
4.011637793155387e-05
4.457122849998996e-05
4.626454756362364e-05
5.642940595862456e-05
5.037577648181468e-05
7.089884456945583e-05
4.784022530657239e-05
4.834001447306946e-05
6.0073609347455204e-05
5.130328281666152e-05
3.383523289812729e-05
4.7397617890965194e-05
5.38059466634877e-05
4.5246215449878946e-05
4.310031363274902e-05
4.264359449734911e-05
5.037096707383171e-05
5.100724592921324e-05
4.672306386055425e-05
4.773446562467143e-05
5.160480213817209e-05
5.040041287429631e-05
3.6198100133333355e-05
5.151906589162536e-05
4.8241447075270116e-05
5.493148637469858e-05
4.673763032769784e-05
4.97460387123283e-05
5.088883335702121e-05
4.7878223995212466e-05
3.851013025268912e-05
4.7368321247631684e-05
3.964088318753056e-05
4.056840407429263e-05
4.0575665479991585e-05
5.754963058279827e-05
5.429283919511363e-05
6.921179010532796e-05
4.42187738372013e-05
4.939339851262048e-05
4.8823505494510755e-05
3.981173358624801e-05
5.106654134579003e-05
4.374310447019525e-05
4.4730571971740574e-05
5.065130244474858e-05
4.9439287977293134e-05
4.477629772736691e-05
4.5163746108300984e-05
3.912728789146058e-05
4.9464793846709654e-05
4.8684418288758025e-05
4.3813884985866025e-05
3.731621472979896e-05
6.31954098935239e-05
6.463575846282765e-05
5.990725912852213e-05
4.132121830480173e-05
4.0383616578765213e-05
4.486775287659839e-05
4.9872473027789965e-05
5.453246194520034e-05
3.9801783714210615e-05
5.16319450980518e-05
5.4321615607477725e-05
5.715398583561182e-05
4.927349436911754e-05
5.109724588692188e-05
4.7064062528079376e-05
4.1342093027196825e-05
4.9995462177321315e-05
4.9457423301646486e-05
3.617653783294372e-05
4.991582682123408e-05
5.4416657803812996e-05
4.340463419794105e-05
4.750059815705754e-05
3.460632069618441e-05
5.068998143542558e-05
5.624982077279128e-05
4.757261922350153e-05
6.632330769207329e-05
6.584608490811661e-05
5.298848554957658e-05
5.785810935776681e-05
6.138280150480568e-05
4.028445255244151e-05
4.4204367441125214e-05
5.861562749487348e-05
5.498921382240951e-05
5.217918078415096e-05
4.8441681428812444e-05
5.6303328165085986e-05
4.963871469954029e-05
4.2217241571052e-05
4.875233207712881e-05
4.700237332144752e-05
4.6843768359394744e-05
4.610032920027152e-05
4.38295683125034e-05
4.4440348574426025e-05
5.282217898638919e-05
4.3961779738310724e-05
4.44929173681885e-05
4.703796730609611e-05
5.963432340649888e-05
4.484868622967042e-05
5.747177783632651e-05
5.4372463637264445e-05
4.376120341476053e-05
4.2471619963180274e-05
4.982071550330147e-05
5.98374790570233e-05
3.864864629576914e-05
4.8718316975282505e-05
4.945401815348305e-05
4.804502532351762e-05
4.87772049382329e-05
4.435145456227474e-05
4.559701483231038e-05
4.227090903441422e-05
4.364439155324362e-05
4.188356251688674e-05
5.4689542594132945e-05
4.828289820579812e-05
4.68035286758095e-05
6.165346712805331e-05
6.115238647907972e-05
6.0365644458215684e-05
3.669513534987345e-05
5.587735722656362e-05
6.086339635658078e-05
4.820967296836898e-05
5.3172087064012885e-05
5.9163190599065274e-05
5.227007932262495e-05
4.9080954340752214e-05
3.474365075817332e-05
5.725392475142144e-05
5.566483741858974e-05
4.909350536763668e-05
4.272595833754167e-05
4.762238677358255e-05
5.073410284239799e-05
4.297283157939091e-05
5.240995960775763e-05
5.302691351971589e-05
4.0291273762704805e-05
5.1740855269599706e-05
4.9315960495732725e-05
5.1973860536236316e-05
4.500083741731942e-05
4.0087252273224294e-05
4.701548823504709e-05
4.709823406301439e-05
4.5439079258358106e-05
4.7335746785392985e-05
4.256903048371896e-05
5.3207048040349036e-05
4.965449988958426e-05
5.804702595924027e-05
4.725312828668393e-05
5.273077840683982e-05
5.093025538371876e-05
5.419043736765161e-05
5.045108264312148e-05
4.077848279848695e-05
4.144898412050679e-05
4.7581197577528656e-05
6.76595518598333e-05
3.925807686755434e-05
5.131354555487633e-05
6.082865729695186e-05
5.604633770417422e-05
4.9436057452112436e-05
4.8463683924637735e-05
4.65342091047205e-05
5.94138509768527e-05
5.6457942264387384e-05
4.0661365346750244e-05
6.221051444299519e-05
4.284243186702952e-05
5.353176675271243e-05
5.273263013805263e-05
5.183229950489476e-05
4.977944627171382e-05
4.848440585192293e-05
4.771520252688788e-05
5.143549060449004e-05
4.139354859944433e-05
4.943052044836804e-05
5.9177247749175876e-05
4.248942423146218e-05
4.45794066763483e-05
5.666947254212573e-05
4.4653002987615764e-05
5.825694461236708e-05
5.962999057373963e-05
4.817813169211149e-05
4.796913708560169e-05
5.728395626647398e-05
5.168357165530324e-05
5.51059129065834e-05
4.8688245442463085e-05
5.4480355174746364e-05
4.3277323129586875e-05
4.602109038387425e-05
6.087520159780979e-05
5.1441817049635574e-05
5.153693200554699e-05
3.93450609408319e-05
5.0470967835281044e-05
3.587333776522428e-05
4.8081921704579145e-05
4.59431394119747e-05
6.232655141502619e-05
4.927066765958443e-05
5.904988938709721e-05
3.053645559703e-05
5.66870003240183e-05
4.242997238179669e-05
4.750558582600206e-05
5.7364781241631135e-05
4.73594554932788e-05
5.390071601141244e-05
5.059079921920784e-05
5.460722604766488e-05
4.271572834113613e-05
4.947226261720061e-05
4.898809129372239e-05
3.847922198474407e-05
4.0136976167559624e-05
5.586975021287799e-05
4.3012747482862324e-05
5.6944118114188313e-05
3.9774913602741435e-05
5.735983359045349e-05
3.8260197470663115e-05
4.4655240344582126e-05
5.119865090819076e-05
5.3564755944535136e-05
4.752781387651339e-05
5.875868009752594e-05
5.0215119699714705e-05
5.0197180826216936e-05
5.113432416692376e-05
4.724424798041582e-05
4.536276901490055e-05
6.296134233707562e-05
3.8302365283016115e-05
4.204500874038786e-05
4.7493649617535993e-05
5.8719244407257065e-05
4.722031735582277e-05
3.734198253368959e-05
4.3711497710319236e-05
4.9514979764353484e-05
5.620641240966506e-05
4.657323006540537e-05
4.6165616367943585e-05
4.580174572765827e-05
4.064264794578776e-05
4.7378503950312734e-05
5.1698989409487695e-05
3.885067053488456e-05
4.9444901378592476e-05
5.882361438125372e-05
5.093314393889159e-05
5.2403807785594836e-05
4.2326028051320463e-05
6.264380499487743e-05
3.551684130798094e-05
5.1144437748007476e-05
5.9276215324644e-05
4.02969671995379e-05
6.166169623611495e-05
4.5197200961411e-05
5.081338531454094e-05
4.847807576879859e-05
5.5107229854911566e-05
5.9059413615614176e-05
5.032632179791108e-05
4.591506876749918e-05
4.247926699463278e-05
5.1905652071582153e-05
4.398824603413232e-05
5.9283913287799805e-05
5.324782614479773e-05
5.110907295602374e-05
5.661084287567064e-05
4.419653123477474e-05
4.594982601702213e-05
4.450992855709046e-05
4.555608393275179e-05
4.6889901568647474e-05
6.031905286363326e-05
4.8502322897547856e-05
5.683853305527009e-05
4.515274122240953e-05
5.590789805864915e-05
3.4461238101357594e-05
5.4515781812369823e-05
3.87869804399088e-05
4.70303202746436e-05
5.132533988216892e-05
6.237730849534273e-05
5.2234172471798956e-05
4.553054895950481e-05
4.490267383516766e-05
4.750618609250523e-05
4.352088217274286e-05
6.574494909727946e-05
5.544148007174954e-05
4.372130933916196e-05
4.5325159589992836e-05
3.5434051824267954e-05
4.3941465264651924e-05
5.662875628331676e-05
4.760555748362094e-05
5.8980396715924144e-05
4.3324580474291e-05
6.047145143384114e-05
5.0645903684198856e-05
3.2543317502131686e-05
4.845388684771024e-05
4.7682759031886235e-05
5.678264278685674e-05
5.963337025605142e-05
5.4181095038075e-05
5.333805165719241e-05
5.084354415885173e-05
5.772778968093917e-05
4.604197965818457e-05
5.7061122788582e-05
4.9151203711517155e-05
4.444019577931613e-05
6.022759043844417e-05
4.169167732470669e-05
4.518798232311383e-05
4.246823300491087e-05
4.847773379879072e-05
4.3312109482940286e-05
3.416282561374828e-05
5.6027543905656785e-05
4.664568405132741e-05
5.0051377911586314e-05
4.864304355578497e-05
3.3189757232321426e-05
6.148271495476365e-05
4.2130297515541315e-05
4.8266618250636384e-05
4.234607331454754e-05
7.003762584645301e-05
4.0864397305995226e-05
4.9612346629146487e-05
5.774961391580291e-05
5.0803304475266486e-05
6.176080205477774e-05
6.403386214515194e-05
5.2019357099197805e-05
5.4177224228624254e-05
5.9128877182956785e-05
5.183255052543245e-05
4.7517612983938307e-05
4.670234920922667e-05
4.303716559661552e-05
4.345794877735898e-05
4.370331589598209e-05
4.1565777792129666e-05
5.213089025346562e-05
4.8281941417371854e-05
3.970024408772588e-05
4.449973494047299e-05
4.493651067605242e-05
5.455304199131206e-05
5.0420967454556376e-05
5.27939191670157e-05
4.854676444665529e-05
5.243170744506642e-05
4.293172969482839e-05
5.4928415920585394e-05
5.733173748012632e-05
3.8348036468960345e-05
5.4757318139309064e-05
5.3722233133157715e-05
5.9567581047303975e-05
3.8123413105495274e-05
5.881107790628448e-05
4.529290526988916e-05
4.7366367653012276e-05
5.0992141041206196e-05
5.011627945350483e-05
4.637253368855454e-05
5.335423338692635e-05
4.649216134566814e-05
4.9974223657045513e-05
5.4240044846665114e-05
5.9139409131603315e-05
5.34097634954378e-05
4.359907325124368e-05
4.4818745664088055e-05
3.6322751839179546e-05
3.9954531530383974e-05
4.8021189286373556e-05
6.85216291458346e-05
4.124038969166577e-05
4.7829791583353654e-05
4.228884426993318e-05
4.543726026895456e-05
5.0080059736501426e-05
4.886847818852402e-05
4.061506479047239e-05
5.419584704213776e-05
4.517453271546401e-05
3.9785260014468804e-05
5.422937101684511e-05
4.591900506056845e-05
6.137567106634378e-05
4.329658258939162e-05
5.360833529266529e-05
5.037996015744284e-05
4.2727777326945215e-05
4.270715726306662e-05
4.9441587179899216e-05
4.443040961632505e-05
6.313967605819926e-05
5.2458322898019105e-05
4.261739377398044e-05
4.5534136006608605e-05
4.645994340535253e-05
5.6048895203275606e-05
4.7897352487780154e-05
4.760879528475925e-05
4.014272053609602e-05
5.320893251337111e-05
5.3942480008117855e-05
7.075865869410336e-05
5.013330883230083e-05
5.701492409571074e-05
4.759938383358531e-05
6.0172453231643885e-05
4.746768536278978e-05
5.839415825903416e-05
3.760635809157975e-05
6.228527490748093e-05
5.10912032041233e-05
4.759565126732923e-05
4.442035424290225e-05
4.51970481663011e-05
3.814387309830636e-05
5.062354466645047e-05
4.8876820073928684e-05
4.403854109114036e-05
4.831960177398287e-05
4.548034485196695e-05
4.3769265175797045e-05
5.340216011973098e-05
4.668851033784449e-05
4.335878475103527e-05
5.143951784702949e-05
5.703417264157906e-05
5.489920295076445e-05
4.061188519699499e-05
6.95733615430072e-05
4.631040064850822e-05
4.670522321248427e-05
4.628030728781596e-05
3.65864070772659e-05
4.8961679567582905e-05
4.566642746794969e-05
5.704133945982903e-05
5.325902748154476e-05
4.5438166125677526e-05
4.1568568121874705e-05
4.104409890715033e-05
5.5414900998584926e-05
6.069765004212968e-05
5.5000542488414794e-05
4.58325921499636e-05
5.2133727876935154e-05
6.12013682257384e-05
4.752794484375045e-05
5.018647061660886e-05
5.982844595564529e-05
4.6460867451969534e-05
3.965963696828112e-05
4.9848018534248695e-05
4.326739508542232e-05
5.30391262145713e-05
4.770130180986598e-05
6.486084021162242e-05
3.741613181773573e-05
5.009592496207915e-05
6.104855128796771e-05
5.165229595149867e-05
4.531719605438411e-05
4.206739322398789e-05
5.239805250312202e-05
6.313555059023201e-05
3.958451998187229e-05
3.930574166588485e-05
4.8626126954331994e-05
4.424183862283826e-05
5.0270798965357244e-05
5.870980385225266e-05
5.47591844224371e-05
5.431517638498917e-05
4.4194082875037566e-05
4.468908082344569e-05
5.0466274842619896e-05
4.872262798016891e-05
4.3042316974606365e-05
5.1507937314454466e-05
5.401521411840804e-05
4.8906265874393284e-05
4.7439745685551316e-05
5.436347782961093e-05
4.842580165131949e-05
4.098440331290476e-05
4.2655639845179394e-05
6.510527600767091e-05
4.0752118366071954e-05
5.018335286877118e-05
5.098165274830535e-05
4.17006085626781e-05
4.6046541683608666e-05
5.497759411809966e-05
4.627103771781549e-05
4.886530587100424e-05
3.739369276445359e-05
6.997169111855328e-05
4.755254849442281e-05
3.71777787222527e-05
5.705611329176463e-05
5.751758726546541e-05
5.625195990432985e-05
4.98335539305117e-05
4.953593452228233e-05
5.9519232308957726e-05
4.2324551031924784e-05
5.422620597528294e-05
5.252487608231604e-05
4.456339229363948e-05
4.9405261961510405e-05
3.4774326195474714e-05
5.445385613711551e-05
4.92285325890407e-05
3.161661879858002e-05
4.5705459342570975e-05
6.395892705768347e-05
4.388298839330673e-05
5.0471717258915305e-05
5.661181057803333e-05
4.5364315155893564e-05
3.878643110510893e-05
4.1870174754876643e-05
4.071090370416641e-05
5.7637327699922025e-05
4.737201379612088e-05
4.60130104329437e-05
5.0425071094650775e-05
5.1134207751601934e-05
5.371977749746293e-05
4.4102482206653804e-05
5.329351552063599e-05
4.71562598249875e-05
4.991600144421682e-05
6.914176628924906e-05
5.3204821597319096e-05
4.850600817007944e-05
4.7218363761203364e-05
5.468056770041585e-05
5.4894077038625255e-05
4.648753019864671e-05
4.66372148366645e-05
4.820360481971875e-05
4.591393008013256e-05
4.9370937631465495e-05
5.4388314310926944e-05
5.561979196500033e-05
5.2417319238884374e-05
3.9854094211477786e-05
5.818968566018157e-05
4.6257631765911356e-05
5.019118543714285e-05
5.697124288417399e-05
4.5428547309711576e-05
5.9706744650611654e-05
4.761192758451216e-05
4.4508597056847066e-05
5.444484486361034e-05
4.795712447958067e-05
5.048955063102767e-05
4.3525600631255656e-05
4.1640858398750424e-05
4.106304550077766e-05
5.516281089512631e-05
3.8544138078577816e-05
4.3954736611340195e-05
4.5714041334576905e-05
5.0227303290739655e-05
5.279020842863247e-05
4.4133790652267635e-05
3.442705929046497e-05
4.7522495151497424e-05
6.030243093846366e-05
6.226214463822544e-05
4.462133802007884e-05
5.254284042166546e-05
6.051893069525249e-05
5.3636998927686363e-05
5.2432667871471494e-05
4.6570370614062995e-05
5.280054028844461e-05
3.999813270638697e-05
4.903645458398387e-05
4.608148447005078e-05
5.626555503113195e-05
5.019781747250818e-05
5.0196707888972014e-05
4.3509702663868666e-05
4.907312541035935e-05
4.761327727464959e-05
4.336771962698549e-05
6.0661754105240107e-05
5.164546746527776e-05
4.144106060266495e-05
5.21764850418549e-05
5.278629396343604e-05
6.922616739757359e-05
4.463872392079793e-05
5.099928239360452e-05
4.596178769133985e-05
5.953226354904473e-05
3.982304042438045e-05
4.429359978530556e-05
4.843794522457756e-05
5.1412192988209426e-05
4.709683344117366e-05
5.715419683838263e-05
5.6883996876422316e-05
4.061898653162643e-05
4.35103356721811e-05
3.571344132069498e-05
5.602755845757201e-05
5.9034769947174937e-05
4.199840623186901e-05
3.429808566579595e-05
5.2156428864691406e-05
3.138352622045204e-05
4.273401282262057e-05
5.902580960537307e-05
5.9321755543351173e-05
4.8844856792129576e-05
5.1911003538407385e-05
5.0079008360626176e-05
4.732753222924657e-05
5.6861230405047536e-05
5.631837120745331e-05
5.827652057632804e-05
5.948691250523552e-05
5.528250039787963e-05
4.628608803614043e-05
5.225217682891525e-05
6.046735143172555e-05
4.84335032524541e-05
5.0826936785597354e-05
4.34014800703153e-05
4.552265818347223e-05
4.411208283272572e-05
5.8407906180946156e-05
4.3454165279399604e-05
5.738023901358247e-05
4.8697878810344264e-05
3.9680431655142456e-05
4.938999700243585e-05
4.4722502934746444e-05
5.6654571380931884e-05
4.694781091529876e-05
5.024462006986141e-05
4.3222047679591924e-05
4.9778031097957864e-05
5.3907089750282466e-05
3.999223554274067e-05
5.376194530981593e-05
5.3287756600184366e-05
3.8724683690816164e-05
5.8850826462730765e-05
4.5736705942545086e-05
4.956953489454463e-05
5.8142890338785946e-05
4.10529064538423e-05
3.6386722058523446e-05
5.055134170106612e-05
5.156138649908826e-05
4.6648965508211404e-05
4.797706787940115e-05
3.92872461816296e-05
4.9150941777043045e-05
5.2511397370835766e-05
3.678917346405797e-05
4.459692718228325e-05
5.10240497533232e-05
5.880825119675137e-05
4.868931500823237e-05
4.367050132714212e-05
6.390937051037326e-05
4.5229229726828635e-05
4.3283063860144466e-05
4.640180850401521e-05
4.674186129705049e-05
4.4705215259455144e-05
4.560929664876312e-05
5.001089084544219e-05
5.3982133977115154e-05
5.989492638036609e-05
5.491402407642454e-05
5.529337067855522e-05
4.62261559732724e-05
5.5098800658015534e-05
4.172984336037189e-05
5.01165195601061e-05
4.893145160167478e-05
5.7201752497348934e-05
5.1888426241930574e-05
5.7663222833070904e-05
4.353151234681718e-05
3.6565514164976776e-05
5.429823067970574e-05
5.7647597714094445e-05
5.176305057830177e-05
6.519452290376648e-05
5.8841294958256185e-05
5.426787174656056e-05
4.918807826470584e-05
5.2188304834999144e-05
6.336796650430188e-05
5.3416064474731684e-05
3.524154089973308e-05
5.145800605532713e-05
2.965075327665545e-05
6.32557348581031e-05
4.896581231150776e-05
5.064641300123185e-05
5.187262286199257e-05
4.29086503572762e-05
3.850680514005944e-05
5.679859532392584e-05
3.211381408618763e-05
4.1832907299976796e-05
4.455638918443583e-05
6.497601862065494e-05
4.08569976571016e-05
5.2143583161523566e-05
5.2756673539988697e-05
4.138174335821532e-05
4.727694977191277e-05
4.703013473772444e-05
5.469041207106784e-05
6.108643719926476e-05
5.216072895564139e-05
7.650790212210268e-05
5.210447125136852e-05
5.02190669067204e-05
5.2884453907608986e-05
4.763880860991776e-05
4.989045919501223e-05
5.3568859584629536e-05
5.237724326434545e-05
4.0150422137230635e-05
4.30937870987691e-05
5.201479507377371e-05
3.688406286528334e-05
5.278979733702727e-05
5.672828046954237e-05
6.0791360738221556e-05
4.7676629037596285e-05
5.015568240196444e-05
4.360300226835534e-05
5.199179577175528e-05
5.360163049772382e-05
4.674226511269808e-05
5.300838529365137e-05
4.166186408838257e-05
4.7660716518294066e-05
4.62630923721008e-05
3.940779424738139e-05
4.15336326113902e-05
4.287129922886379e-05
4.655056545743719e-05
5.342749136616476e-05
4.7919893404468894e-05
4.470644853427075e-05
5.166254777577706e-05
5.536059325095266e-05
4.387031003716402e-05
5.113901715958491e-05
4.491858271649107e-05
5.385336771723814e-05
5.60094958927948e-05
4.881764471065253e-05
4.731558874482289e-05
5.315997623256408e-05
4.63077740278095e-05
5.143999442225322e-05
3.24146676575765e-05
4.589222226059064e-05
4.242355134920217e-05
5.231691466178745e-05
4.038005863549188e-05
5.1643572078319266e-05
5.213494296185672e-05
4.907245602225885e-05
4.563255060929805e-05
5.132894148118794e-05
3.8556438084924594e-05
5.2413452067412436e-05
4.6433822717517614e-05
5.618881550617516e-05
5.09568490087986e-05
5.306540697347373e-05
5.35754588781856e-05
4.5829037844669074e-05
4.7783156333025545e-05
4.7104716941248626e-05
7.33600027160719e-05
4.9688431317918e-05
5.544841042137705e-05
3.9406171708833426e-05
4.8305631935363635e-05
4.7215798986144364e-05
5.613368557533249e-05
5.5227603297680616e-05
5.8706209529191256e-05
5.1233451813459396e-05
4.7920904762577266e-05
3.882484816131182e-05
3.776999801630154e-05
4.973133763996884e-05
6.779242539778352e-05
4.256091051502153e-05
3.923214171663858e-05
4.803751653525978e-05
4.99048619531095e-05
5.2913663239451125e-05
6.580533954547718e-05
4.9611633585300297e-05
4.93504194309935e-05
4.634322613128461e-05
4.651757990359329e-05
5.316487659001723e-05
4.6719829697394744e-05
5.279125616652891e-05
5.7831617596093565e-05
5.0682443543337286e-05
4.623787754098885e-05
5.001593308406882e-05
3.4814314858522266e-05
4.9148125981446356e-05
5.7179386203642935e-05
5.603904719464481e-05
5.1436905778246e-05
3.879384166793898e-05
4.576618084684014e-05
4.91014143335633e-05
3.825831663561985e-05
4.651947529055178e-05
6.188038241816685e-05
4.492748121265322e-05
4.177878508926369e-05
5.930383485974744e-05
5.5678792705293745e-05
4.210194310871884e-05
5.3292773372959346e-05
5.8825207815971226e-05
4.417008312884718e-05
4.921293293591589e-05
4.6048407966736704e-05
6.084388223825954e-05
5.121135836816393e-05
4.769798761117272e-05
6.389357440639287e-05
5.4165277106221765e-05
2.834605948009994e-05
4.073735908605158e-05
4.4881191570311785e-05
6.60524528939277e-05
4.270323915989138e-05
5.0852380809374154e-05
5.097492248751223e-05
3.8137870433274657e-05
5.5970289395190775e-05
4.521578739513643e-05
6.075383862480521e-05
6.484609184553847e-05
4.980943413102068e-05
4.2552012018859386e-05
5.059138129581697e-05
6.507073703687638e-05
5.298498581396416e-05
2.7556678105611354e-05
4.869527765549719e-05
4.643519059754908e-05
4.850740515394136e-05
4.7475423343712464e-05
4.262235597707331e-05
4.942786836181767e-05
4.241818533046171e-05
4.6087770897429436e-05
4.920023638987914e-05
4.6691056923009455e-05
5.8254758187104017e-05
6.176199531182647e-05
4.205630102660507e-05
4.7022509534144774e-05
6.787956954212859e-05
5.494323340826668e-05
4.7170913603622466e-05
5.197868085815571e-05
3.947232835344039e-05
5.9969934227410704e-05
5.01804388477467e-05
5.070947372587398e-05
4.886044916929677e-05
5.5021104344632477e-05
5.20706016686745e-05
3.974645369453356e-05
4.5155713451094925e-05
5.747938121203333e-05
3.576832386897877e-05
4.19394054915756e-05
6.589764961972833e-05
4.1331510146846995e-05
4.6465731429634616e-05
5.446537761599757e-05
4.594696656567976e-05
4.8788730055093765e-05
4.931526200380176e-05
4.730746150016785e-05
3.890765947289765e-05
4.5811098971171305e-05
5.418642467702739e-05
5.062293348601088e-05
4.9585414672037587e-05
5.2605428209062666e-05
5.5453856475651264e-05
4.874041042057797e-05
5.678714660461992e-05
5.065329605713487e-05
5.4333184380084276e-05
3.8188245525816455e-05
4.597613587975502e-05
4.4813605200033635e-05
5.450901880976744e-05
4.262226138962433e-05
5.1270006224513054e-05
5.566646359511651e-05
5.329170744516887e-05
4.879235348198563e-05
5.138426786288619e-05
3.917411595466547e-05
3.878752249875106e-05
3.8634956581518054e-05
4.7352397814393044e-05
5.212376709096134e-05
4.7376139264088124e-05
5.00563473906368e-05
5.372590749175288e-05
6.296749779721722e-05
5.3394636779557914e-05
4.4757391151506454e-05
4.305107722757384e-05
5.2935705753043294e-05
4.897233156953007e-05
4.1254992538597435e-05
4.996965799364261e-05
6.12209114478901e-05
5.794194294139743e-05
4.899877239950001e-05
5.1605969929369166e-05
4.2010287870652974e-05
5.009488086216152e-05
5.414182669483125e-05
4.80547096231021e-05
5.86941241635941e-05
5.084095027996227e-05
3.728926458279602e-05
5.5240663641598076e-05
4.408299719216302e-05
4.488082049647346e-05
4.5243239583214745e-05
5.281774792820215e-05
3.9873259083833545e-05
3.625329554779455e-05
5.7047516747843474e-05
4.569569864543155e-05
5.2619026973843575e-05
5.130403587827459e-05
3.843234298983589e-05
4.641686609829776e-05
5.4341078794095665e-05
5.843184408149682e-05
5.716509622288868e-05
5.332546788849868e-05
4.260944842826575e-05
4.577816798700951e-05
4.738078860100359e-05
5.434736522147432e-05
6.133844726718962e-05
4.878460458712652e-05
4.551057645585388e-05
5.987278200336732e-05
4.989129229215905e-05
6.987858796492219e-05
5.3358071454567835e-05
4.151862231083214e-05
5.197012796998024e-05
5.362171941669658e-05
4.7754700062796474e-05
4.6322853449964896e-05
4.817343142349273e-05
5.661643808707595e-05
4.7339861339423805e-05
5.24627321283333e-05
5.7648285292088985e-05
4.415599687490612e-05
4.328356226324104e-05
4.7958081268006936e-05
3.502082108752802e-05
5.239537131274119e-05
4.6847344492562115e-05
5.451795368571766e-05
4.7684861783636734e-05
4.352738324087113e-05
3.536770964274183e-05
4.897852340945974e-05
3.789930633502081e-05
4.804975469596684e-05
5.1070084737148136e-05
5.465188587550074e-05
5.535496529773809e-05
4.4800821342505515e-05
5.473670535138808e-05
4.978966899216175e-05
5.561168654821813e-05
4.990669185644947e-05
6.104685598984361e-05
4.9430957005824894e-05
3.3363521652063355e-05
4.490230276132934e-05
4.734952381113544e-05
4.769912993651815e-05
4.822907067136839e-05
4.43321987404488e-05
5.808750574942678e-05
5.4968968470348045e-05
4.366600114735775e-05
5.3020965424366295e-05
4.072500814800151e-05
5.0507303967606276e-05
5.747915565734729e-05
5.233950287220068e-05
4.875534796155989e-05
5.231095201452263e-05
4.733894456876442e-05
5.1675633585546166e-05
5.1412669563433155e-05
4.032430297229439e-05
3.780945553444326e-05
5.341583164408803e-05
4.770340456161648e-05
5.284768485580571e-05
5.277941454551183e-05
5.113878796692006e-05
4.536771302809939e-05
5.4063391871750355e-05
5.747531758970581e-05
4.14413952967152e-05
5.219550439505838e-05
4.5176653657108545e-05
5.440609675133601e-05
6.81401725159958e-05
4.5053766370983794e-05
5.229748785495758e-05
4.734024696517736e-05
5.111653808853589e-05
4.354660995886661e-05
4.870341217610985e-05
4.5135049731470644e-05
4.57308633485809e-05
4.853576683672145e-05
4.2541782022453845e-05
3.658318746602163e-05
4.8635869461577386e-05
4.1657280235085636e-05
5.382493691286072e-05
4.8450259782839566e-05
4.663109575631097e-05
4.163786434219219e-05
3.407467374927364e-05
5.357726331567392e-05
5.294061702443287e-05
3.9159243897302076e-05
4.7369871026603505e-05
4.2946499888785183e-05
4.01198813051451e-05
5.0610331527423114e-05
4.367810470284894e-05
4.997430005460046e-05
4.3419000576250255e-05
6.299438246060163e-05
5.1159000577172264e-05
5.209192386246286e-05
4.4566564611159265e-05
4.828380770049989e-05
5.4706481023458764e-05
5.345697354641743e-05
4.457582690520212e-05
4.845180228585377e-05
4.376265133032575e-05
4.748173159896396e-05
4.6875778934918344e-05
5.219517333898693e-05
5.416517524281517e-05
4.786851059179753e-05
3.8454862078651786e-05
5.954518564976752e-05
6.246635894058272e-05
4.9936857976717874e-05
6.557420419994742e-05
4.383146369946189e-05
4.961976082995534e-05
5.401999078458175e-05
5.5043783504515886e-05
5.1276096201036125e-05
6.336632941383868e-05
4.030846321256831e-05
5.2525319915730506e-05
6.597296305699274e-05
5.239278107183054e-05
5.602059536613524e-05
4.9427992053097114e-05
5.445211718324572e-05
4.265823008609004e-05
3.809359623119235e-05
4.3910680687986314e-05
5.442160545499064e-05
4.234700827510096e-05
4.118463402846828e-05
6.084908090997487e-05
5.426962161436677e-05
5.987368058413267e-05
4.8211739340331405e-05
4.9072536057792604e-05
4.0331891796085984e-05
4.940597136737779e-05
4.794513006345369e-05
4.666621680371463e-05
4.719877688330598e-05
5.390173100749962e-05
4.3762836867244914e-05
3.858651689370163e-05
6.294878403423354e-05
4.3279789679218084e-05
4.756575799547136e-05
4.5809734729118645e-05
4.9445101467426866e-05
5.474269710248336e-05
4.7537731006741524e-05
4.889669799013063e-05
6.640044011874124e-05
4.9536269216332585e-05
5.765483365394175e-05
5.665900243911892e-05
5.7169439969584346e-05
4.7295216063503176e-05
4.193423956166953e-05
4.612970951711759e-05
5.045427678851411e-05
6.90883316565305e-05
4.364673441159539e-05
4.1326195059809834e-05
4.8689769755583256e-05
5.1447394071146846e-05
4.817852459382266e-05
6.197701441124082e-05
5.210916424402967e-05
3.935890708817169e-05
4.621370317181572e-05
3.991286939708516e-05
5.0258939154446125e-05
5.131952275405638e-05
5.2310355385998264e-05
4.4277530832914636e-05
4.493966480367817e-05
5.421339301392436e-05
5.0361573812551796e-05
5.654287087963894e-05
5.285369115881622e-05
4.301745138945989e-05
5.971637801849283e-05
5.511621930054389e-05
5.244739804766141e-05
5.2582014177460223e-05
4.9018020945368335e-05
3.583441866794601e-05
5.179232175578363e-05
5.169953510630876e-05
5.6654520449228585e-05
4.548110155155882e-05
6.188439147081226e-05
4.823312337975949e-05
5.018206138629466e-05
5.9174533816985786e-05
4.308938514441252e-05
5.9512254665605724e-05
4.2118750570807606e-05
4.693228402175009e-05
4.527760756900534e-05
3.88519765692763e-05
4.420494587975554e-05
5.077516834717244e-05
4.5882061385782436e-05
5.058251554146409e-05
5.7279470638604835e-05
4.7873694711597636e-05
4.405494837556034e-05
4.9098103772848845e-05
4.73709442303516e-05
5.0567148718982935e-05
4.155347414780408e-05
5.458416126202792e-05
5.54654179723002e-05
4.097323107998818e-05
5.3158764785621315e-05
5.123782466398552e-05
4.193712811684236e-05
4.342036845628172e-05
5.6535332987550646e-05
4.606635047821328e-05
4.7357789298985153e-05
4.603590787155554e-05
4.7244655434042215e-05
4.39294999523554e-05
4.185634315945208e-05
4.7648332838434726e-05
3.8928243156988174e-05
5.541671998798847e-05
4.621294647222385e-05
5.06581345689483e-05
5.743485235143453e-05
4.097833880223334e-05
5.395118932938203e-05
5.480800609802827e-05
5.029575549997389e-05
4.5745138777419925e-05
6.0024558479199186e-05
5.632986722048372e-05
4.925471876049414e-05
4.882468783762306e-05
5.4096592066343874e-05
4.740463919006288e-05
4.422509664436802e-05
3.7770194467157125e-05
4.687429463956505e-05
4.63889300590381e-05
6.356338417390361e-05
5.4583979363087565e-05
4.353356052888557e-05
6.795664376113564e-05
4.0095095755532384e-05
3.4503718779888004e-05
4.8913258069660515e-05
5.3955664043314755e-05
4.931267540086992e-05
4.779886512551457e-05
4.946473200106993e-05
4.404255378176458e-05
4.898059705737978e-05
6.105673674028367e-05
6.051706077414565e-05
4.2544234020169824e-05
5.1570095820352435e-05
5.506104207597673e-05
5.120268542668782e-05
4.651349445339292e-05
6.12594885751605e-05
5.711527046514675e-05
3.994394501205534e-05
4.1091123421210796e-05
4.743737372336909e-05
4.253984661772847e-05
5.4658230510540307e-05
4.3649066356010735e-05
6.56600168440491e-05
4.905654350295663e-05
4.283425732864998e-05
4.537552740657702e-05
4.871773489867337e-05
5.783542655990459e-05
4.982309474144131e-05
5.5220687499968335e-05
4.1377294110134244e-05
5.638611764879897e-05
6.638173363171518e-05
4.690147397923283e-05
5.15458123118151e-05
4.326638736529276e-05
3.635726170614362e-05
4.848060052609071e-05
4.289932985557243e-05
4.1984731069533154e-05
5.581320510827936e-05
4.393979179440066e-05
4.715332033811137e-05
4.3414511310402304e-05
5.087651152280159e-05
5.151669029146433e-05
5.8480683946982026e-05
5.043932833359577e-05
4.354990232968703e-05
6.38725032331422e-05
5.052622509538196e-05
5.6731063523329794e-05
6.521076284116134e-05
4.553244434646331e-05
4.0518425521440804e-05
6.154923903523013e-05
4.519682261161506e-05
4.258185799699277e-05
4.314973921282217e-05
5.742131907027215e-05
4.886336319032125e-05
4.4058622734155506e-05
3.871594526572153e-05
4.408198583405465e-05
5.15959327458404e-05
4.315511614549905e-05
4.978982906322926e-05
4.68228172394447e-05
5.660728857037611e-05
6.053879042156041e-05
3.781279519898817e-05
4.313781391829252e-05
4.7390698455274105e-05
5.537860852200538e-05
4.2066152673214674e-05
5.029661406297237e-05
5.008944935980253e-05
5.570989378611557e-05
5.1885846914956346e-05
4.420167169882916e-05
4.020920459879562e-05
5.214261182118207e-05
5.083602081867866e-05
4.980520316166803e-05
5.398463690653443e-05
5.0394599384162575e-05
6.054600817151368e-05
6.306657451204956e-05
3.2895448384806514e-05
4.4150452595204115e-05
3.938490408472717e-05
4.810570681001991e-05
5.17605512868613e-05
4.735752736451104e-05
4.7780653403606266e-05
3.9412603655364364e-05
3.210504655726254e-05
5.5860560678411275e-05
5.252150367596187e-05
6.296093488344923e-05
4.820535468752496e-05
3.9616814319742844e-05
4.2913448851322755e-05
3.97051298932638e-05
4.3101623305119574e-05
4.819821333512664e-05
6.353623030008748e-05
6.115208816481754e-05
4.65532903035637e-05
4.881030326941982e-05
5.7945275329984725e-05
4.4316871935734525e-05
5.3578842198476195e-05
4.749182699015364e-05
4.7724803152959794e-05
5.184078690945171e-05
5.6287866755155846e-05
6.351827323669568e-05
5.314702866598964e-05
5.8618097682483494e-05
3.970287798438221e-05
4.308177449274808e-05
3.56868767994456e-05
4.389919195091352e-05
5.682577466359362e-05
3.364298754604533e-05
5.340106872608885e-05
5.5278516811085865e-05
4.556828935164958e-05
4.483562952373177e-05
4.4731357775162905e-05
5.419308945420198e-05
4.024634472443722e-05
4.705198443843983e-05
5.6139324442483485e-05
4.098301724297926e-05
4.458369221538305e-05
4.520951915765181e-05
5.076541128801182e-05
4.518344940152019e-05
7.152286707423627e-05
4.330317096901126e-05
5.373474778025411e-05
4.487144906306639e-05
4.720339347841218e-05
4.829714453080669e-05
7.21402611816302e-05
4.583976260619238e-05
4.472181899473071e-05
4.679053745348938e-05
3.775734148803167e-05
4.984642509953119e-05
4.34498033428099e-05
5.395541666075587e-05
5.339075141819194e-05
4.99367670272477e-05
5.252640403341502e-05
5.734945443691686e-05
5.6136796047212556e-05
5.5735996284056455e-05
5.1620671001728624e-05
4.5345765101956204e-05
4.9586466047912836e-05
5.615868576569483e-05
5.6075841712299734e-05
4.232155333738774e-05
5.342346412362531e-05
5.5914388212841004e-05
5.5851691286079586e-05
4.349683877080679e-05
4.739643554785289e-05
5.9623707784339786e-05
5.368348865886219e-05
4.034389348817058e-05
4.4285137846600264e-05
3.693866528919898e-05
5.4231139074545354e-05
5.548279295908287e-05
4.578788502840325e-05
5.9409754612715915e-05
5.509920447366312e-05
4.4619740947382525e-05
4.449654807103798e-05
4.607135633705184e-05
5.884909478481859e-05
4.0479557355865836e-05
3.929834201699123e-05
6.492568354588002e-05
4.9749698519008234e-05
4.735579204862006e-05
4.100878140889108e-05
4.273259764886461e-05
5.21946931257844e-05
5.192848402657546e-05
4.4723466999130324e-05
5.073293505120091e-05
5.3416901209857315e-05
3.987452510045841e-05
5.9437312302179635e-05
5.492093987413682e-05
4.552002064883709e-05
3.918499714927748e-05
4.6615590690635145e-05
5.89158917136956e-05
4.7785608330741525e-05
4.7966714191716164e-05
5.660781971528195e-05
5.499488179339096e-05
3.7429861549753696e-05
4.653296127798967e-05
4.58342328784056e-05
4.917585465591401e-05
4.2898813262581825e-05
5.1217168220318854e-05
5.8496472775004804e-05
5.552700167754665e-05
5.315225280355662e-05
4.7031142457854e-05
6.650148134212941e-05
4.8240959586109966e-05
5.773170050815679e-05
6.009353819536045e-05
4.063899541506544e-05
5.022823461331427e-05
5.577647971222177e-05
5.5562621128046885e-05
5.630323721561581e-05
4.218026515445672e-05
4.522223025560379e-05
5.762189903180115e-05
5.005025741411373e-05
4.8949834308587015e-05
3.9442649722332135e-05
5.433123806142248e-05
5.046675505582243e-05
4.672240902436897e-05
4.937051926390268e-05
4.3553121940931305e-05
5.274810246191919e-05
5.368258644011803e-05
4.240815178491175e-05
5.5794800573494285e-05
5.1138347771484405e-05
6.339369429042563e-05
5.7695757277542725e-05
4.3444808397907764e-05
5.985467942082323e-05
4.583029658533633e-05
5.8834790252149105e-05
4.128181899432093e-05
4.7823308705119416e-05
5.496672383742407e-05
4.635107688955031e-05
5.443352347356267e-05
5.5634511227253824e-05
4.3365736928535625e-05
4.719854405266233e-05
4.372050170786679e-05
3.8704893086105585e-05
4.663191066356376e-05
4.216543311486021e-05
5.100918497191742e-05
4.473487933864817e-05
4.746657214127481e-05
4.51518026238773e-05
4.671727947425097e-05
4.710943903774023e-05
4.37187118222937e-05
4.8844456614460796e-05
4.381592952995561e-05
4.24840472987853e-05
4.9962225602939725e-05
6.056941856513731e-05
3.682241731439717e-05
5.674804197042249e-05
6.868111086077988e-05
5.03296687384136e-05
5.413776671048254e-05
6.719267548760399e-05
4.835314757656306e-05
5.405141564551741e-05
4.9277896323474124e-05
5.378604691941291e-05
3.320743780932389e-05
4.651897688745521e-05
5.0538714276626706e-05
5.804069951409474e-05
6.162527279229835e-05
5.524339940166101e-05
5.1684990467038006e-05
4.184697900200263e-05
4.4692769733956084e-05
4.896774044027552e-05
4.603934212354943e-05
4.217915557092056e-05
5.42876441613771e-05
5.740399501519278e-05
4.290642391424626e-05
4.3326548620825633e-05
4.034719677292742e-05
5.298806354403496e-05
4.259308843757026e-05
5.247651643003337e-05
3.980782275903039e-05
5.391759259509854e-05
5.039532697992399e-05
4.269705095794052e-05
3.85557759727817e-05
5.9193709603277966e-05
4.304640970076434e-05
4.789606464328244e-05
4.733343666885048e-05
4.98265253554564e-05
6.192407454364002e-05
3.729212039615959e-05
4.5344473619479686e-05
6.037563434801996e-05
4.031085700262338e-05
5.138648339197971e-05
5.76807142351754e-05
4.188071034150198e-05
5.142974987393245e-05
4.041111242258921e-05
3.470945739536546e-05
3.2037693017628044e-05
4.9123984354082495e-05
4.720633296528831e-05
4.330967931309715e-05
5.732393401558511e-05
4.918519698549062e-05
4.202450145385228e-05
4.619844548869878e-05
5.258324381429702e-05
5.009285086998716e-05
5.919599061599001e-05
4.996879579266533e-05
3.382816430530511e-05
5.341106589185074e-05
4.157147486694157e-05
5.1608898502308875e-05
4.765513222082518e-05
4.844060822506435e-05
4.839435496251099e-05
3.899391595041379e-05
6.158951873658225e-05
4.041803549625911e-05
4.4006235839333385e-05
5.278761454974301e-05
6.832343206042424e-05
4.261423600837588e-05
4.783520853379741e-05
3.848760388791561e-05
5.1758081099251285e-05
5.132798105478287e-05
5.03542396472767e-05
4.918399645248428e-05
6.646133260801435e-05
4.259057459421456e-05
4.801702743861824e-05
4.956363409291953e-05
5.35295985173434e-05
4.820534377358854e-05
5.796379628009163e-05
5.2798844990320504e-05
5.5238037020899355e-05
7.048488623695448e-05
5.9574562328634784e-05
4.8424204578623176e-05
4.842730413656682e-05
4.993279435439035e-05
5.539130506804213e-05
4.041103966301307e-05
4.559178341878578e-05
5.960842827335e-05
5.755895108450204e-05
4.99882225994952e-05
4.231195634929463e-05
5.154999962542206e-05
5.705928924726322e-05
5.5590040574315935e-05
5.323546429281123e-05
4.762402386404574e-05
5.022042023483664e-05
5.05224488733802e-05
6.238848436623812e-05
4.1244398744311184e-05
4.8356054321629927e-05
4.2794112232513726e-05
4.18641502619721e-05
5.497851088875905e-05
4.669186819228344e-05
4.8011068429332227e-05
4.7193771024467424e-05
5.2153758588247e-05
5.20847097504884e-05
4.618883031071164e-05
4.712752706836909e-05
4.813373016077094e-05
4.77224966743961e-05
5.223348125582561e-05
5.0801791076082736e-05
4.6741530240979046e-05
4.2274390580132604e-05
5.708371099899523e-05
3.731942342710681e-05
4.94042833452113e-05
5.1062041166005656e-05
4.895748134003952e-05
3.813414150499739e-05
4.78222755191382e-05
6.705400301143527e-05
5.8520876336842775e-05
5.348954437067732e-05
4.89352059958037e-05
4.558082218864001e-05
5.020324169890955e-05
4.3544961954467e-05
4.779715891345404e-05
4.199334216536954e-05
4.739829455502331e-05
4.386365253594704e-05
3.6824189010076225e-05
5.0018301408272237e-05
6.26221954007633e-05
4.184991485089995e-05
6.134834256954491e-05
6.226313416846097e-05
5.184067413210869e-05
4.029744741274044e-05
4.20059404859785e-05
5.746578972321004e-05
5.062959098722786e-05
4.9694383051246405e-05
5.341651558410376e-05
4.582368637784384e-05
5.803012754768133e-05
3.747257142094895e-05
4.8609814257360995e-05
6.082248728489503e-05
4.601109685609117e-05
4.32737433584407e-05
5.284424696583301e-05
4.5271834096638486e-05
4.079991776961833e-05
5.660297756548971e-05
4.586112845572643e-05
5.693756611435674e-05
5.1829822041327134e-05
5.168696225155145e-05
5.339091148925945e-05
4.861957859247923e-05
5.782785592600703e-05
3.648201527539641e-05
4.183892087894492e-05
5.188345312490128e-05
5.11347025167197e-05
4.491802246775478e-05
4.6943765482865274e-05
5.234119817032479e-05
6.027935887686908e-05
5.8806806919164956e-05
5.802691157441586e-05
3.87933905585669e-05
4.4885207898914814e-05
5.4436008213087916e-05
4.554203769657761e-05
4.927864938508719e-05
4.727671330329031e-05
3.414346429053694e-05
4.451295899343677e-05
4.776991409016773e-05
3.37392084475141e-05
4.8062458517961204e-05
4.4299507862888277e-05
4.5670298277400434e-05
5.371255974750966e-05
4.5288157707545906e-05
5.1470873586367816e-05
5.8297304349252954e-05
4.064254608238116e-05
4.675803938880563e-05
4.000576518592425e-05
4.225230441079475e-05
4.4032705773133785e-05
5.340544885257259e-05
4.393693234305829e-05
5.183196844882332e-05
4.540779264061712e-05
4.588402225635946e-05
5.591227818513289e-05
3.900514275301248e-05
5.784638415207155e-05
3.6688878026325256e-05
5.9060352214146405e-05
5.793949821963906e-05
5.111491191200912e-05
4.655187876778655e-05
5.311087807058357e-05
4.5079948904458433e-05
3.9253875002032146e-05
5.082293864688836e-05
5.2965602662879974e-05
5.78425606363453e-05
4.1872874135151505e-05
6.33520758128725e-05
5.254358984529972e-05
6.085568020353094e-05
4.601788896252401e-05
5.900995893171057e-05
5.67386086913757e-05
4.54237379017286e-05
5.376098852138966e-05
4.983633698429912e-05
6.336173100862652e-05
4.4210311898496e-05
4.5111570216249675e-05
5.1113165682181716e-05
5.668797894031741e-05
5.334006709745154e-05
4.416869342094287e-05
4.2540606955299154e-05
6.457849667640403e-05
4.4959910155739635e-05
4.7619148972444236e-05
4.9074100388679653e-05
4.827865632250905e-05
5.4253214329946786e-05
4.54560577054508e-05
5.143934686202556e-05
5.3726034821011126e-05
5.54252001165878e-05
4.607255323207937e-05
4.990095840184949e-05
5.054986468167044e-05
3.994914368377067e-05
6.482583557954058e-05
4.650934715755284e-05
4.035835445392877e-05
3.939509406336583e-05
4.4163887650938705e-05
5.7284374634036794e-05
4.2710642446763813e-05
5.582244193647057e-05
5.9414396673673764e-05
5.928592145210132e-05
6.203693919815123e-05
4.9891285016201437e-05
4.59104630863294e-05
3.561525954864919e-05
5.200895975576714e-05
3.78090662707109e-05
5.4711370466975495e-05
5.147108458913863e-05
4.87490433442872e-05
5.167120252735913e-05
5.018230149289593e-05
4.13840934925247e-05
3.274478513048962e-05
5.898635936318897e-05
4.187392914900556e-05
6.39031786704436e-05
5.2161747589707375e-05
5.148686614120379e-05
4.8636808060109615e-05
5.068332757218741e-05
5.093206709716469e-05
3.957014996558428e-05
5.312543362379074e-05
4.5243188651511446e-05
4.547803109744564e-05
5.349815546651371e-05
4.4179687392897904e-05
5.9735124523285776e-05
4.2127081542275846e-05
5.837565549882129e-05
5.568999040406197e-05
4.778043512487784e-05
5.332111322786659e-05
4.6413268137257546e-05
5.511610652320087e-05
5.502259955392219e-05
5.797059566248208e-05
4.98325280204881e-05
4.774143599206582e-05
4.009700569440611e-05
4.8400564992334694e-05
3.7384303141152486e-05
4.721998266177252e-05
5.153431266080588e-05
5.1104274461977184e-05
5.310911365086213e-05
4.6929915697546676e-05
4.32888773502782e-05
6.224891694728285e-05
4.689069464802742e-05
4.315713158575818e-05
3.320356336189434e-05
5.805590990348719e-05
4.473138687899336e-05
5.014361158828251e-05
3.915738489013165e-05
5.085586599307135e-05
5.379391222959384e-05
6.003427552059293e-05
5.921134288655594e-05
5.797210178570822e-05
4.6609937271568924e-05
4.4854696170659736e-05
4.80313174193725e-05
4.4426102249417454e-05
5.2195871830917895e-05
4.0397724660579115e-05
5.589655847870745e-05
5.1351249567233026e-05
4.518937930697575e-05
5.3679941629525274e-05
4.5007720473222435e-05
4.14507303503342e-05
5.3840281907469034e-05
5.1208371587563306e-05
4.0639599319547415e-05
4.970815280103125e-05
4.8202782636508346e-05
4.7423196519957855e-05
6.452472734963521e-05
5.20178655278869e-05
4.797126166522503e-05
4.9434682296123356e-05
4.9535829020896927e-05
6.390201451722533e-05
4.1174007492372766e-05
5.31527039129287e-05
4.654743679566309e-05
5.2027375204488635e-05
4.977419303031638e-05
4.829780664294958e-05
5.4947966418694705e-05
4.7805660869926214e-05
6.149199907667935e-05
4.7835070290602744e-05
3.4298580430913717e-05
4.998123040422797e-05
4.6491801185766235e-05
4.3779949919553474e-05
5.197797509026714e-05
5.188798240851611e-05
4.725664257421158e-05
5.120994683238678e-05
5.572739610215649e-05
4.763479228131473e-05
3.844618913717568e-05
4.469814302865416e-05
4.522861127043143e-05
5.308097388478927e-05
5.294098082231358e-05
3.397856198716909e-05
4.9678597861202434e-05
5.545846215682104e-05
4.6789165935479105e-05
4.501712101045996e-05
5.1989049097755924e-05
4.5618096919497475e-05
4.895491656498052e-05
4.7590892791049555e-05
4.680771962739527e-05
5.428916119853966e-05
5.109126868774183e-05
5.727809912059456e-05
4.9860977014759555e-05
4.949824869981967e-05
5.2656003390438855e-05
4.519307549344376e-05
4.701394209405407e-05
4.8515521484659985e-05
4.6077500883257017e-05
4.0150694985641167e-05
3.934806591132656e-05
5.1461393013596535e-05
4.8722184146754444e-05
5.650685488944873e-05
6.13458760199137e-05
5.281723861116916e-05
4.049162089359015e-05
4.114653711440042e-05
4.839575558435172e-05
5.743708607042208e-05
4.33470522693824e-05
5.357020199880935e-05
5.2833755034953356e-05
5.101002534502186e-05
5.565700848819688e-05
6.463124009314924e-05
3.938918962376192e-05
5.720537228626199e-05
5.0124192057410255e-05
6.227157427929342e-05
5.6953584135044366e-05
2.6373596483608708e-05
4.526359407464042e-05
5.883157791686244e-05
5.8278514188714325e-05
6.615478196181357e-05
4.894763696938753e-05
6.771805055905133e-05
4.8034336941782385e-05
6.062292231945321e-05
4.5657576265512034e-05
6.421338184736669e-05
3.638410271378234e-05
4.836652078665793e-05
3.9892296626931056e-05
4.403384809847921e-05
4.662130231736228e-05
4.353619442554191e-05
4.6321765694301575e-05
4.641439227270894e-05
4.615530633600429e-05
3.335598739795387e-05
3.79761477233842e-05
4.176660149823874e-05
4.363839980214834e-05
4.195420478936285e-05
4.2641127947717905e-05
5.108652840135619e-05
4.970523514202796e-05
4.799292946700007e-05
3.939474845537916e-05
4.7321824240498245e-05
5.3979754738975316e-05
4.9868285714183e-05
4.458360490389168e-05
4.5636748836841434e-05
3.7843048630747944e-05
4.8019537643995136e-05
3.752150951186195e-05
4.1491552110528573e-05
5.857655924046412e-05
5.51637276657857e-05
5.309534753905609e-05
4.65935590909794e-05
5.2099941967753693e-05
4.924732638755813e-05
6.063621913199313e-05
5.520916238310747e-05
5.949060869170353e-05
3.5316479625180364e-05
5.100528505863622e-05
5.54664948140271e-05
6.649822898907587e-05
6.214602763066068e-05
4.932974115945399e-05
5.341933137970045e-05
4.165324935456738e-05
4.2356623453088105e-05
4.088234345545061e-05
4.586997238220647e-05
5.323429650161415e-05
4.987153079127893e-05
5.28873351868242e-05
5.165042239241302e-05
5.307685933075845e-05
4.2845051211770624e-05
4.5641165343113244e-05
5.612823588307947e-05
5.479890023707412e-05
5.2873296226607636e-05
5.0536575145088136e-05
5.848263390362263e-05
5.005171260563657e-05
4.8521302232984453e-05
5.545160092879087e-05
5.50336335436441e-05
4.8739420890342444e-05
4.8113157390616834e-05
4.814576095668599e-05
3.801868297159672e-05
4.8662150220479816e-05
3.9248585380846635e-05
5.18020533490926e-05
4.8469424655195326e-05
4.2453641071915627e-05
5.5549462558701634e-05
4.484977398533374e-05
4.747347702505067e-05
5.402816896094009e-05
4.106592677999288e-05
5.047683589509688e-05
6.374783697538078e-05
4.368391091702506e-05
4.158004594501108e-05
5.0640526751521975e-05
5.341882206266746e-05
5.522249921341427e-05
4.515057662501931e-05
5.041493568569422e-05
4.715013346867636e-05
4.308959250920452e-05
4.520316724665463e-05
5.669664096785709e-05
5.758456973126158e-05
5.2938281442038715e-05
5.001087993150577e-05
4.750953667098656e-05
5.7579636631999165e-05
4.53182146884501e-05
4.977268690709025e-05
5.405205592978746e-05
5.237176810624078e-05
5.9024812799179927e-05
4.3715139327105135e-05
5.540233541978523e-05
3.7146433896850795e-05
4.8660702304914594e-05
6.596924504265189e-05
4.325294867157936e-05
4.0100872865878046e-05
4.4726279156748205e-05
5.068361497251317e-05
5.2805509767495096e-05
4.569414886645973e-05
6.14308737567626e-05
4.295294274925254e-05
5.130798672325909e-05
4.825738869840279e-05
3.773201024159789e-05
5.434411650639959e-05
6.645255780313164e-05
5.264733772492036e-05
5.632782995235175e-05
3.573472713469528e-05
4.04456804972142e-05
4.8811583837959915e-05
5.7367920817341655e-05
5.477332160808146e-05
4.7004243242554367e-05
5.265727304504253e-05
4.448644904186949e-05
4.617150261765346e-05
3.156760067213327e-05
4.59175935247913e-05
4.657316458178684e-05
5.461009277496487e-05
5.4481693950947374e-05
3.882972305291332e-05
5.50631812075153e-05
6.269564619287848e-05
3.930864841095172e-05
4.809132224181667e-05
5.745941962231882e-05
5.558336852118373e-05
5.563341255765408e-05
4.207790334476158e-05
4.861214983975515e-05
5.082059578853659e-05
5.5879238061606884e-05
5.0583374104462564e-05
4.8290632548741996e-05
4.993734182789922e-05
5.659459202433936e-05
3.928085061488673e-05
4.45565274276305e-05
5.486850568559021e-05
5.63643807254266e-05
3.806065797107294e-05
6.33203744655475e-05
4.632916898117401e-05
5.263965067570098e-05
4.046048707095906e-05
4.49939034297131e-05
6.214697350515053e-05
4.343043838161975e-05
3.8476740883197635e-05
5.112963117426261e-05
4.787044963450171e-05
6.254841719055548e-05
4.433116191648878e-05
5.080281334812753e-05
5.395654443418607e-05
5.352937660063617e-05
4.5868888264521956e-05
5.228240479482338e-05
5.025850987294689e-05
5.3110343287698925e-05
4.658041143557057e-05
4.550960147753358e-05
5.2277766371844336e-05
5.413262260844931e-05
5.683889321517199e-05
3.715432103490457e-05
4.346412606537342e-05
5.198569124331698e-05
4.843557326239534e-05
4.320831430959515e-05
5.80339074076619e-05
3.978627501055598e-05
4.171302862232551e-05
4.0295224607689306e-05
6.342747656162828e-05
4.3946929508820176e-05
4.893583900411613e-05
3.975400613853708e-05
3.304628626210615e-05
4.5569926442112774e-05
4.656936653191224e-05
5.247118679108098e-05
5.3722258599009365e-05
4.142208126722835e-05
4.981553502148017e-05
4.4719148718286306e-05
4.731355875264853e-05
5.979620254947804e-05
5.5138727475423366e-05
3.715272032422945e-05
6.333501369226724e-05
6.015961480443366e-05
5.3181494877208024e-05
6.094549462432042e-05
3.9087506593205035e-05
5.550638888962567e-05
5.827714267070405e-05
4.5625212806044146e-05
5.0736030971165746e-05
4.7565510612912476e-05
6.684357504127547e-05
4.233971412759274e-05
5.180430525797419e-05
6.396437674993649e-05
4.2818006477318704e-05
4.518464993452653e-05
3.134380676783621e-05
5.988881457597017e-05
4.0658589568920434e-05
5.7111876230919734e-05
4.1778443119255826e-05
5.0714315875666216e-05
4.4263484596740454e-05
4.7383931814692914e-05
4.829445242648944e-05
4.551769598037936e-05
5.098368274047971e-05
5.001391036785208e-05
4.6606935939053074e-05
3.90705608879216e-05
5.843990948051214e-05
5.457071529235691e-05
5.0930335419252515e-05
4.879374318988994e-05
4.359941158327274e-05
3.796751843765378e-05
3.560503319022246e-05
4.899519626633264e-05
4.995155177311972e-05
5.854589835507795e-05
4.296908446121961e-05
6.0349542764015496e-05
5.20753746968694e-05
4.062197695020586e-05
4.144299964536913e-05
5.405112460721284e-05
6.906477938173339e-05
4.151312168687582e-05
5.017941657570191e-05
5.5916501878527924e-05
4.9763180868467316e-05
4.6834749809931964e-05
6.0720823967130855e-05
3.849587665172294e-05
5.821793820359744e-05
5.716061423299834e-05
4.9368270992999896e-05
6.202817166922614e-05
4.4513624743558466e-05
4.877018363913521e-05
5.351834624889307e-05
5.03965602547396e-05
5.7022411056095734e-05
3.8627025787718594e-05
4.820918547920883e-05
4.2388383008074015e-05
5.589520878857002e-05
5.699616303900257e-05
4.0049450035439804e-05
4.1210398194380105e-05
4.064950917381793e-05
4.6875939005985856e-05
3.9614074921701103e-05
4.72110477858223e-05
5.939295806456357e-05
6.191116699483246e-05
5.176856939215213e-05
5.170583608560264e-05
5.3144052799325436e-05
6.546906661242247e-05
6.382621359080076e-05
4.6448309149127454e-05
3.848887718049809e-05
6.594110891455784e-05
5.369800055632368e-05
5.87507602176629e-05
5.333286026143469e-05
4.75203269161284e-05
5.2859373681712896e-05
5.595649781753309e-05
4.7397414164151996e-05
3.182663203915581e-05
4.061549043399282e-05
5.868596053915098e-05
4.294060272513889e-05
4.276847903383896e-05
4.9461450544185936e-05
4.1881328797899187e-05
5.0133574404753745e-05
5.4152369557414204e-05
5.4399657528847456e-05
4.9392350774724036e-05
4.403545972309075e-05
4.477752008824609e-05
3.555983130354434e-05
4.4475724280346185e-05
5.230197712080553e-05
5.155585677130148e-05
5.973276711301878e-05
4.920967330690473e-05
5.0279842980671674e-05
5.367383346310817e-05
4.513203020906076e-05
4.353374970378354e-05
5.319026968209073e-05
4.6841640141792595e-05
4.0083872590912506e-05
5.2809049520874396e-05
3.6507924960460514e-05
6.199385097716004e-05
5.991117359371856e-05
6.209467392181978e-05
4.29351202910766e-05
5.1256305596325547e-05
5.936180969001725e-05
5.095548840472475e-05
4.4520016672322527e-05
4.01827237510588e-05
4.285205795895308e-05
4.509549762587994e-05
4.596180951921269e-05
5.346496618585661e-05
4.982710015610792e-05
6.1410253692884e-05
3.83800761483144e-05
4.6579676563851535e-05
5.4690994147676975e-05
3.727753210114315e-05
4.296798579161987e-05
4.9458023568149656e-05
4.871992132393643e-05
5.153484016773291e-05
5.232691182754934e-05
4.607671871781349e-05
4.748890933115035e-05
4.568960866890848e-05
4.441756755113602e-05
5.023562698625028e-05
4.3235831981291994e-05
4.81257593492046e-05
5.219520244281739e-05
4.580778841045685e-05
5.014841372030787e-05
6.375398515956476e-05
5.284982034936547e-05
5.3936539188725874e-05
5.078350659459829e-05
4.7711240767966956e-05
4.085907494300045e-05
5.1422852266114205e-05
3.9577047573402524e-05
4.622439155355096e-05
4.84114425489679e-05
5.2143645007163286e-05
4.017852188553661e-05
5.339186463970691e-05
5.928428436163813e-05
4.513243038672954e-05
5.6637731177033857e-05
5.850692105013877e-05
4.938675556331873e-05
4.8900783440331e-05
4.11699220421724e-05
4.695518873631954e-05
5.6904937082435936e-05
5.7826975535135716e-05
5.726674498873763e-05
4.5384527766145766e-05
6.460349686676636e-05
5.323968798620626e-05
4.772504325956106e-05
4.3102623749291524e-05
4.862518107984215e-05
4.222784627927467e-05
5.711727135349065e-05
4.66521960333921e-05
4.9771490012062714e-05
4.566578718367964e-05
4.876238381257281e-05
4.9897767894435674e-05
4.948095011059195e-05
4.481241194298491e-05
5.3533083701040596e-05
4.473428998608142e-05
5.7375866163056344e-05
6.043806206434965e-05
6.0711841797456145e-05
4.1750110540306196e-05
4.3697364162653685e-05
5.17732223670464e-05
5.437424624687992e-05
4.574449121719226e-05
4.0022379835136235e-05
4.285005707060918e-05
4.271069337846711e-05
4.416810043039732e-05
5.589549618889578e-05
4.356557474238798e-05
4.330804949859157e-05
4.726739280158654e-05
4.792758045368828e-05
5.665845310431905e-05
4.365550557849929e-05
4.58670110674575e-05
3.5341094189789146e-05
6.680194201180711e-05
6.171958375489339e-05
3.573590220184997e-05
4.389016976347193e-05
5.1916846132371575e-05
5.708776734536514e-05
5.4249612730927765e-05
4.834373248741031e-05
4.548199649434537e-05
4.701114448835142e-05
5.304879596224055e-05
4.3072352127637714e-05
4.208342943456955e-05
5.4722266213502735e-05
5.772135773440823e-05
5.343327939044684e-05
5.9557034546742216e-05
5.750102718593553e-05
5.314360168995336e-05
5.1120121497660875e-05
5.504387809196487e-05
4.27600352850277e-05
4.618955426849425e-05
3.776113226194866e-05
5.487950693350285e-05
3.416086838115007e-05
4.2793843022082e-05
4.839821485802531e-05
4.9353249778505415e-05
4.255965905031189e-05
6.054404366295785e-05
4.1068331483984366e-05
5.133290324010886e-05
5.234471245785244e-05
5.485976726049557e-05
5.079929542262107e-05
5.013374538975768e-05
4.0381914004683495e-05
4.993417678633705e-05
4.688323679147288e-05
6.371815834427252e-05
4.4522908865474164e-05
4.851440462516621e-05
3.989566903328523e-05
4.674456067732535e-05
5.1046044973190874e-05
5.893585330341011e-05
4.864047150476836e-05
4.823040580959059e-05
4.622347478289157e-05
5.604935722658411e-05
4.8661975597497076e-05
5.5191339924931526e-05
4.909552080789581e-05
4.82061950606294e-05
5.3700907301390544e-05
5.769544077338651e-05
5.6004526413744316e-05
4.5032174966763705e-05
5.062214768258855e-05
4.86918434035033e-05
4.469714986043982e-05
5.2195158787071705e-05
4.923363303532824e-05
3.4474909625714645e-05
5.75160956941545e-05
4.894440280622803e-05
4.00227727368474e-05
5.310492269927636e-05
5.388235149439424e-05
5.813231837237254e-05
5.262877311906777e-05
4.6908215153962374e-05
4.7584373533027247e-05
4.936706682201475e-05
3.963737981393933e-05
5.7929675676859915e-05
3.390953133930452e-05
4.853710925090127e-05
4.779735172633082e-05
4.3033101974288e-05
4.893029108643532e-05
4.8315425374312326e-05
5.67551760468632e-05
5.667476580129005e-05
5.315348244039342e-05
5.2770508773392066e-05
5.930785846430808e-05
4.652751158573665e-05
5.345627141650766e-05
3.830877903965302e-05
4.233304935041815e-05
4.200080729788169e-05
4.2114224925171584e-05
3.970937177655287e-05
5.321904245647602e-05
4.765196717926301e-05
5.201773456064984e-05
4.7794528654776514e-05
6.0014077462255955e-05
4.724684913526289e-05
5.098763358546421e-05
5.7042561820708215e-05
5.919748218730092e-05
3.767238376894966e-05
3.9329232095042244e-05
5.671439794241451e-05
6.280746310949326e-05
4.440325574250892e-05
5.376379704102874e-05
5.1352675654925406e-05
5.289524051477201e-05
4.8469086323166266e-05
3.74681840185076e-05
6.812714855186641e-05
5.232031980995089e-05
3.83114893338643e-05
4.158301089773886e-05
5.4942811402725056e-05
5.241878534434363e-05
5.092797800898552e-05
4.507199628278613e-05
4.811352846445516e-05
4.752095264848322e-05
5.42564521310851e-05
4.668043038691394e-05
4.5627064537256956e-05
5.1703627832466736e-05
5.611213418887928e-05
5.0106918934034184e-05
4.926536348648369e-05
3.943969204556197e-05
4.478437767829746e-05
4.285154864192009e-05
6.678028148598969e-05
4.1603656427469105e-05
4.5655986468773335e-05
5.8692574384622276e-05
5.759576743002981e-05
4.4888809497933835e-05
5.169915675651282e-05
5.493352364283055e-05
6.543498602695763e-05
6.0702048358507454e-05
6.0893224144820124e-05
5.1161900046281517e-05
4.2381027014926076e-05
4.011346027255058e-05
5.13417471665889e-05
5.2464725740719587e-05
4.987087959307246e-05
4.838901077164337e-05
3.9539132558275014e-05
5.088876423542388e-05
5.340744974091649e-05
4.713499220088124e-05
5.4792530136182904e-05
4.4529864680953324e-05
3.973079947172664e-05
4.568684016703628e-05
5.486971713253297e-05
4.376729702926241e-05
5.11499893036671e-05
4.0357594116358086e-05
4.8543541197432205e-05
3.940758324461058e-05
4.770614759763703e-05
5.0813789130188525e-05
3.700907473103143e-05
5.1608498324640095e-05
6.904927431605756e-05
4.906931280856952e-05
4.8973201046464965e-05
5.519240949070081e-05
4.1601502744015306e-05
3.60305275535211e-05
3.585290687624365e-05
5.9064768720418215e-05
5.589496868196875e-05
4.5307235268410295e-05
6.080368621041998e-05
6.0326201491989195e-05
5.3413474233821034e-05
4.397311568027362e-05
5.232215698924847e-05
4.02475125156343e-05
5.038424569647759e-05
4.8942391003947705e-05
5.1622671890072525e-05
5.048171442467719e-05
4.9314519856125116e-05
4.676432581618428e-05
4.680646816268563e-05
4.257472028257325e-05
4.8255220463033766e-05
7.017899042693898e-05
5.253715062281117e-05
3.54774747393094e-05
5.748571493313648e-05
6.633031443925574e-05
4.2362687963759527e-05
5.327304097590968e-05
5.35014332854189e-05
3.777892197831534e-05
5.27636511833407e-05
5.785989196738228e-05
4.9872083764057606e-05
4.510147118708119e-05
6.122826744103804e-05
5.666527431458235e-05
5.0298716814722866e-05
4.08844935009256e-05
3.016077243955806e-05
3.773311618715525e-05
5.427061842055991e-05
5.515028169611469e-05
6.38174096820876e-05
4.0793798689264804e-05
5.051166226621717e-05
4.8954549129121006e-05
4.550471203401685e-05
4.853482823818922e-05
5.3961906814947724e-05
4.73343170597218e-05
3.7952238926663995e-05
3.805909364018589e-05
3.970964826294221e-05
5.182736640563235e-05
5.9000885812565684e-05
4.076537152286619e-05
6.135086732683703e-05
5.836352283949964e-05
4.346401692600921e-05
3.9725266105961055e-05
3.727519288077019e-05
5.5215321481227875e-05
5.6833399867173284e-05
4.831538171856664e-05
5.1196027925470844e-05
5.681742186425254e-05
4.783866461366415e-05
5.2822499128524214e-05
3.6399709642864764e-05
6.328804010991007e-05
4.4851207348983735e-05
4.801639443030581e-05
6.232310261111706e-05
5.567964763031341e-05
4.519697540672496e-05
4.79459049529396e-05
5.3118099458515644e-05
4.952789458911866e-05
4.480279312701896e-05
5.0004124204861e-05
4.923814412904903e-05
4.8820016672834754e-05
4.4773812987841666e-05
5.11775906488765e-05
4.562131653074175e-05
5.578315176535398e-05
4.726009865407832e-05
6.22823863523081e-05
5.0035327149089426e-05
4.318040737416595e-05
5.063711796537973e-05
4.884863301413134e-05
4.494652239372954e-05
6.105710053816438e-05
5.1599203288787976e-05
4.786402132594958e-05
5.0370006647426635e-05
4.250214988132939e-05
5.6912460422609e-05
5.3352792747318745e-05
3.867589475703426e-05
5.4085117881186306e-05
4.1117091313935816e-05
5.79935367568396e-05
4.1205970774171874e-05
5.845698979101144e-05
4.3525400542421266e-05
4.2538616980891675e-05
3.851384826702997e-05
4.2165785998804495e-05
4.352920223027468e-05
3.984776049037464e-05
5.51828125026077e-05
5.1097216783091426e-05
5.439572123577818e-05
5.9992675232933834e-05
5.239403253654018e-05
5.117603359394707e-05
4.51234336651396e-05
5.374463944463059e-05
5.520886043086648e-05
4.445266677066684e-05
5.5329353926936164e-05
4.861477646045387e-05
4.5917964598629624e-05
5.5624852393520996e-05
6.518104783026502e-05
4.342808460933156e-05
4.093429015483707e-05
6.33049348834902e-05
5.8222700317855924e-05
4.263447044650093e-05
5.1018199883401394e-05
5.4164538596523926e-05
4.0955877921078354e-05
5.336501635611057e-05
5.16757536388468e-05
5.2425260946620256e-05
6.433058297261596e-05
5.883561243535951e-05
4.248438199283555e-05
4.313580575399101e-05
5.815886834170669e-05
5.750823765993118e-05
4.462473953026347e-05
4.455576709005982e-05
3.909664155798964e-05
4.4123931729700416e-05
4.776730202138424e-05
5.476516525959596e-05
4.9850146751850843e-05
5.343580414773896e-05
4.985437772120349e-05
4.0917824662756175e-05
4.067628469783813e-05
5.6283904996234924e-05
4.270244971849024e-05
5.241572216618806e-05
6.982470222283155e-05
4.7127909056143835e-05
4.849179822485894e-05
5.4205167543841526e-05
4.36676200479269e-05
3.538242162903771e-05
3.765628207474947e-05
3.995267616119236e-05
4.197739690425806e-05
3.58769902959466e-05
4.809273741557263e-05
5.261084152152762e-05
4.1517556383041665e-05
4.5439192035701126e-05
5.943695578025654e-05
4.2617270082701e-05
6.572232814505696e-05
5.490711919264868e-05
4.776437344844453e-05
4.936023469781503e-05
4.098445788258687e-05
4.3108087993459776e-05
3.880312942783348e-05
4.6630288125015795e-05
4.700444333138876e-05
6.558505992870778e-05
5.700272595277056e-05
4.7393150452990085e-05
5.462788976728916e-05
4.8565743782091886e-05
4.381246253615245e-05
4.3864733015652746e-05
6.232634768821299e-05
4.8236157454084605e-05
3.876778646372259e-05
4.519015783444047e-05
5.7239980378653854e-05
4.400788020575419e-05
5.292859714245424e-05
5.764037632616237e-05
4.646663001039997e-05
5.035724461777136e-05
5.6269593187607825e-05
4.3606862163869664e-05
5.109549965709448e-05
4.2369356378912926e-05
5.512505231308751e-05
4.8765912652015686e-05
4.570898454403505e-05
5.055094516137615e-05
3.396239480935037e-05
4.670099588111043e-05
6.147174281068146e-05
5.2210169087629765e-05
4.902746877633035e-05
5.0355960411252454e-05
5.84153167437762e-05
5.1421087846392766e-05
5.078583490103483e-05
5.790011346107349e-05
4.496529436437413e-05
5.901853000978008e-05
4.464412631932646e-05
4.1365870856679976e-05
5.7571844081394374e-05
5.6760385632514954e-05
4.9667705752654e-05
5.414040060713887e-05
5.4954522056505084e-05
5.54247380932793e-05
6.05194472882431e-05
6.315809150692075e-05
5.821778904646635e-05
3.41126651619561e-05
5.470603355206549e-05
4.5910132030257955e-05
4.509959399001673e-05
6.325988215394318e-05
4.434587026480585e-05
4.638884274754673e-05
5.16360996698495e-05
4.963512037647888e-05
5.978723493171856e-05
4.7882615035632625e-05
4.4267850171308964e-05
5.1548529881983995e-05
4.390112007968128e-05
4.433834692463279e-05
5.208521179156378e-05
5.358274938771501e-05
5.150581637280993e-05
4.577845902531408e-05
5.598369534709491e-05
3.5619195841718465e-05
3.314811328891665e-05
3.492102769087069e-05
4.037262260681018e-05
5.7300672779092565e-05
5.279160541249439e-05
3.9249473047675565e-05
3.9384431147482246e-05
5.0888353143818676e-05
4.827619341085665e-05
5.031881300965324e-05
4.185997386230156e-05
4.818739034817554e-05
6.39888021396473e-05
4.614156932802871e-05
4.4731470552505925e-05
4.700325371231884e-05
3.7604811950586736e-05
5.244189378572628e-05
6.259087240323424e-05
6.695518095511943e-05
6.013529491610825e-05
5.398835492087528e-05
4.694502058555372e-05
5.002404941478744e-05
4.45246187155135e-05
5.211745883570984e-05
6.059018414816819e-05
4.996456118533388e-05
5.0708338676486164e-05
4.440179327502847e-05
4.4159198296256363e-05
3.939873568015173e-05
4.516963235801086e-05
4.4822925701737404e-05
3.856656621792354e-05
4.30450527346693e-05
5.154585960553959e-05
4.195010114926845e-05
5.894719288335182e-05
4.243582225171849e-05
5.641063762595877e-05
5.485836663865484e-05
5.083810901851393e-05
4.574060585582629e-05
5.659622547682375e-05
5.331500506144948e-05
4.595744758262299e-05
5.0428723625373095e-05
4.8173686082009226e-05
4.761545642395504e-05
5.0240327254869044e-05
5.308460822561756e-05
5.304789374349639e-05
5.061810225015506e-05
4.583524423651397e-05
7.23833218216896e-05
4.6860317524988204e-05
4.2917738028336316e-05
4.603718844009563e-05
5.034669447923079e-05
3.736433427548036e-05
4.276616527931765e-05
5.46903393114917e-05
4.5797463826602325e-05
3.6039960832567886e-05
4.899172927252948e-05
3.697252759593539e-05
3.9829141314839944e-05
5.474930730997585e-05
4.656424425775185e-05
4.934905518894084e-05
5.18968518008478e-05
5.475173020386137e-05
4.751334199681878e-05
5.554146628128365e-05
4.040493877255358e-05
5.564192542806268e-05
5.3347677749115974e-05
6.914189725648612e-05
5.887703082407825e-05
6.223501259228215e-05
4.189899846096523e-05
4.593396442942321e-05
5.185473128221929e-05
5.6624448916409165e-05
4.540976806310937e-05
5.308111212798394e-05
3.902573007508181e-05
4.106248161406256e-05
4.2118826968362555e-05
5.750346463173628e-05
4.9645936087472364e-05
4.117082426091656e-05
5.018107913201675e-05
3.8485672121169046e-05
4.903347871731967e-05
4.701896614278667e-05
4.377694858703762e-05
5.696480002370663e-05
4.4689364585792646e-05
5.310988854034804e-05
4.72785577585455e-05
4.858696775045246e-05
5.119714842294343e-05
3.616757385316305e-05
4.745346086565405e-05
5.185843474464491e-05
5.413526014308445e-05
6.755309004802257e-05
4.529763828031719e-05
5.174542457098141e-05
4.592738696373999e-05
5.247770604910329e-05
4.9864956963574514e-05
4.382961560622789e-05
5.511066410690546e-05
5.827688437420875e-05
4.2587766074575484e-05
4.292023368179798e-05
6.588407995877787e-05
3.885664773406461e-05
5.298052201396786e-05
6.257533095777035e-05
5.418263754108921e-05
4.981251549907029e-05
4.9956885050050914e-05
3.967772499890998e-05
4.306707705836743e-05
4.4636628445005044e-05
4.309466385166161e-05
4.9720612878445536e-05
5.0167509471066296e-05
3.567889871192165e-05
5.303635407472029e-05
5.681673064827919e-05
4.019817424705252e-05
4.972696115146391e-05
5.937709647696465e-05
4.3777334212791175e-05
6.786235462641343e-05
5.421321839094162e-05
4.204078868497163e-05
4.471642023418099e-05
5.8972851547878236e-05
5.5955228162929416e-05
3.87812324333936e-05
4.221330164000392e-05
3.8257170672295615e-05
4.9194521125173196e-05
4.589041054714471e-05
4.328659997554496e-05
4.759846342494711e-05
5.421189052867703e-05
5.2684612455777824e-05
5.1052134949713945e-05
4.313508907216601e-05
4.3434323742985725e-05
5.134901948622428e-05
5.913394852541387e-05
4.5814049371983856e-05
5.028010127716698e-05
5.328084444045089e-05
6.440286233555526e-05
4.8345500545110554e-05
4.557232023216784e-05
4.782048563356511e-05
5.7765795645536855e-05
4.536599954008125e-05
5.394998152041808e-05
4.315712794777937e-05
5.004862032365054e-05
5.113341467222199e-05
4.3382624426158145e-05
4.879602784058079e-05
6.124301580712199e-05
6.17986879660748e-05
5.2662933740066364e-05
4.3343996367184445e-05
4.613692726707086e-05
5.128917109686881e-05
6.174464215291664e-05
5.917880844208412e-05
5.25672294315882e-05
5.08165467181243e-05
5.32005651621148e-05
4.19702373619657e-05
4.89510566694662e-05
5.5443611927330494e-05
4.2033290810650215e-05
4.529122088570148e-05
6.581805064342916e-05
5.683663039235398e-05
4.204914876027033e-05
5.4972784710116684e-05
6.575801671715453e-05
4.291859659133479e-05
5.107994729769416e-05
4.852906567975879e-05
4.731456283479929e-05
4.2965948523487896e-05
4.1163402784150094e-05
4.1185769077856094e-05
4.162454206380062e-05
4.6933055273257196e-05
3.634885433712043e-05
4.763894685311243e-05
3.9463815483031794e-05
5.075660374131985e-05
4.3663188989739865e-05
5.127746408106759e-05
5.0373633712297305e-05
4.7875073505565524e-05
4.413809074321762e-05
4.8068988689919934e-05
5.746342503698543e-05
5.800771032227203e-05
5.343609518604353e-05
5.9209298342466354e-05
5.678788511431776e-05
4.669842019211501e-05
5.1725033699767664e-05
4.5265005610417575e-05
3.9252550777746364e-05
4.1325729398522526e-05
3.695984560181387e-05
5.4028590966481715e-05
4.44222278019879e-05
5.375128966988996e-05
4.4700886064674705e-05
4.763124888995662e-05
4.965451080352068e-05
5.0406284572090954e-05
4.1583389247534797e-05
4.732669913209975e-05
3.844932507490739e-05
4.803329647984356e-05
4.51128144050017e-05
4.7228957555489615e-05
4.2951040086336434e-05
5.727258394472301e-05
4.836011430597864e-05
4.368294321466237e-05
4.243306830176152e-05
4.448223262443207e-05
5.389855141402222e-05
5.799042628495954e-05
4.945781984133646e-05
5.9185869758948684e-05
6.063873661332764e-05
4.3202733650105074e-05
5.747675459133461e-05
4.603729030350223e-05
4.567389623844065e-05
6.191258580656722e-05
7.081611693138257e-05
4.3393731175456196e-05
5.003308615414426e-05
6.035492697264999e-05
4.233482468407601e-05
3.332222695462406e-05
4.603567867889069e-05
5.3491465223487467e-05
5.144676106283441e-05
4.964834079146385e-05
5.882977711735293e-05
4.1031482396647334e-05
4.281334258848801e-05
5.0621601985767484e-05
4.272177102393471e-05
5.385443364502862e-05
4.232093124301173e-05
5.0637449021451175e-05
5.702231283066794e-05
5.0612419727258384e-05
5.494611104950309e-05
5.3943767852615565e-05
4.6536908484995365e-05
6.15091557847336e-05
5.8755569625645876e-05
4.866289964411408e-05
7.200686377473176e-05
4.580732638714835e-05
4.6351538912858814e-05
6.348419992718846e-05
5.891586988582276e-05
4.403606726555154e-05
4.649006950785406e-05
5.322271681507118e-05
4.558929504128173e-05
5.1397721108514816e-05
4.307430572225712e-05
4.3111765990033746e-05
4.50660299975425e-05
4.6648277930216864e-05
5.4616240959148854e-05
3.603260847739875e-05
3.810864291153848e-05
3.810190537478775e-05
3.807699613389559e-05
4.1039060306502506e-05
5.043295823270455e-05
5.0016053137369454e-05
6.149357068352401e-05
5.192805838305503e-05
5.419809167506173e-05
3.8689257053192705e-05
5.192574826651253e-05
4.684108353103511e-05
5.051614425610751e-05
4.379905658424832e-05
5.955895176157355e-05
4.8287907702615485e-05
6.408053013728932e-05
4.616564547177404e-05
4.714072565548122e-05
4.283028465579264e-05
4.431364141055383e-05
5.2794952352996916e-05
4.47820384579245e-05
5.195417543291114e-05
4.467470716917887e-05
5.5193293519550934e-05
5.3530184231931344e-05
5.5532200349261984e-05
5.672128463629633e-05
3.973041020799428e-05
4.7856308810878545e-05
4.128408181713894e-05
5.075065928394906e-05
4.340735904406756e-05
5.70667143620085e-05
5.8610290579963475e-05
4.4912652811035514e-05
5.368075653677806e-05
4.2319770727772266e-05
5.1713825087063015e-05
4.318277206039056e-05
4.109180736122653e-05
4.66980563942343e-05
4.6198751078918576e-05
4.992638059775345e-05
4.19527423218824e-05
4.3638221541186795e-05
5.2346706070238724e-05
6.510094681289047e-05
5.986108226352371e-05
6.102009501773864e-05
4.9715195928001776e-05
4.635068398783915e-05
4.254330997355282e-05
4.634875585907139e-05
5.811767186969519e-05
4.7026809625094756e-05
5.175825208425522e-05
5.44480026292149e-05
5.276425872580148e-05
4.908562550554052e-05
5.348062404664233e-05
4.796612120117061e-05
4.357273428468034e-05
4.3162330257473513e-05
5.037844675825909e-05
4.818699380848557e-05
5.4664837080053985e-05
4.491478466661647e-05
4.85787822981365e-05
4.413154238136485e-05
5.3787305660080165e-05
4.280337452655658e-05
5.780180072179064e-05
5.188298018765636e-05
4.4281419832259417e-05
3.9011178159853444e-05
4.3786203605122864e-05
4.704234015662223e-05
4.786415956914425e-05
5.312715074978769e-05
5.6403965572826564e-05
5.825292464578524e-05
5.5188465921673924e-05
4.6245535486377776e-05
5.764135130448267e-05
3.6187942896503955e-05
5.487207090482116e-05
5.1734728913288563e-05
5.66977723792661e-05
6.90738670527935e-05
4.3150343117304146e-05
5.072104977443814e-05
4.9722279072739184e-05
4.904445449938066e-05
4.280364737496711e-05
5.6308046623598784e-05
4.887954128207639e-05
5.33709826413542e-05
4.017514584120363e-05
4.5223001507110894e-05
4.9966089136432856e-05
6.082667096052319e-05
4.876433376921341e-05
3.8735954149160534e-05
5.049534956924617e-05
4.595276914187707e-05
6.10442366451025e-05
4.7016943426569924e-05
4.095304029760882e-05
5.7453471526969224e-05
5.463086563395336e-05
4.9512753321323544e-05
3.613172520999797e-05
5.852512549608946e-05
3.873075183946639e-05
4.638343307306059e-05
5.2594034059438854e-05
4.1284336475655437e-05
4.6628698328277096e-05
4.351277675596066e-05
6.123525236034766e-05
6.320729153230786e-05
5.273253918858245e-05
4.259173510945402e-05
3.7667570722987875e-05
5.7665172789711505e-05
4.542303577181883e-05
4.226353848935105e-05
4.5707725803367794e-05
5.651703759212978e-05
5.9228084865026176e-05
4.631897172657773e-05
4.614969657268375e-05
4.6869710786268115e-05
3.641117291408591e-05
5.6371653045061976e-05
4.2157855205005035e-05
6.288930308073759e-05
4.368555164546706e-05
4.101734157302417e-05
4.90160527988337e-05
6.506923818960786e-05
5.353368032956496e-05
5.5745142162777483e-05
5.32376543560531e-05
5.342675285646692e-05
5.706557567464188e-05
5.9669091569958255e-05
3.6451358027989045e-05
3.9511425711680204e-05
5.9375968703534454e-05
6.056408892618492e-05
4.21446020482108e-05
4.326609632698819e-05
4.626360896509141e-05
5.0786919018719345e-05
5.701342161046341e-05
4.573059777612798e-05
6.012932499288581e-05
4.002017521997914e-05
4.548629294731654e-05
5.0598759116837755e-05
5.289729233481921e-05
3.818779805442318e-05
3.793804717133753e-05
5.151897494215518e-05
3.487356298137456e-05
4.863742651650682e-05
4.8576763219898567e-05
7.021064811851829e-05
5.6892778957262635e-05
3.6939622077625245e-05
4.7776728024473414e-05
4.46381964138709e-05
5.562786100199446e-05
5.6882134231273085e-05
3.924102202290669e-05
5.173729732632637e-05
5.200696978135966e-05
4.2719035263871774e-05
4.1216662793885916e-05
5.380881339078769e-05
5.835721094626933e-05
5.7429839216638356e-05
4.484846431296319e-05
5.913777567911893e-05
4.579064261633903e-05
5.393761603045277e-05
5.9991427406203e-05
4.675863601732999e-05
5.578587297350168e-05
4.918592458125204e-05
7.020466728135943e-05
4.460641503101215e-05
4.350979725131765e-05
5.1193175750086084e-05
4.573665501084179e-05
4.5902514102635905e-05
4.0280428947880864e-05
3.756290607270785e-05
5.555762618314475e-05
5.228681766311638e-05
5.285155202727765e-05
4.225799784762785e-05
4.3454965634737164e-05
3.779467078857124e-05
4.3032647226937115e-05
4.689074557973072e-05
5.3970012231729925e-05
4.302529850974679e-05
5.4438150982605293e-05
4.211345003568567e-05
5.4109023039927706e-05
3.741886030184105e-05
5.071653868071735e-05
4.1217303078155965e-05
4.8248642997350544e-05
6.384848529705778e-05
5.4506672313436866e-05
4.663458821596578e-05
5.568581764237024e-05
6.362490967148915e-05
4.660452395910397e-05
4.190874824416824e-05
3.6258817999623716e-05
4.950053698848933e-05
4.238328983774409e-05
5.618268914986402e-05
5.24313363712281e-05
4.7558231017319486e-05
4.89560843561776e-05
4.251184145687148e-05
5.839750519953668e-05
5.092803621664643e-05
5.266689186100848e-05
5.287992462399416e-05
4.889113188255578e-05
3.630265564424917e-05
5.7055985962506384e-05
5.048496677773073e-05
4.333855758886784e-05
4.865779192186892e-05
4.825886571779847e-05
5.114084342494607e-05
6.096320794313215e-05
6.015680992277339e-05
5.923603748669848e-05
4.8372792662121356e-05
7.019877375569195e-05
4.716696639661677e-05
4.949095455231145e-05
2.4257424229290336e-05
3.850489520118572e-05
6.143194332253188e-05
5.1001938118133694e-05
5.35034341737628e-05
5.093315849080682e-05
5.3415886213770136e-05
4.8764188250061125e-05
5.561613943427801e-05
4.010195698356256e-05
5.0230391934746876e-05
4.173647175775841e-05
3.730487514985725e-05
4.69043297925964e-05
5.13460545334965e-05
5.1362570957280695e-05
3.7154775782255456e-05
4.541895759757608e-05
4.464659286895767e-05
4.9294692871626467e-05
4.6851921069901437e-05
5.023564153816551e-05
6.049894363968633e-05
5.9341291489545256e-05
4.981759411748499e-05
4.137966607231647e-05
6.527766527142376e-05
5.474053250509314e-05
4.336838173912838e-05
5.477832746692002e-05
4.313520184950903e-05
5.245754437055439e-05
4.584934868034907e-05
4.189309765934013e-05
5.022449477110058e-05
3.65977939509321e-05
5.155341204954311e-05
4.658839316107333e-05
4.854796497966163e-05
4.138062649872154e-05
4.562389221973717e-05
4.892061042482965e-05
6.13498777966015e-05
4.8422927648061886e-05
5.485240399139002e-05
5.00239766552113e-05
5.126123141963035e-05
4.2115963879041374e-05
5.791975127067417e-05
4.781995085068047e-05
4.107919812668115e-05
4.957742930855602e-05
4.601643740897998e-05
6.400664278771728e-05
5.825697007821873e-05
4.548355718725361e-05
4.88938094349578e-05
4.3650379666360095e-05
5.5036729463608935e-05
4.726348561234772e-05
5.148756463313475e-05
5.34472637809813e-05
5.053469794802368e-05
3.676511187222786e-05
6.380985723808408e-05
4.771436579176225e-05
3.815119998762384e-05
4.17870978708379e-05
4.842028283746913e-05
6.026584014762193e-05
4.647104651667178e-05
4.8895832151174545e-05
4.516546323429793e-05
5.011760367779061e-05
4.804232594324276e-05
5.060032708570361e-05
6.0593905800487846e-05
5.038980089011602e-05
4.821352194994688e-05
4.9749785830499604e-05
5.417190186562948e-05
4.1470695578027517e-05
5.985531606711447e-05
3.984542127000168e-05
5.4193049436435103e-05
4.1109298763331026e-05
5.688335659215227e-05
4.235358937876299e-05
4.041913052788004e-05
4.9831305659608915e-05
5.158198473509401e-05
3.910313898813911e-05
4.734059621114284e-05
4.979437653673813e-05
4.342795364209451e-05
5.360130307963118e-05
5.0538001232780516e-05
6.191974534885958e-05
4.780669405590743e-05
4.839641769649461e-05
4.122047175769694e-05
5.023853009333834e-05
4.3736228690249845e-05
6.1001050198683515e-05
4.887094837613404e-05
5.230256647337228e-05
4.867190000368282e-05
5.388458157540299e-05
5.153356323717162e-05
3.105266659986228e-05
5.586610495811328e-05
4.903748776996508e-05
7.171113247750327e-05
4.897131657344289e-05
4.8193876864388585e-05
5.1451133913360536e-05
3.845678656944074e-05
4.576404171530157e-05
4.8530819185543805e-05
5.979627894703299e-05
4.5190001401351765e-05
4.834874562220648e-05
5.6675635278224945e-05
6.3385370594915e-05
4.585827991832048e-05
4.096348493476398e-05
5.958612746326253e-05
5.0977570936083794e-05
5.500558472704142e-05
6.008771015331149e-05
4.116350464755669e-05
6.625556852668524e-05
4.4392691052053124e-05
4.624168650479987e-05
4.454678492038511e-05
4.31063563155476e-05
4.938257916364819e-05
5.192153184907511e-05
4.839812027057633e-05
4.364876076579094e-05
5.8806734159588814e-05
4.359818194643594e-05
4.408379754750058e-05
5.269295070320368e-05
5.2430539653869346e-05
3.817077958956361e-05
3.9568276406498626e-05
4.63909818790853e-05
6.670324364677072e-05
5.124336894368753e-05
4.9971593398367986e-05
4.153194458922371e-05
4.907664333586581e-05
4.3647429265547544e-05
4.6482433390337974e-05
4.129931403440423e-05
4.699689452536404e-05
5.5051488743629307e-05
5.644765042234212e-05
5.9564154071267694e-05
6.029213545843959e-05
3.87942127417773e-05
5.1331335271243006e-05
5.065428194939159e-05
4.688485205406323e-05
4.1660023271106184e-05
4.251645441399887e-05
5.2310879254946485e-05
4.8380210500909016e-05
5.735088780056685e-05
5.221349056228064e-05
4.870397242484614e-05
5.835133924847469e-05
5.843196049681865e-05
4.4207154132891446e-05
5.269041139399633e-05
4.8535159294260666e-05
5.3939103963784873e-05
5.9645222791004926e-05
4.9882906751008704e-05
4.7566925786668435e-05
4.580172389978543e-05
4.4011838326696306e-05
5.9969832364004105e-05
4.3610853026621044e-05
4.871204146184027e-05
3.969213139498606e-05
4.7356312279589474e-05
4.985097257304005e-05
6.073400436434895e-05
3.6677309253718704e-05
4.8960268031805754e-05
3.827651380561292e-05
4.761940726893954e-05
4.032295328215696e-05
4.906074173050001e-05
4.332073876867071e-05
3.3818898373283446e-05
5.254051211522892e-05
5.560850695474073e-05
4.928122871206142e-05
4.950012589688413e-05
4.978371362085454e-05
6.626819231314585e-05
5.9221369156148285e-05
4.0120125049725175e-05
4.806654396816157e-05
4.943817839375697e-05
5.102337308926508e-05
5.641451207338832e-05
4.450322376214899e-05
5.510187475010753e-05
5.502397834789008e-05
4.718880882137455e-05
4.6116205339785665e-05
5.103614239487797e-05
3.810190537478775e-05
4.852159690926783e-05
4.1894803871400654e-05
4.163318226346746e-05
6.430257053580135e-05
7.269016350619495e-05
3.963784911320545e-05
5.774867895524949e-05
3.730579192051664e-05
4.5896809751866385e-05
3.419841959839687e-05
4.7481415094807744e-05
5.4052685300121084e-05
4.857653402723372e-05
5.281982885207981e-05
5.316366514307447e-05
4.2548246710794047e-05
5.344420424080454e-05
4.941915540257469e-05
4.857966268900782e-05
4.188071034150198e-05
5.6556011259090155e-05
5.408891956903972e-05
5.3837153245694935e-05
3.9223628846229985e-05
4.366712528280914e-05
4.674748197430745e-05
5.36911393282935e-05
4.751534652314149e-05
5.345498357200995e-05
3.9437596569769084e-05
5.4384247050620615e-05
4.0282553527504206e-05
2.9092117983964272e-05
5.9894602600252256e-05
4.976005948265083e-05
4.6482931793434545e-05
5.702349517378025e-05
5.9945567045360804e-05
5.239243182586506e-05
5.237389268586412e-05
4.847174568567425e-05
4.3922736949753016e-05
4.878268009633757e-05
5.565817991737276e-05
3.86407264159061e-05
4.077065023011528e-05
6.920371379237622e-05
5.3286756156012416e-05
5.0681206630542874e-05
5.750497439294122e-05
4.1171355405822396e-05
4.737939889309928e-05
5.499449616763741e-05
5.5054093536455184e-05
6.402294820873067e-05
6.148566899355501e-05
4.488854028750211e-05
4.3614491005428135e-05
5.359907663660124e-05
4.590153184835799e-05
4.198686292511411e-05
5.6331926316488534e-05
4.5996232074685395e-05
5.043621058575809e-05
5.360769137041643e-05
4.522751260083169e-05
4.2488005419727415e-05
4.380490645417012e-05
3.979070970672183e-05
4.598072700900957e-05
3.4579061320982873e-05
5.452798359328881e-05
4.3727686716010794e-05
4.7582987463101745e-05
5.1723131036851555e-05
4.933567834086716e-05
5.325257370714098e-05
5.2935793064534664e-05
5.887531733606011e-05
4.9286099965684116e-05
6.533669511554763e-05
5.265278377919458e-05
4.7086279664654285e-05
3.8321391912177205e-05
4.852072015637532e-05
5.6381250033155084e-05
5.5374097428284585e-05
4.237733446643688e-05
5.662501644110307e-05
6.939827289897949e-05
5.431948375189677e-05
4.881266795564443e-05
5.6964679970405996e-05
4.2884315917035565e-05
4.735065158456564e-05
4.04656893806532e-05
4.488851845962927e-05
4.8836314817890525e-05
4.2178682633675635e-05
3.5787081287708133e-05
4.723103847936727e-05
4.1649476770544425e-05
5.2159757615299895e-05
4.398220335133374e-05
4.7105218982324004e-05
5.856659117853269e-05
5.330427666194737e-05
5.62991808692459e-05
5.530350608751178e-05
4.529683792497963e-05
4.8054775106720626e-05
4.2467640014365315e-05
5.4888485465198755e-05
4.935765900881961e-05
3.6432906199479476e-05
4.585768692777492e-05
5.3092066082172096e-05
5.4807853302918375e-05
3.475930861895904e-05
4.87828474433627e-05
4.176420043222606e-05
4.5910921471659094e-05
5.719221371691674e-05
5.273295391816646e-05
5.215612327447161e-05
3.5716653655981645e-05
4.719829303212464e-05
6.086649591452442e-05
4.977993376087397e-05
5.411602614913136e-05
5.889360545552336e-05
4.569785232888535e-05
4.079659265698865e-05
5.745462840422988e-05
5.2006660553161055e-05
5.788362614111975e-05
5.061507545178756e-05
4.210439874441363e-05
4.1866620449582115e-05
5.38886379217729e-05
4.247629476594739e-05
4.9372953071724623e-05
5.379485810408369e-05
4.5433978812070563e-05
4.3529744289116934e-05
4.581690882332623e-05
5.308898107614368e-05
4.793259358848445e-05
4.889535193797201e-05
7.342297612922266e-05
4.271102079655975e-05
4.431765410117805e-05
4.34610883530695e-05
5.863649130333215e-05
4.85759592265822e-05
4.463526056497358e-05
4.8194979171967134e-05
4.804442141903564e-05
5.758318002335727e-05
4.8462632548762485e-05
4.119478398934007e-05
5.952607898507267e-05
5.677155058947392e-05
4.111136877327226e-05
3.887983984895982e-05
5.655715358443558e-05
5.179126310395077e-05
5.22249611094594e-05
6.526436482090503e-05
4.296296538086608e-05
4.3813186493935063e-05
5.3074691095389426e-05
5.568473716266453e-05
4.857184103457257e-05
5.646127829095349e-05
4.800139868166298e-05
5.7719862525118515e-05
5.5185213568620384e-05
4.920940409647301e-05
5.216685531195253e-05
4.1697749111335725e-05
6.790890620322898e-05
5.0713402742985636e-05
4.610135511029512e-05
3.9186663343571126e-05
3.958528395742178e-05
4.5144057366997004e-05
4.729273496195674e-05
3.90481436625123e-05
4.7147746954578906e-05
5.060844705440104e-05
5.4403149988502264e-05
4.837410961044952e-05
5.420811430667527e-05
5.865341518074274e-05
5.209463415667415e-05
5.20683970535174e-05
4.260345303919166e-05
3.96226896555163e-05
4.627585440175608e-05
4.02221194235608e-05
5.2123192290309817e-05
4.3433061364339665e-05
4.8963556764647365e-05
4.871289274888113e-05
4.495806206250563e-05
4.7057394112925977e-05
4.528111094259657e-05
6.413643131963909e-05
4.6957837184891105e-05
4.316632839618251e-05
4.485336830839515e-05
4.943023668602109e-05
3.918151560355909e-05
5.914934445172548e-05
4.19373536715284e-05
5.1512230129446834e-05
5.334202796802856e-05
4.360483217169531e-05
4.623801214620471e-05
3.613373337429948e-05
7.073391316225752e-05
3.070880120503716e-05
3.89444685424678e-05
5.752098513767123e-05
5.5847063777036965e-05
4.7101038944674656e-05
4.912873555440456e-05
4.5439242967404425e-05
4.814556450583041e-05
5.308665276970714e-05
5.0033700972562656e-05
6.966182263568044e-05
5.297620009514503e-05
4.2282368667656556e-05
6.251137529034168e-05
5.42983652849216e-05
4.093616007594392e-05
4.90342135890387e-05
5.7153352827299386e-05
5.079979746369645e-05
5.8316993090556934e-05
6.264883268158883e-05
5.216435238253325e-05
4.9775342631619424e-05
4.562484537018463e-05
4.6713710617041215e-05
4.623767381417565e-05
4.937213088851422e-05
4.765853373100981e-05
5.234975105850026e-05
4.922944572172128e-05
5.861931276740506e-05
4.461784919840284e-05
6.618788029300049e-05
6.286078132688999e-05
4.243707371642813e-05
4.180060204816982e-05
6.23152227490209e-05
5.617333954432979e-05
4.9294892960460857e-05
4.04050515498966e-05
4.462294600671157e-05
4.542102396953851e-05
4.056947000208311e-05
5.1309769332874566e-05
4.3362386350054294e-05
5.728764517698437e-05
4.723545498563908e-05
4.0116872696671635e-05
5.4945652664173394e-05
4.871981218457222e-05
5.0760161684593186e-05
4.097915007150732e-05
5.2577957831090316e-05
5.060867260908708e-05
5.53405043319799e-05
4.774673288920894e-05
4.641546183847822e-05
4.532680759439245e-05
5.637893991661258e-05
5.249741661828011e-05
3.0108823921182193e-05
5.0665243179537356e-05
5.70818992855493e-05
5.768439223174937e-05
4.9772803322412074e-05
4.8094254452735186e-05
5.31385448994115e-05
6.34243042441085e-05
5.0663282308960333e-05
4.2245792428730056e-05
4.874594014836475e-05
4.370295209810138e-05
4.6628199925180525e-05
4.8233356210403144e-05
4.84427873743698e-05
3.805353117058985e-05
4.426085070008412e-05
5.448620140668936e-05
5.4238778830040246e-05
4.2713043512776494e-05
3.650985672720708e-05
5.222320032771677e-05
5.619887087959796e-05
6.028441566741094e-05
5.453945414046757e-05
4.6028719225432724e-05
4.7468503908021376e-05
4.260775676812045e-05
4.859999171458185e-05
4.5561529987026006e-05
4.304605317884125e-05
4.342677857493982e-05
6.0825237596873194e-05
4.954782343702391e-05
4.6077992010395974e-05
4.417063246364705e-05
5.340995267033577e-05
5.945400698692538e-05
5.849421722814441e-05
5.17153566761408e-05
4.7724901378387585e-05
5.164197864360176e-05
4.689224806497805e-05
5.205261550145224e-05
3.7820056604687124e-05
6.678621866740286e-05
4.065658868057653e-05
5.368166239350103e-05
4.94326013722457e-05
3.578058021957986e-05
5.7071483752224594e-05
5.101634451420978e-05
5.0891645514639094e-05
5.094790685689077e-05
5.263950151856989e-05
6.870722427265719e-05
3.99191994802095e-05
5.330473504727706e-05
5.630925443256274e-05
2.82202036032686e-05
5.616492126137018e-05
4.8721645725890994e-05
4.944618194713257e-05
4.393052950035781e-05
5.31675286765676e-05
4.2636347643565387e-05
4.6817272959742695e-05
4.314212856115773e-05
6.201181531650946e-05
4.667366738431156e-05
4.729538704850711e-05
4.607236769516021e-05
4.8812235036166385e-05
4.550677476800047e-05
5.4108822951093316e-05
4.6180688514141366e-05
3.990656477981247e-05
5.8308047300670296e-05
4.49439903604798e-05
4.5290937123354524e-05
5.563300510402769e-05
4.8691948904888704e-05
4.097228520549834e-05
4.642100248020142e-05
6.32336814305745e-05
4.245708987582475e-05
3.524636849761009e-05
5.8289271692046896e-05
4.919194907415658e-05
5.442734618554823e-05
6.24809181317687e-05
5.067892561783083e-05
4.2402545659570023e-05
5.081592098576948e-05
5.0079623179044574e-05
5.481430343934335e-05
5.449472519103438e-05
5.004217382520437e-05
4.762353637488559e-05
5.465292633743957e-05
5.157708073966205e-05
5.191554737393744e-05
4.692533548222855e-05
5.215439523453824e-05
4.473682201933116e-05
4.3311756598996e-05
5.2646108088083565e-05
4.9162175855599344e-05
5.035570211475715e-05
4.021398490294814e-05
5.5575968872290105e-05
4.917893238598481e-05
4.9594462325330824e-05
4.99975576531142e-05
4.300125874578953e-05
4.016620005131699e-05
5.1731272833421826e-05
5.6101322115864605e-05
5.112186772748828e-05
6.125417712610215e-05
3.85473613278009e-05
4.5112556108506396e-05
4.4352673285175115e-05
4.3164553062524647e-05
5.628957660519518e-05
4.7627567255403847e-05
4.466855898499489e-05
4.8592115490464494e-05
4.590324533637613e-05
3.7906716897850856e-05
5.8769168390426785e-05
4.0242575778393075e-05
5.542071448871866e-05
4.301920853322372e-05
4.474430897971615e-05
4.5245153160067275e-05
6.26508699497208e-05
4.553563121589832e-05
4.7978071961551905e-05
4.884791997028515e-05
5.842676910106093e-05
4.1898456402122974e-05
5.0754319090628996e-05
5.1855487981811166e-05
5.165414768271148e-05
5.5833617807365954e-05
5.1146216719644144e-05
6.279002991504967e-05
3.5355544241610914e-05
4.222964707878418e-05
4.868465111940168e-05
6.994524301262572e-05
4.188996535958722e-05
6.534162093885243e-05
4.7042874939506873e-05
5.194372351979837e-05
5.5504468036815524e-05
3.279855809523724e-05
5.914036955800839e-05
4.600924876285717e-05
4.088629793841392e-05
5.2828625484835356e-05
4.938777783536352e-05
5.1125163736287504e-05
4.527515557128936e-05
4.877783794654533e-05
5.684573625330813e-05
4.61140189145226e-05
4.8059031541924924e-05
6.047536589903757e-05
6.083351036068052e-05
5.428888835012913e-05
4.8897109081735834e-05
5.854276241734624e-05
4.051126597914845e-05
3.916125206160359e-05
5.6060704082483426e-05
4.6985354856587946e-05
4.227763565722853e-05
5.192261596675962e-05
4.945825639879331e-05
4.8114794481080025e-05
4.9727255827747285e-05
3.7863937905058265e-05
5.383336974773556e-05
5.3130170272197574e-05
4.821026959689334e-05
4.766118945553899e-05
4.740774238598533e-05
3.6198827729094774e-05
6.358668179018423e-05
5.4856813221704215e-05
4.8626876377966255e-05
6.148415559437126e-05
5.253895142232068e-05
5.353407686925493e-05
5.184251494938508e-05
4.642035491997376e-05
4.690361674875021e-05
6.870602373965085e-05
4.962663660990074e-05
4.8768579290481284e-05
5.180067091714591e-05
4.282579538994469e-05
4.349966911831871e-05
3.8310332456603646e-05
5.152126323082484e-05
6.140918412711471e-05
4.743284443975426e-05
4.469401392270811e-05
3.050453233299777e-05
4.732055094791576e-05
4.8276648158207536e-05
5.455695645650849e-05
4.30392065027263e-05
5.0090653530787677e-05
4.2591418605297804e-05
4.533059836830944e-05
5.318611874827184e-05
4.08944979426451e-05
4.698796692537144e-05
6.953549018362537e-05
5.477995000546798e-05
4.9690956075210124e-05
4.739308496937156e-05
5.642045653075911e-05
5.729550321120769e-05
4.215757508063689e-05
3.594510053517297e-05
4.226376040605828e-05
4.833174898521975e-05
4.6377655962714925e-05
3.9513888623332605e-05
5.162853267393075e-05
5.342718941392377e-05
4.419936522026546e-05
4.899988925899379e-05
4.313740646466613e-05
4.7576155338902026e-05
4.9186866817763075e-05
5.978676927043125e-05
5.7913075579563156e-05
5.2795327064814046e-05
5.6729950301814824e-05
6.00364146521315e-05
4.095187614439055e-05
4.5705699449172243e-05
4.183551936876029e-05
4.693352457252331e-05
4.9907510401681066e-05
4.96072243549861e-05
4.304834874346852e-05
5.130567296873778e-05
5.535495438380167e-05
3.830324567388743e-05
4.212173371342942e-05
5.281539051793516e-05
5.3412371926242486e-05
5.2217987104086205e-05
4.682357393903658e-05
6.510519597213715e-05
5.202251486480236e-05
4.3690444726962596e-05
4.154214184381999e-05
5.573917587753385e-05
4.51068626716733e-05
5.038887320552021e-05
5.116726242704317e-05
4.803394404007122e-05
4.525589611148462e-05
4.626019290299155e-05
4.922251173411496e-05
3.919868322554976e-05
4.8078480176627636e-05
4.177991286269389e-05
5.659216549247503e-05
3.928047226509079e-05
5.2057996072107926e-05
5.527904431801289e-05
5.327709004632197e-05
5.37615705979988e-05
5.1942890422651544e-05
5.064095967100002e-05
5.620905358227901e-05
5.676939326804131e-05
4.696119867730886e-05
5.031155524193309e-05
4.1218088881578296e-05
5.098514520796016e-05
4.5536900870501995e-05
4.430898479768075e-05
5.960893031442538e-05
4.72692190669477e-05
4.947421984979883e-05
5.489782051881775e-05
4.146419814787805e-05
4.440771590452641e-05
4.546919808490202e-05
5.521809362107888e-05
5.703372153220698e-05
4.976827767677605e-05
4.948845162289217e-05
4.584596899803728e-05
5.3114821639610454e-05
4.6647099225083366e-05
5.3702555305790156e-05
4.805092612514272e-05
4.567495852825232e-05
5.559367855312303e-05
5.1356619223952293e-05
3.881232987623662e-05
4.7949790314305574e-05
4.889430420007557e-05
4.421910853125155e-05
5.9230987972114235e-05
4.237610482960008e-05
5.691657861461863e-05
5.820434307679534e-05
4.806318611372262e-05
6.546542135765776e-05
4.762350727105513e-05
3.3541826269356534e-05
6.18213161942549e-05
4.308525240048766e-05
4.1499304643366486e-05
6.0410377045627683e-05
4.452440043678507e-05
4.7624005674151704e-05
5.32208287040703e-05
5.042711927671917e-05
4.4540094677358866e-05
5.40131950401701e-05
3.2740310416556895e-05
5.5850905482657254e-05
4.6342694986378774e-05
4.942491068504751e-05
4.748622086481191e-05
5.2244031394366175e-05
4.851185076404363e-05
5.509165930561721e-05
4.129363878746517e-05
4.900349085801281e-05
4.639935650629923e-05
5.9388075897004455e-05
4.329651710577309e-05
5.538455297937617e-05
4.491833533393219e-05
4.254240047885105e-05
4.572436591843143e-05
5.7274341088486835e-05
5.511792187462561e-05
5.18037959409412e-05
7.109872240107507e-05
6.171259883558378e-05
5.374137981561944e-05
4.4249547499930486e-05
4.040543353767134e-05
5.21289803145919e-05
3.628170816227794e-05
4.87822835566476e-05
4.6051482058828697e-05
5.213030453887768e-05
4.710372377303429e-05
4.384271596791223e-05
4.1047067497856915e-05
4.261807771399617e-05
6.576434680027887e-05
5.175912883714773e-05
4.17958217440173e-05
5.337049515219405e-05
4.879781408817507e-05
3.706547067849897e-05
5.171559678274207e-05
5.102647628518753e-05
3.685901901917532e-05
5.197899736231193e-05
4.676680691773072e-05
6.0156642575748265e-05
5.2272051107138395e-05
5.662134208250791e-05
4.592418554238975e-05
5.7119556004181504e-05
5.6868422689149156e-05
4.495398388826288e-05
5.958760448265821e-05
4.766880374518223e-05
3.8829359255032614e-05
5.370008875615895e-05
4.6480716264341027e-05
4.201695992378518e-05
4.3519423343241215e-05
5.2208844863343984e-05
5.359507122193463e-05
4.8378009523730725e-05
4.896125028608367e-05
4.592524055624381e-05
6.618124461965635e-05
4.5872016926296055e-05
5.793081800220534e-05
4.6880792069714516e-05
5.202681495575234e-05
5.05603602505289e-05
4.504134631133638e-05
4.7880388592602685e-05
3.798300531343557e-05
5.4706193623133004e-05
4.365827771835029e-05
6.369906623149291e-05
4.368686495581642e-05
4.839949542656541e-05
4.755793997901492e-05
5.847204738529399e-05
5.563488230109215e-05
5.006109131500125e-05
4.065412940690294e-05
5.2382918511284515e-05
4.4766871724277735e-05
4.4977823563385755e-05
6.123141065472737e-05
4.9047004722524434e-05
5.211310781305656e-05
4.329693547333591e-05
4.8505677114007995e-05
5.332306318450719e-05
5.0215843657497317e-05
4.1412029531784356e-05
6.36853656033054e-05
4.4155043724458665e-05
4.9324491556035355e-05
4.949556023348123e-05
4.705613901023753e-05
3.8483784010168165e-05
4.967094355379231e-05
5.089095066068694e-05
4.9460490117780864e-05
5.653754124068655e-05
3.7203048123046756e-05
6.0128160839667544e-05
5.353907909011468e-05
4.3373591324780136e-05
4.522462040768005e-05
4.965291736880317e-05
4.193731365376152e-05
4.639209873857908e-05
4.8068686737678945e-05
5.9378970036050305e-05
5.342804070096463e-05
4.732834349852055e-05
5.724671791540459e-05
5.297591269481927e-05
5.19792884006165e-05
4.656061719288118e-05
5.9766513004433364e-05
5.33254788024351e-05
5.311620043357834e-05
6.130820838734508e-05
4.2686824599513784e-05
4.9695281632011756e-05
5.0963244575541466e-05
4.9038098950404674e-05
3.948924859287217e-05
3.454407487879507e-05
5.115933163324371e-05
4.742696910398081e-05
4.768301369040273e-05
4.965317566529848e-05
4.970493682776578e-05
4.174969217274338e-05
3.6825964343734086e-05
5.24528295500204e-05
5.6126078561646864e-05
4.7103741962928325e-05
3.8861606299178675e-05
5.6443856010446325e-05
3.5685407056007534e-05
6.082913023419678e-05
4.542355964076705e-05
5.697825690731406e-05
3.754214776563458e-05
4.98351437272504e-05
5.1198767323512584e-05
5.5835706007201225e-05
5.122498259879649e-05
3.260728044551797e-05
4.282927329768427e-05
4.892288416158408e-05
5.464944842969999e-05
5.516584133147262e-05
4.366179200587794e-05
4.7734334657434374e-05
4.056527541251853e-05
6.920038867974654e-05
4.784965130966157e-05
4.6907476644264534e-05
4.530168735072948e-05
4.086301487404853e-05
5.98424558120314e-05
5.143874659552239e-05
5.689507815986872e-05
4.597989754984155e-05
4.098447971045971e-05
4.3226988054811954e-05
5.418614455265924e-05
4.646338857128285e-05
5.044421413913369e-05
5.036329457652755e-05
4.760295996675268e-05
4.222243296680972e-05
5.1127615734003484e-05
4.448206891538575e-05
4.4131964386906475e-05
5.7867855502991006e-05
5.689453610102646e-05
5.3908916015643626e-05
6.000505527481437e-05
5.433715705294162e-05
5.48845055163838e-05
5.778856575489044e-05
5.591497756540775e-05
5.1247487135697156e-05
5.590657383436337e-05
5.280955519992858e-05
3.604850280680694e-05
5.149028220330365e-05
5.6508753914386034e-05
5.800717190140858e-05
5.669721940648742e-05
4.312945748097263e-05
4.972390161128715e-05
5.140147186466493e-05
6.079301601857878e-05
6.0416590713430196e-05
4.4951193558517843e-05
4.147703657508828e-05
6.172941357363015e-05
4.556425119517371e-05
5.681553011527285e-05
6.192093132995069e-05
4.4230386265553534e-05
4.393046401673928e-05
5.4723692301195115e-05
3.9772450691089034e-05
5.070540646556765e-05
5.3572875913232565e-05
4.3020540033467114e-05
3.581913188099861e-05
3.599500632844865e-05
5.768633127445355e-05
5.850552406627685e-05
5.068347309133969e-05
3.843333979602903e-05
5.3254472732078284e-05
5.6345510529354215e-05
5.0067639676854014e-05
4.6696797653567046e-05
5.525381857296452e-05
4.962722596246749e-05
4.227511817589402e-05
3.968297824030742e-05
4.3910931708524004e-05
4.5804143155692145e-05
4.521095615928061e-05
4.025206726510078e-05
4.936086043016985e-05
6.030615622876212e-05
3.7487192457774654e-05
4.886094029643573e-05
4.946956323692575e-05
4.416485535330139e-05
5.302718636812642e-05
5.810489528812468e-05
4.320273001212627e-05
5.353514279704541e-05
4.852719575865194e-05
4.8994013923220336e-05
5.8071014791494235e-05
5.466646689455956e-05
4.7474284656345844e-05
3.6967780033592135e-05
6.215277971932665e-05
5.16201471327804e-05
3.434110840316862e-05
4.441045530256815e-05
5.4829593864269555e-05
4.634264041669667e-05
6.899842992424965e-05
5.630161831504665e-05
5.8356185036245733e-05
3.4354710805928335e-05
5.2930314268451184e-05
5.5842509027570486e-05
5.149687785888091e-05
3.825992826023139e-05
3.821527570835315e-05
5.500897896126844e-05
4.99906309414655e-05
3.56999080395326e-05
6.281692913034931e-05
4.0737646486377344e-05
4.147841173107736e-05
4.8328649427276105e-05
4.910561256110668e-05
4.708977940026671e-05
3.72570902982261e-05
4.5535074605140835e-05
4.937309131491929e-05
3.4479860914871097e-05
5.062296986579895e-05
5.890050670132041e-05
6.808269245084375e-05
4.927767440676689e-05
4.671202623285353e-05
6.050320735084824e-05
5.160001455806196e-05
4.728360363515094e-05
5.191138916416094e-05
5.4425916459877044e-05
4.1776078433031216e-05
4.0998271288117394e-05
4.31374937761575e-05
4.777485446538776e-05
5.3448835387825966e-05
4.343001637607813e-05
5.2541334298439324e-05
4.938009806210175e-05
5.0733469834085554e-05
4.047611582791433e-05
4.558488944894634e-05
5.169739597477019e-05
5.1816416089423e-05
4.658531179302372e-05
4.439123222255148e-05
5.069294275017455e-05
6.0809914430137724e-05
3.276990173617378e-05
5.6449134717695415e-05
5.339615745469928e-05
4.85618511447683e-05
3.4020067687379196e-05
4.6728659071959555e-05
4.5660977775696665e-05
4.719052230939269e-05
5.41141489520669e-05
4.541371527011506e-05
4.785417695529759e-05
4.079660720890388e-05
5.496296944329515e-05
3.556836963980459e-05
3.47475397575181e-05
6.484493496827781e-05
4.911126961815171e-05
4.898774204775691e-05
5.2893687097821385e-05
4.939172504236922e-05
4.775257912115194e-05
5.783402230008505e-05
5.0029535486828536e-05
5.2047551434952766e-05
5.351594154490158e-05
5.6499069614801556e-05
6.82990939822048e-05
5.891652108402923e-05
5.467218943522312e-05
4.419573087943718e-05
5.42247507837601e-05
5.280097684590146e-05
4.724178143078461e-05
5.2875449910061434e-05
5.4206244385568425e-05
4.624841676559299e-05
4.498893395066261e-05
4.458555849851109e-05
6.203191878739744e-05
5.695799336535856e-05
4.9989055696642026e-05
4.386965883895755e-05
5.824637628393248e-05
5.435006460174918e-05
3.83043588954024e-05
3.760564140975475e-05
6.100278187659569e-05
3.8495691114803776e-05
4.4204192818142474e-05
4.6507026127073914e-05
4.3533320422284305e-05
5.51187913515605e-05
4.79204609291628e-05
5.407238131738268e-05
4.647282912628725e-05
6.193737499415874e-05
5.467854498419911e-05
3.799286059802398e-05
4.3730186007451266e-05
5.354114910005592e-05
5.741039785789326e-05
5.575665272772312e-05
5.865718412678689e-05
4.6754426875850186e-05
5.1878618251066655e-05
4.547633579932153e-05
3.8181329728104174e-05
5.364025491871871e-05
4.8188572691287845e-05
4.6316799853229895e-05
4.355723285698332e-05
6.437194679165259e-05
5.527706161956303e-05
5.2765455620829016e-05
4.36436603195034e-05
5.473031342262402e-05
4.515066393651068e-05
4.4727315980708227e-05
6.552467675646767e-05
3.674459730973467e-05
4.744483521790244e-05
3.876594200846739e-05
5.1950995839433745e-05
4.6778532123425975e-05
4.7126071876846254e-05
4.887147952103987e-05
5.047370359534398e-05
5.857314681634307e-05
4.089134017704055e-05
4.779593291459605e-05
5.033433990320191e-05
4.4626107410294935e-05
4.357699799584225e-05
4.102547973161563e-05
4.3619933421723545e-05
4.5825232518836856e-05
5.255641008261591e-05
4.7492885641986504e-05
4.8665693611837924e-05
5.502217391040176e-05
5.256262011243962e-05
4.841435293201357e-05
5.146713738213293e-05
4.266689938958734e-05
4.797526707989164e-05
5.031387627241202e-05
5.552314542001113e-05
5.14456769451499e-05
6.282788672251627e-05
4.527153942035511e-05
4.823698691325262e-05
5.3798001317773014e-05
4.757384886033833e-05
5.922092532273382e-05
4.82620089314878e-05
3.9379203371936455e-05
4.854474536841735e-05
4.065287430421449e-05
6.66189007461071e-05
3.7427162169478834e-05
5.0567537982715294e-05
4.476542380871251e-05
4.390014510136098e-05
4.5929933548904955e-05
4.7143796109594405e-05
5.30305078427773e-05
6.038043284206651e-05
4.985221676179208e-05
5.307306128088385e-05
5.2349831094034016e-05
4.374450145405717e-05
4.409768735058606e-05
6.210096762515604e-05
5.1943952712463215e-05
3.847648622468114e-05
5.00573733006604e-05
4.7941972297849134e-05
5.538021287065931e-05
4.00950011680834e-05
4.41706579294987e-05
5.459811654873192e-05
5.6201817642431706e-05
4.980131780030206e-05
4.8320816858904436e-05
5.0930684665217996e-05
4.1641607822384685e-05
5.166624760022387e-05
4.137656287639402e-05
6.206484977155924e-05
5.671758117387071e-05
5.351361687644385e-05
5.0478647608542815e-05
5.894877904211171e-05
4.332421667641029e-05
6.224553362699226e-05
3.943697811337188e-05
5.3907591791357845e-05
5.220513412496075e-05
4.367267683846876e-05
3.620240750024095e-05
4.195681685814634e-05
5.740350025007501e-05
4.8426518333144486e-05
5.480770050780848e-05
6.410872447304428e-05
5.1947492465842515e-05
5.390986189013347e-05
5.225823406362906e-05
4.783895565196872e-05
4.6171509893611073e-05
6.239952926989645e-05
3.556792580639012e-05
5.5474458349635825e-05
3.4790726203937083e-05
5.070132465334609e-05
5.198861981625669e-05
4.587216972140595e-05
5.6507826229790226e-05
5.154107202542946e-05
4.641694249585271e-05
4.027673276141286e-05
4.853366772294976e-05
4.3018786527682096e-05
4.883258225163445e-05
5.757208418799564e-05
4.791007813764736e-05
3.4811149816960096e-05
5.394428808358498e-05
4.2679930629674345e-05
4.448838080861606e-05
5.3763451433042064e-05
6.820368435001001e-05
4.51545201940462e-05
5.6372817198280245e-05
6.720126839354634e-05
4.886768147116527e-05
7.676683890167624e-05
5.004248669138178e-05
4.8151698138099164e-05
4.2512223444646224e-05
4.69458318548277e-05
5.193670222070068e-05
5.945980956312269e-05
6.263695831876248e-05
4.330973024480045e-05
5.95111123402603e-05
4.780522431246936e-05
5.01118011015933e-05
5.273862916510552e-05
4.345552224549465e-05
4.523068491835147e-05
4.1276944102719426e-05
6.303840200416744e-05
5.201229214435443e-05
4.928161797579378e-05
4.527803685050458e-05
3.8783498894190416e-05
5.593140303972177e-05
4.0788869227981195e-05
5.398326902650297e-05
3.794900476350449e-05
3.804248626693152e-05
3.7186575355008245e-05
4.8886675358517095e-05
4.9396629037801176e-05
5.125022289576009e-05
5.082202551420778e-05
4.701937723439187e-05
4.582765177474357e-05
4.660496051656082e-05
3.9689588447799906e-05
4.7524881665594876e-05
4.82256400573533e-05
4.125457053305581e-05
